slice,combo_kind,combo_size,combo,n,mean_surplus,median_surplus,bust_or_major_underperform_rate,underperform_rate,positive_surplus_rate,big_overperform_rate,mean_surplus_delta_vs_baseline,bust_rate_delta_vs_baseline,big_overperform_rate_delta_vs_baseline,example_players
xRAPM historical mature,positive,2,feel_iq_passing + shooting,438,0.1400875231258735,-0.04940215977101235,0.3287671232876712,0.5136986301369864,0.4863013698630137,0.3356164383561644,0.052579743908197196,-0.012617739836322361,0.011944940771623336,Nikola Jokić | Draymond Green | Kawhi Leonard | Stephen Curry | Franz Wagner
xRAPM historical mature,positive,2,feel_iq_passing + creation_handle,216,0.14212130332521508,0.1115303799115278,0.3287037037037037,0.4861111111111111,0.5138888888888888,0.3611111111111111,0.05461352410753878,-0.012681159420289856,0.03743961352657005,Kawhi Leonard | Stephen Curry | Immanuel Quickley | Mitchell Robinson | Joel Embiid
xRAPM historical mature,positive,2,feel_iq_passing + finishing_touch,244,0.024161290949058466,-0.0575859788359787,0.3114754098360656,0.5163934426229508,0.48360655737704916,0.319672131147541,-0.06334648826861783,-0.02990945328792799,-0.0039993664370000515,Kawhi Leonard | Franz Wagner | Mitchell Robinson | Desmond Bane | Joel Embiid
xRAPM historical mature,positive,2,feel_iq_passing + athleticism_tools,460,0.15788205358100033,-0.00492575524833575,0.31521739130434784,0.5065217391304347,0.4934782608695652,0.3391304347826087,0.07037427436332402,-0.026167471819645738,0.015458937198067624,Draymond Green | Kawhi Leonard | Herbert Jones | Stephen Curry | Franz Wagner
xRAPM historical mature,positive,2,feel_iq_passing + upside_tools,206,0.07867034812383042,-0.00492575524833575,0.2961165048543689,0.5048543689320388,0.49514563106796117,0.3300970873786408,-0.008837431093845882,-0.045268358269624664,0.00642558979409974,Joel Embiid | Malcolm Brogdon | Nikola Mirotic | Dillon Brooks | Aaron Wiggins
xRAPM historical mature,positive,2,feel_iq_passing + defense,380,0.19463381720333509,0.09384259259259295,0.29473684210526313,0.4868421052631579,0.5131578947368421,0.3631578947368421,0.10712603798565878,-0.046648021018730446,0.03948639715230107,Kawhi Leonard | Herbert Jones | Stephen Curry | Franz Wagner | Immanuel Quickley
xRAPM historical mature,positive,2,feel_iq_passing + motor_competitiveness,339,0.1410188461304319,-0.0012037037037035,0.30973451327433627,0.5014749262536873,0.49852507374631266,0.3303834808259587,0.05351106691275559,-0.03165034984965731,0.006711983241417641,Nikola Jokić | Draymond Green | Kawhi Leonard | Stephen Curry | Franz Wagner
xRAPM historical mature,positive,2,feel_iq_passing + size_frame,326,0.10002627401051517,0.026423131080389,0.3067484662576687,0.4938650306748466,0.5061349693251533,0.3220858895705521,0.012518494792838869,-0.03463639686632486,-0.0015856080139889372,Stephen Curry | Franz Wagner | Paul George | Mitchell Robinson | Desmond Bane
xRAPM historical mature,positive,2,feel_iq_passing + production_stats,359,0.1955730610182202,0.0604761904761903,0.30362116991643456,0.48746518105849584,0.5125348189415042,0.35097493036211697,0.1080652818005439,-0.03776369320755901,0.02730343277757591,Draymond Green | Herbert Jones | Stephen Curry | Franz Wagner | Immanuel Quickley
xRAPM historical mature,positive,2,feel_iq_passing + risk_uncertainty,17,0.5753785340192273,0.2766269841269841,0.11764705882352941,0.47058823529411764,0.5294117647058824,0.4117647058823529,0.48787075480155107,-0.22373780430046417,0.08809320829781186,Bruce Brown | Klay Thompson | OG Anunoby | Montrezl Harrell | Ja Morant
xRAPM historical mature,positive,2,feel_iq_passing + intel_consensus,26,0.22817351044798778,-0.2036021505376343,0.2692307692307692,0.5384615384615384,0.46153846153846156,0.34615384615384615,0.14066573123031148,-0.07215409389322436,0.02248234856930509,Kyle Anderson | Jusuf Nurkić | Donte DiVincenzo | CJ McCollum | Cameron Johnson
xRAPM historical mature,positive,2,feel_iq_passing + other,13,-0.36631427863294785,-0.3833730158730155,0.38461538461538464,0.5384615384615384,0.46153846153846156,0.07692307692307693,-0.4538220578506241,0.04323052149139106,-0.24674842066146413,Kyle Singler | Elfrid Payton | Will Barton | Mike Scott | Reggie Bullock Jr.
xRAPM historical mature,positive,2,shooting + creation_handle,237,0.06170244303144393,-0.0389682539682539,0.35443037974683544,0.510548523206751,0.48945147679324896,0.33755274261603374,-0.025805336186232368,0.013045516622841868,0.013881245031492684,Kawhi Leonard | Stephen Curry | Immanuel Quickley | Mitchell Robinson | Joel Embiid
xRAPM historical mature,positive,2,shooting + finishing_touch,288,-0.09302241008514042,-0.17801988463873697,0.3680555555555556,0.5694444444444444,0.4305555555555556,0.2951388888888889,-0.18053018930281672,0.026670692431562004,-0.028532608695652162,Kawhi Leonard | Franz Wagner | Rudy Gobert | Mitchell Robinson | Desmond Bane
xRAPM historical mature,positive,2,shooting + athleticism_tools,550,0.07803990174372646,-0.15266837826273,0.34363636363636363,0.5309090909090909,0.4690909090909091,0.32545454545454544,-0.009467877473949837,0.0022515005123700527,0.001783047870004384,Draymond Green | Kawhi Leonard | Stephen Curry | Franz Wagner | Immanuel Quickley
xRAPM historical mature,positive,2,shooting + upside_tools,245,-0.08831968557294667,-0.1776587301587302,0.3510204081632653,0.5551020408163265,0.4448979591836735,0.2979591836734694,-0.17582746479062297,0.00963554503927172,-0.02571231391107165,Rudy Gobert | Joel Embiid | Malcolm Brogdon | Nikola Mirotic | Dillon Brooks
xRAPM historical mature,positive,2,shooting + defense,444,0.12367789247825506,-0.03396825396825385,0.31756756756756754,0.509009009009009,0.49099099099099097,0.35135135135135137,0.03617011326057876,-0.023817295556426032,0.027679853766810314,Kawhi Leonard | Stephen Curry | Franz Wagner | Immanuel Quickley | Rudy Gobert
xRAPM historical mature,positive,2,shooting + motor_competitiveness,394,0.067569340952287,-0.1558245614035089,0.3477157360406091,0.5304568527918782,0.46954314720812185,0.3223350253807107,-0.019938438265389297,0.006330872916615549,-0.0013364722038303745,Nikola Jokić | Draymond Green | Kawhi Leonard | Stephen Curry | Franz Wagner
xRAPM historical mature,positive,2,shooting + size_frame,379,0.013250429035620905,-0.1558245614035089,0.33773087071240104,0.5329815303430079,0.46701846965699206,0.3034300791556728,-0.0742573501820554,-0.0036539924115925326,-0.02024141842886823,Stephen Curry | Franz Wagner | Rudy Gobert | Paul George | Mitchell Robinson
xRAPM historical mature,positive,2,shooting + production_stats,420,0.09929840457635022,-0.1016519457245265,0.3404761904761905,0.5238095238095238,0.47619047619047616,0.3333333333333333,0.011790625358673923,-0.0009086726478030882,0.009661835748792258,Draymond Green | Stephen Curry | Franz Wagner | Immanuel Quickley | Paul George
xRAPM historical mature,positive,2,shooting + risk_uncertainty,20,0.367628008281765,-0.016587301587301498,0.2,0.55,0.45,0.4,0.28012022906408873,-0.14138486312399356,0.07632850241545897,Bruce Brown | Klay Thompson | OG Anunoby | Montrezl Harrell | Cory Jefferson
xRAPM historical mature,positive,2,shooting + intel_consensus,29,0.0819080863847567,-0.279512195121951,0.3448275862068966,0.5862068965517241,0.41379310344827586,0.3103448275862069,-0.005599692832919598,0.0034427230829029987,-0.01332666999833415,Donovan Mitchell | Kyle Anderson | Jusuf Nurkić | Donte DiVincenzo | CJ McCollum
xRAPM historical mature,positive,2,shooting + other,16,-0.6174092919955673,-0.6224941927990709,0.5,0.625,0.375,0.0625,-0.7049170712132435,0.15861513687600642,-0.26117149758454106,Kyle Singler | Elfrid Payton | Will Barton | Mike Scott | Reggie Bullock Jr.
xRAPM historical mature,positive,2,creation_handle + finishing_touch,152,-0.10215254109391869,-0.05988095238095225,0.3618421052631579,0.5197368421052632,0.48026315789473684,0.3157894736842105,-0.189660320311595,0.020457242139164333,-0.007882023900330548,Kawhi Leonard | Mitchell Robinson | Joel Embiid | Jayson Tatum | Ricky Rubio
xRAPM historical mature,positive,2,creation_handle + athleticism_tools,244,0.08449274168035222,-0.0016045407233932,0.3442622950819672,0.5,0.5,0.3483606557377049,-0.003015037537324086,0.0028774319579736307,0.02468915815316386,Kawhi Leonard | Stephen Curry | Immanuel Quickley | Mitchell Robinson | Joel Embiid
xRAPM historical mature,positive,2,creation_handle + upside_tools,121,-0.03671020723699778,-0.0056451612903223,0.34710743801652894,0.5041322314049587,0.49586776859504134,0.32231404958677684,-0.12421798645467408,0.005722574892535359,-0.0013574479977642162,Joel Embiid | Malcolm Brogdon | Nikola Mirotic | Dillon Brooks | Tyrese Haliburton
xRAPM historical mature,positive,2,creation_handle + defense,203,0.18315387521085652,0.1810317460317458,0.31527093596059114,0.4630541871921182,0.5369458128078818,0.3891625615763547,0.09564609599318022,-0.02611392716340244,0.06549106399181365,Kawhi Leonard | Stephen Curry | Immanuel Quickley | Mitchell Robinson | Joel Embiid
xRAPM historical mature,positive,2,creation_handle + motor_competitiveness,191,0.06282312004896107,0.0604761904761903,0.3612565445026178,0.49214659685863876,0.5078534031413613,0.35602094240837695,-0.024684659168715234,0.019871681378624217,0.03234944482383589,Kawhi Leonard | Stephen Curry | Immanuel Quickley | Mitchell Robinson | Joel Embiid
xRAPM historical mature,positive,2,creation_handle + size_frame,180,0.026016204226232256,0.07084656084656114,0.34444444444444444,0.4888888888888889,0.5111111111111111,0.3333333333333333,-0.061491574991444045,0.003059581320450866,0.009661835748792258,Stephen Curry | Mitchell Robinson | Joel Embiid | Malcolm Brogdon | Jayson Tatum
xRAPM historical mature,positive,2,creation_handle + production_stats,198,0.11175043457787442,0.0903200624512099,0.3333333333333333,0.48484848484848486,0.5151515151515151,0.35858585858585856,0.024242655360198123,-0.008051529790660261,0.034914361001317507,Stephen Curry | Immanuel Quickley | Mitchell Robinson | Joel Embiid | Malcolm Brogdon
xRAPM historical mature,positive,2,creation_handle + intel_consensus,15,-0.07202824714115034,-0.5412037037037036,0.4666666666666667,0.5333333333333333,0.4666666666666667,0.3333333333333333,-0.15953602635882663,0.1252818035426731,0.009661835748792258,Kyle Anderson | CJ McCollum | Rodney Hood | Gary Harris | Jon Brockman
xRAPM historical mature,positive,2,finishing_touch + athleticism_tools,309,-0.04900428042442082,-0.1558245614035089,0.34951456310679613,0.5533980582524272,0.44660194174757284,0.3042071197411003,-0.13651205964209712,0.008129699982802552,-0.01946437784344074,Kawhi Leonard | Franz Wagner | Rudy Gobert | Mitchell Robinson | Desmond Bane
xRAPM historical mature,positive,2,finishing_touch + upside_tools,159,-0.10381563186953091,-0.1558245614035089,0.3333333333333333,0.5534591194968553,0.44654088050314467,0.29559748427672955,-0.1913234110872072,-0.008051529790660261,-0.028074013307811507,Rudy Gobert | Joel Embiid | Nikola Mirotic | Dillon Brooks | Chase Budinger
xRAPM historical mature,positive,2,finishing_touch + defense,264,0.017657637529700627,-0.07849867724867704,0.3181818181818182,0.5151515151515151,0.48484848484848486,0.32575757575757575,-0.06985014168797568,-0.0232030449421754,0.002086078173034689,Kawhi Leonard | Franz Wagner | Rudy Gobert | Mitchell Robinson | Desmond Bane
xRAPM historical mature,positive,2,finishing_touch + motor_competitiveness,251,-0.055623420848476046,-0.1495121951219511,0.3386454183266932,0.5298804780876494,0.4701195219123506,0.30677290836653387,-0.14313120006615235,-0.002739444797300372,-0.016898589218007187,Kawhi Leonard | Franz Wagner | Rudy Gobert | Mitchell Robinson | Joel Embiid
xRAPM historical mature,positive,2,finishing_touch + size_frame,235,-0.07215183051063383,-0.1558245614035089,0.3446808510638298,0.5404255319148936,0.4595744680851064,0.2978723404255319,-0.15965960972831011,0.003295987939836209,-0.025799157159009156,Franz Wagner | Rudy Gobert | Mitchell Robinson | Desmond Bane | Joel Embiid
xRAPM historical mature,positive,2,finishing_touch + production_stats,248,-0.12429027647601713,-0.16533031348863975,0.3588709677419355,0.5524193548387096,0.4475806451612903,0.29435483870967744,-0.21179805569369342,0.017486104617941922,-0.02931665887486362,Franz Wagner | Mitchell Robinson | Desmond Bane | Joel Embiid | Jayson Tatum
xRAPM historical mature,positive,2,finishing_touch + intel_consensus,12,-0.5099764537207246,-0.892083333333333,0.5833333333333334,0.6666666666666666,0.3333333333333333,0.25,-0.5974842329384009,0.2419484702093398,-0.07367149758454106,Jusuf Nurkić | Goga Bitadze | Jon Brockman | Jerian Grant | Corey Kispert
xRAPM historical mature,positive,2,athleticism_tools + upside_tools,262,-0.069691087132484,-0.1742191080557024,0.3473282442748092,0.549618320610687,0.45038167938931295,0.3053435114503817,-0.15719886635016028,0.005943381150815608,-0.01832798613415937,Rudy Gobert | Joel Embiid | Malcolm Brogdon | Nikola Mirotic | Dillon Brooks
xRAPM historical mature,positive,2,athleticism_tools + defense,481,0.15386832078046336,-0.0012037037037035,0.3076923076923077,0.501039501039501,0.498960498960499,0.3575883575883576,0.06636054156278706,-0.03369255543168587,0.03391686000381655,Kawhi Leonard | Herbert Jones | Stephen Curry | Franz Wagner | Immanuel Quickley
xRAPM historical mature,positive,2,athleticism_tools + motor_competitiveness,419,0.05283126340154236,-0.1495121951219511,0.33890214797136037,0.5250596658711217,0.47494033412887826,0.3221957040572792,-0.03467651581613394,-0.002482715152633208,-0.0014757935272618483,Draymond Green | Kawhi Leonard | Stephen Curry | Franz Wagner | Immanuel Quickley
xRAPM historical mature,positive,2,athleticism_tools + size_frame,409,0.011387214282336895,-0.1558245614035089,0.3374083129584352,0.5281173594132029,0.4718826405867971,0.3056234718826406,-0.0761205649353394,-0.003976550165558368,-0.01804802570190045,Stephen Curry | Franz Wagner | Rudy Gobert | Paul George | Mitchell Robinson
xRAPM historical mature,positive,2,athleticism_tools + production_stats,446,0.11990470028140221,-0.0630074636811942,0.33183856502242154,0.5134529147982063,0.48654708520179374,0.33856502242152464,0.03239692106372591,-0.009546298101572037,0.014893524836983585,Draymond Green | Herbert Jones | Stephen Curry | Franz Wagner | Immanuel Quickley
xRAPM historical mature,positive,2,athleticism_tools + risk_uncertainty,22,0.26891326871213844,-0.016587301587301498,0.22727272727272727,0.5454545454545454,0.45454545454545453,0.36363636363636365,0.18140548949446214,-0.11411213585126631,0.03996486605182259,Bruce Brown | Klay Thompson | OG Anunoby | Montrezl Harrell | Cory Jefferson
xRAPM historical mature,positive,2,athleticism_tools + intel_consensus,32,0.05565748136264928,-0.2667402245451025,0.34375,0.59375,0.40625,0.3125,-0.03185029785502702,0.002365136876006424,-0.011171497584541057,Donovan Mitchell | Kyle Anderson | Jusuf Nurkić | Donte DiVincenzo | CJ McCollum
xRAPM historical mature,positive,2,athleticism_tools + other,16,-0.6174092919955673,-0.6224941927990709,0.5,0.625,0.375,0.0625,-0.7049170712132435,0.15861513687600642,-0.26117149758454106,Kyle Singler | Elfrid Payton | Will Barton | Mike Scott | Reggie Bullock Jr.
xRAPM historical mature,positive,2,upside_tools + defense,222,0.02712381947510132,-0.0630074636811942,0.3108108108108108,0.5180180180180181,0.481981981981982,0.33783783783783783,-0.06038395974257498,-0.030574052313182776,0.014166340253296772,Rudy Gobert | Joel Embiid | Malcolm Brogdon | Nikola Mirotic | Aaron Wiggins
xRAPM historical mature,positive,2,upside_tools + motor_competitiveness,192,-0.1536768979830231,-0.18292210701484912,0.3489583333333333,0.5520833333333334,0.4479166666666667,0.2916666666666667,-0.2411846772006994,0.007573470209339739,-0.03200483091787437,Rudy Gobert | Joel Embiid | Malcolm Brogdon | Aaron Wiggins | Chase Budinger
xRAPM historical mature,positive,2,upside_tools + size_frame,196,-0.1339582431677003,-0.18292210701484912,0.35714285714285715,0.5459183673469388,0.45408163265306123,0.29591836734693877,-0.2214660223853766,0.015757994018863575,-0.027753130237602286,Rudy Gobert | Joel Embiid | Malcolm Brogdon | Nikola Mirotic | Khris Middleton
xRAPM historical mature,positive,2,upside_tools + production_stats,214,-0.019889475107926106,-0.09092443249701296,0.32710280373831774,0.5233644859813084,0.4766355140186916,0.3177570093457944,-0.1073972543256024,-0.014282059385675838,-0.005914488238746685,Joel Embiid | Malcolm Brogdon | Dillon Brooks | Aaron Wiggins | Chase Budinger
xRAPM historical mature,positive,2,upside_tools + risk_uncertainty,16,0.5401321803605604,0.13621031746031745,0.125,0.5,0.5,0.375,0.45262440114288416,-0.21638486312399358,0.05132850241545894,Bruce Brown | OG Anunoby | Montrezl Harrell | Ja Morant | Cody Zeller
xRAPM historical mature,positive,2,upside_tools + intel_consensus,12,-0.3266068583944927,-0.3975859788359788,0.3333333333333333,0.6666666666666666,0.3333333333333333,0.16666666666666666,-0.41411463761216905,-0.008051529790660261,-0.1570048309178744,Donte DiVincenzo | Gary Harris | Dario Saric | Alec Peters | Jaren Jackson Jr.
xRAPM historical mature,positive,2,defense + motor_competitiveness,352,0.09115035878890546,0.020597840228987647,0.3210227272727273,0.4971590909090909,0.5028409090909091,0.34375,0.003642579571229154,-0.020362135851266283,0.020078502415458943,Kawhi Leonard | Stephen Curry | Franz Wagner | Immanuel Quickley | Rudy Gobert
xRAPM historical mature,positive,2,defense + size_frame,338,0.07551455381761431,-0.015085978835978649,0.3136094674556213,0.5029585798816568,0.4970414201183432,0.3343195266272189,-0.011993225400061994,-0.027775395668372282,0.010648029042677865,Stephen Curry | Franz Wagner | Rudy Gobert | Paul George | Mitchell Robinson
xRAPM historical mature,positive,2,defense + production_stats,367,0.16226301025359732,0.0410317460317459,0.3079019073569482,0.49591280653950953,0.5040871934604905,0.36239782016348776,0.07475523103592102,-0.03348295576704535,0.038726322578946704,Herbert Jones | Stephen Curry | Franz Wagner | Immanuel Quickley | Paul George
xRAPM historical mature,positive,2,defense + risk_uncertainty,19,0.427064992397247,0.2766269841269841,0.21052631578947367,0.47368421052631576,0.5263157894736842,0.42105263157894735,0.33955721317957066,-0.1308585473345199,0.09738113399440629,Bruce Brown | Klay Thompson | OG Anunoby | Montrezl Harrell | Cory Jefferson
xRAPM historical mature,positive,2,defense + intel_consensus,25,0.05630203299120708,-0.2539682539682539,0.32,0.6,0.4,0.36,-0.031205746226469225,-0.02138486312399357,0.03632850241545893,Donovan Mitchell | Kyle Anderson | Donte DiVincenzo | CJ McCollum | Cameron Johnson
xRAPM historical mature,positive,2,defense + other,12,-0.6701884309213675,-0.6224941927990709,0.5,0.6666666666666666,0.3333333333333333,0.0,-0.7576962101390438,0.15861513687600642,-0.32367149758454106,Elfrid Payton | Will Barton | Mike Scott | Skal Labissiere | Rui Hachimura
xRAPM historical mature,positive,2,motor_competitiveness + size_frame,303,-0.022475350496613686,-0.1495121951219511,0.33993399339933994,0.5247524752475248,0.4752475247524752,0.297029702970297,-0.10998312971428999,-0.0014508697246536362,-0.02664179461424404,Stephen Curry | Franz Wagner | Rudy Gobert | Mitchell Robinson | Joel Embiid
xRAPM historical mature,positive,2,motor_competitiveness + production_stats,341,0.028259072161184513,-0.1198360655737704,0.34017595307917886,0.5278592375366569,0.47214076246334313,0.3196480938416422,-0.05924870705649179,-0.001208910044814715,-0.0040234037428988345,Draymond Green | Stephen Curry | Franz Wagner | Immanuel Quickley | Mitchell Robinson
xRAPM historical mature,positive,2,motor_competitiveness + risk_uncertainty,19,0.3670942321633289,-0.0042063492063492,0.21052631578947367,0.5263157894736842,0.47368421052631576,0.3684210526315789,0.27958645294565265,-0.1308585473345199,0.04474955504703787,Bruce Brown | Klay Thompson | Montrezl Harrell | Cory Jefferson | Ja Morant
xRAPM historical mature,positive,2,motor_competitiveness + intel_consensus,24,-0.227089299114465,-0.4026340821696016,0.375,0.7083333333333334,0.2916666666666667,0.25,-0.3145970783321413,0.033615136876006424,-0.07367149758454106,Donovan Mitchell | Jusuf Nurkić | CJ McCollum | Gary Harris | Goga Bitadze
xRAPM historical mature,positive,2,motor_competitiveness + other,15,-0.6075381654301923,-0.4795121951219512,0.4666666666666667,0.6,0.4,0.06666666666666667,-0.6950459446478686,0.1252818035426731,-0.2570048309178744,Kyle Singler | Elfrid Payton | Will Barton | Mike Scott | Reggie Bullock Jr.
xRAPM historical mature,positive,2,size_frame + production_stats,323,0.03983882218587089,-0.0661788617886176,0.32507739938080493,0.5139318885448917,0.48606811145510836,0.3126934984520124,-0.04766895703180541,-0.016307463743188644,-0.01097799913252867,Stephen Curry | Franz Wagner | Paul George | Mitchell Robinson | Desmond Bane
xRAPM historical mature,positive,2,size_frame + risk_uncertainty,20,0.31507509822885493,0.12382936507936515,0.25,0.5,0.5,0.4,0.22756731901117863,-0.09138486312399358,0.07632850241545897,Bruce Brown | Klay Thompson | OG Anunoby | Montrezl Harrell | Cory Jefferson
xRAPM historical mature,positive,2,size_frame + intel_consensus,28,-0.08173980740423532,-0.32967413034786086,0.35714285714285715,0.6428571428571429,0.35714285714285715,0.2857142857142857,-0.16924758662191164,0.015757994018863575,-0.03795721187025536,Donovan Mitchell | Kyle Anderson | Jusuf Nurkić | Cameron Johnson | Rodney Hood
xRAPM historical mature,positive,2,size_frame + other,15,-0.5259349908270179,-0.4795121951219512,0.4666666666666667,0.6,0.4,0.06666666666666667,-0.6134427700446942,0.1252818035426731,-0.2570048309178744,Kyle Singler | Elfrid Payton | Will Barton | Mike Scott | Reggie Bullock Jr.
xRAPM historical mature,positive,2,production_stats + risk_uncertainty,21,0.31409180844003887,-0.0042063492063492,0.23809523809523808,0.5238095238095238,0.47619047619047616,0.38095238095238093,0.22658402922236257,-0.1032896250287555,0.057280883367839874,Bruce Brown | Klay Thompson | OG Anunoby | Montrezl Harrell | Cory Jefferson
xRAPM historical mature,positive,2,production_stats + intel_consensus,28,0.043758373050742386,-0.2667402245451025,0.32142857142857145,0.6071428571428571,0.39285714285714285,0.32142857142857145,-0.043749406166933916,-0.019956291695422124,-0.0022429261559696045,Donovan Mitchell | Kyle Anderson | Donte DiVincenzo | CJ McCollum | Cameron Johnson
xRAPM historical mature,positive,2,production_stats + other,15,-0.5259349908270179,-0.4795121951219512,0.4666666666666667,0.6,0.4,0.06666666666666667,-0.6134427700446942,0.1252818035426731,-0.2570048309178744,Kyle Singler | Elfrid Payton | Will Barton | Mike Scott | Reggie Bullock Jr.
xRAPM historical top15,positive,2,feel_iq_passing + shooting,143,0.17427963546874053,0.1745238095238093,0.2937062937062937,0.45454545454545453,0.5454545454545454,0.3706293706293706,0.05952752766173851,-0.0035910035910036164,0.019278019278019254,Kawhi Leonard | Stephen Curry | Franz Wagner | Paul George | Joel Embiid
xRAPM historical top15,positive,2,feel_iq_passing + creation_handle,97,0.1363414774257069,0.2745238095238095,0.3402061855670103,0.422680412371134,0.5773195876288659,0.3917525773195876,0.021589369618704876,0.04290888826971301,0.040401225968236254,Kawhi Leonard | Stephen Curry | Joel Embiid | Jayson Tatum | Ricky Rubio
xRAPM historical top15,positive,2,feel_iq_passing + finishing_touch,96,0.03526666765982642,0.1169973544973548,0.28125,0.4583333333333333,0.5416666666666666,0.3333333333333333,-0.07948544014717561,-0.016047297297297314,-0.018018018018018056,Kawhi Leonard | Franz Wagner | Joel Embiid | Jayson Tatum | Ricky Rubio
xRAPM historical top15,positive,2,feel_iq_passing + athleticism_tools,149,0.19144854235865333,0.1745238095238093,0.2751677852348993,0.44966442953020136,0.5503355704697986,0.3691275167785235,0.0766964345516513,-0.022129512062397994,0.01777616542717214,Kawhi Leonard | Stephen Curry | Franz Wagner | Paul George | Joel Embiid
xRAPM historical top15,positive,2,feel_iq_passing + upside_tools,80,-0.12903516719059083,0.022476147107294703,0.3,0.4875,0.5125,0.3,-0.24378727499759284,0.002702702702702675,-0.05135135135135138,Joel Embiid | Tyrese Haliburton | Michael Porter Jr. | Jamal Murray | Karl-Anthony Towns
xRAPM historical top15,positive,2,feel_iq_passing + defense,131,0.23170377074822787,0.1810317460317458,0.25190839694656486,0.4351145038167939,0.5648854961832062,0.3816793893129771,0.11695166294122585,-0.04538890035073245,0.030328037961625753,Kawhi Leonard | Stephen Curry | Franz Wagner | Paul George | Joel Embiid
xRAPM historical top15,positive,2,feel_iq_passing + motor_competitiveness,125,0.18097052937418656,0.1810317460317458,0.256,0.44,0.56,0.376,0.06621842156718453,-0.04129729729729731,0.02464864864864863,Kawhi Leonard | Stephen Curry | Franz Wagner | Joel Embiid | Jayson Tatum
xRAPM historical top15,positive,2,feel_iq_passing + size_frame,118,0.16421042374791606,0.20011904761904759,0.288135593220339,0.4322033898305085,0.5677966101694916,0.3728813559322034,0.04945831594091403,-0.009161704076958321,0.021530004580852025,Stephen Curry | Franz Wagner | Paul George | Joel Embiid | Jayson Tatum
xRAPM historical top15,positive,2,feel_iq_passing + production_stats,132,0.17876875701513328,0.17777777777777753,0.2803030303030303,0.44696969696969696,0.553030303030303,0.3787878787878788,0.06401664920813126,-0.016994266994267038,0.027436527436527414,Stephen Curry | Franz Wagner | Paul George | Joel Embiid | Jayson Tatum
xRAPM historical top15,positive,2,feel_iq_passing + intel_consensus,14,-0.12881162080555822,-0.3169021597710123,0.35714285714285715,0.7142857142857143,0.2857142857142857,0.2857142857142857,-0.24356372861256026,0.05984555984555984,-0.06563706563706567,Kyle Anderson | CJ McCollum | Rodney Hood | Gary Harris | Jaren Jackson Jr.
xRAPM historical top15,positive,2,shooting + creation_handle,105,0.03401335344892274,0.2366269841269843,0.38095238095238093,0.44761904761904764,0.5523809523809524,0.37142857142857144,-0.08073875435807928,0.08365508365508362,0.02007722007722007,Kawhi Leonard | Stephen Curry | Joel Embiid | Jayson Tatum | Ricky Rubio
xRAPM historical top15,positive,2,shooting + finishing_touch,109,-0.09486705634047964,0.0001639344262294,0.3302752293577982,0.4954128440366973,0.5045871559633027,0.30275229357798167,-0.20961916414748166,0.03297793206050087,-0.0485990577733697,Kawhi Leonard | Franz Wagner | Joel Embiid | Jayson Tatum | Ricky Rubio
xRAPM historical top15,positive,2,shooting + athleticism_tools,173,0.12977996151370308,0.1201639344262295,0.30057803468208094,0.4624277456647399,0.5375722543352601,0.3583815028901734,0.015027853706701053,0.0032807373847836274,0.007030151538822027,Kawhi Leonard | Stephen Curry | Franz Wagner | Paul George | Joel Embiid
xRAPM historical top15,positive,2,shooting + upside_tools,91,-0.3142088137933439,-0.0661788617886176,0.3626373626373626,0.5274725274725275,0.4725274725274725,0.27472527472527475,-0.42896092160034593,0.06534006534006531,-0.07662607662607662,Joel Embiid | Tyrese Haliburton | Michael Porter Jr. | Jamal Murray | Karl-Anthony Towns
xRAPM historical top15,positive,2,shooting + defense,148,0.157666351229813,0.14366662329777075,0.27702702702702703,0.4527027027027027,0.5472972972972973,0.36486486486486486,0.042914243422810985,-0.020270270270270285,0.013513513513513487,Kawhi Leonard | Stephen Curry | Franz Wagner | Paul George | Joel Embiid
xRAPM historical top15,positive,2,shooting + motor_competitiveness,144,0.08309481190598242,0.14366662329777075,0.2916666666666667,0.4652777777777778,0.5347222222222222,0.3611111111111111,-0.03165729590101961,-0.005630630630630629,0.009759759759759734,Kawhi Leonard | Stephen Curry | Franz Wagner | Joel Embiid | Jayson Tatum
xRAPM historical top15,positive,2,shooting + size_frame,137,0.10399813438082081,0.1745238095238093,0.30656934306569344,0.45255474452554745,0.5474452554744526,0.35766423357664234,-0.010753973426181215,0.009272045768396131,0.006312882225290972,Stephen Curry | Franz Wagner | Paul George | Joel Embiid | Jayson Tatum
xRAPM historical top15,positive,2,shooting + production_stats,153,0.15291616546379877,0.167169312169312,0.3006535947712418,0.45751633986928103,0.5424836601307189,0.37254901960784315,0.03816405765679674,0.003356297473944503,0.021197668256491775,Stephen Curry | Franz Wagner | Paul George | Joel Embiid | Jayson Tatum
xRAPM historical top15,positive,2,shooting + intel_consensus,15,0.021973982859493073,-0.3798360655737707,0.4,0.6666666666666666,0.3333333333333333,0.3333333333333333,-0.09277812494750895,0.10270270270270271,-0.018018018018018056,Donovan Mitchell | Kyle Anderson | CJ McCollum | Rodney Hood | Gary Harris
xRAPM historical top15,positive,2,creation_handle + finishing_touch,72,-0.1612693873352406,0.1473438719750194,0.375,0.4722222222222222,0.5277777777777778,0.3194444444444444,-0.2760214951422426,0.07770270270270269,-0.03190690690690695,Kawhi Leonard | Joel Embiid | Jayson Tatum | Ricky Rubio | Jamal Murray
xRAPM historical top15,positive,2,creation_handle + athleticism_tools,109,0.062090068404148886,0.2557936507936509,0.3669724770642202,0.44036697247706424,0.5596330275229358,0.3761467889908257,-0.05266203940285314,0.06967517976692289,0.024795437639474338,Kawhi Leonard | Stephen Curry | Joel Embiid | Jayson Tatum | Ricky Rubio
xRAPM historical top15,positive,2,creation_handle + upside_tools,57,-0.35831149720473104,0.0001639344262294,0.42105263157894735,0.49122807017543857,0.5087719298245614,0.2807017543859649,-0.47306360501173306,0.12375533428165003,-0.07064959696538647,Joel Embiid | Tyrese Haliburton | Jamal Murray | Karl-Anthony Towns | Marcus Smart
xRAPM historical top15,positive,2,creation_handle + defense,91,0.1114448204970661,0.2745238095238095,0.34065934065934067,0.4175824175824176,0.5824175824175825,0.3956043956043956,-0.00330728730993593,0.043362043362043357,0.044253044253044216,Kawhi Leonard | Stephen Curry | Joel Embiid | Jayson Tatum | Ricky Rubio
xRAPM historical top15,positive,2,creation_handle + motor_competitiveness,91,0.1003079398678533,0.3058730158730161,0.3516483516483517,0.4175824175824176,0.5824175824175825,0.4065934065934066,-0.014444167939148725,0.05435105435105436,0.05524205524205522,Kawhi Leonard | Stephen Curry | Joel Embiid | Jayson Tatum | Ricky Rubio
xRAPM historical top15,positive,2,creation_handle + size_frame,92,0.10090197171166797,0.27557539682539695,0.34782608695652173,0.41304347826086957,0.5869565217391305,0.391304347826087,-0.013850136095334059,0.050528789659224416,0.0399529964747356,Stephen Curry | Joel Embiid | Jayson Tatum | Ricky Rubio | Tyrese Haliburton
xRAPM historical top15,positive,2,creation_handle + production_stats,96,0.012137877253305895,0.20882936507936506,0.375,0.4479166666666667,0.5520833333333334,0.375,-0.10261423055369613,0.07770270270270269,0.02364864864864863,Stephen Curry | Joel Embiid | Jayson Tatum | Ricky Rubio | Tyrese Haliburton
xRAPM historical top15,positive,2,finishing_touch + athleticism_tools,114,-0.07094461821515191,0.020597840228987647,0.3157894736842105,0.49122807017543857,0.5087719298245614,0.30701754385964913,-0.18569672602215392,0.018492176386913195,-0.04433380749170224,Kawhi Leonard | Franz Wagner | Joel Embiid | Jayson Tatum | Ricky Rubio
xRAPM historical top15,positive,2,finishing_touch + upside_tools,65,-0.29435571986233,-0.0289682539682538,0.35384615384615387,0.5076923076923077,0.49230769230769234,0.2923076923076923,-0.409107827669332,0.05654885654885655,-0.05904365904365905,Joel Embiid | Michael Porter Jr. | Jamal Murray | Karl-Anthony Towns | Evan Mobley
xRAPM historical top15,positive,2,finishing_touch + defense,101,-0.006488889141660926,0.0501639344262294,0.27722772277227725,0.46534653465346537,0.5346534653465347,0.31683168316831684,-0.12124099694866296,-0.020069574525020062,-0.034519668183034535,Kawhi Leonard | Franz Wagner | Joel Embiid | Jayson Tatum | Ricky Rubio
xRAPM historical top15,positive,2,finishing_touch + motor_competitiveness,101,-0.046919157206869885,0.04478835978836,0.3069306930693069,0.4752475247524752,0.5247524752475248,0.31683168316831684,-0.1616712650138719,0.009633395772009612,-0.034519668183034535,Kawhi Leonard | Franz Wagner | Joel Embiid | Jayson Tatum | Ricky Rubio
xRAPM historical top15,positive,2,finishing_touch + size_frame,94,-0.04702015543461047,0.1169973544973548,0.2978723404255319,0.4574468085106383,0.5425531914893617,0.3191489361702128,-0.16177226324161248,0.0005750431282345869,-0.03220241518113859,Franz Wagner | Joel Embiid | Jayson Tatum | Ricky Rubio | Michael Porter Jr.
xRAPM historical top15,positive,2,finishing_touch + production_stats,100,-0.1182882165038063,0.020597840228987647,0.32,0.49,0.51,0.31,-0.23304032431080834,0.022702702702702693,-0.04135135135135137,Franz Wagner | Joel Embiid | Jayson Tatum | Ricky Rubio | John Collins
xRAPM historical top15,positive,2,athleticism_tools + upside_tools,97,-0.31365759620775535,-0.0807936507936506,0.36082474226804123,0.5360824742268041,0.4639175257731959,0.26804123711340205,-0.42840970401475736,0.06352744497074392,-0.08331011423794932,Joel Embiid | Tyrese Haliburton | Michael Porter Jr. | Jamal Murray | Karl-Anthony Towns
xRAPM historical top15,positive,2,athleticism_tools + defense,157,0.1455101965995047,0.1197883597883602,0.267515923566879,0.4585987261146497,0.5414012738853503,0.35668789808917195,0.030758088792502677,-0.029781373730418337,0.00533654673782058,Kawhi Leonard | Stephen Curry | Franz Wagner | Paul George | Joel Embiid
xRAPM historical top15,positive,2,athleticism_tools + motor_competitiveness,151,0.0778657026500575,0.1201639344262295,0.2847682119205298,0.46357615894039733,0.5364238410596026,0.3576158940397351,-0.036886405156944524,-0.012529085376767501,0.006264542688383723,Kawhi Leonard | Stephen Curry | Franz Wagner | Joel Embiid | Jayson Tatum
xRAPM historical top15,positive,2,athleticism_tools + size_frame,144,0.09333203191576156,0.17084656084656064,0.3055555555555556,0.4513888888888889,0.5486111111111112,0.3541666666666667,-0.021420075891240467,0.008258258258258266,0.0028153153153153143,Stephen Curry | Franz Wagner | Paul George | Joel Embiid | Jayson Tatum
xRAPM historical top15,positive,2,athleticism_tools + production_stats,159,0.13378373910397137,0.1201639344262295,0.29559748427672955,0.4591194968553459,0.5408805031446541,0.36477987421383645,0.019031631296969345,-0.0016998130205677642,0.013428522862485082,Stephen Curry | Franz Wagner | Paul George | Joel Embiid | Jayson Tatum
xRAPM historical top15,positive,2,athleticism_tools + intel_consensus,16,0.0060004745221727,-0.3169021597710123,0.375,0.6875,0.3125,0.3125,-0.10875163328482933,0.07770270270270269,-0.03885135135135137,Donovan Mitchell | Kyle Anderson | CJ McCollum | Rodney Hood | Gary Harris
xRAPM historical top15,positive,2,upside_tools + defense,85,-0.283517389084646,-0.0289682539682538,0.3411764705882353,0.5176470588235295,0.4823529411764706,0.2823529411764706,-0.39826949689164803,0.04387917329093799,-0.06899841017488079,Joel Embiid | Tyrese Haliburton | Michael Porter Jr. | Karl-Anthony Towns | Evan Mobley
xRAPM historical top15,positive,2,upside_tools + motor_competitiveness,84,-0.3312812707392923,-0.07303571428571405,0.34523809523809523,0.5238095238095238,0.47619047619047616,0.2857142857142857,-0.4460333785462943,0.04794079794079792,-0.06563706563706567,Joel Embiid | Michael Porter Jr. | Jamal Murray | Karl-Anthony Towns | Marcus Smart
xRAPM historical top15,positive,2,upside_tools + size_frame,82,-0.28934310049744866,-0.047573557878435695,0.3780487804878049,0.5121951219512195,0.4878048780487805,0.2926829268292683,-0.40409520830445067,0.08075148319050757,-0.058668424522083096,Joel Embiid | Tyrese Haliburton | Michael Porter Jr. | Jamal Murray | Karl-Anthony Towns
xRAPM historical top15,positive,2,upside_tools + production_stats,86,-0.2894785770839141,-0.047573557878435695,0.36046511627906974,0.5232558139534884,0.47674418604651164,0.27906976744186046,-0.4042306848909161,0.06316781898177243,-0.07228158390949091,Joel Embiid | Tyrese Haliburton | Michael Porter Jr. | Jamal Murray | Karl-Anthony Towns
xRAPM historical top15,positive,2,defense + motor_competitiveness,133,0.08132661588741424,0.1201639344262295,0.2706766917293233,0.45864661654135336,0.5413533834586466,0.3533834586466165,-0.03342549191958778,-0.02662060556797402,0.002032107295265151,Kawhi Leonard | Stephen Curry | Franz Wagner | Joel Embiid | Jayson Tatum
xRAPM historical top15,positive,2,defense + size_frame,129,0.125538981988346,0.1745238095238093,0.27906976744186046,0.4418604651162791,0.5581395348837209,0.3643410852713178,0.010786874181343983,-0.018227529855436853,0.01298973391996644,Stephen Curry | Franz Wagner | Paul George | Joel Embiid | Jayson Tatum
xRAPM historical top15,positive,2,defense + production_stats,137,0.1574899437048086,0.1201639344262295,0.27007299270072993,0.45255474452554745,0.5474452554744526,0.36496350364963503,0.04273783589780657,-0.027224304596567384,0.013612152298283664,Stephen Curry | Franz Wagner | Paul George | Joel Embiid | Jayson Tatum
xRAPM historical top15,positive,2,defense + intel_consensus,14,0.13429816135867345,-0.24378520225294414,0.2857142857142857,0.6428571428571429,0.35714285714285715,0.35714285714285715,0.019546053551671425,-0.011583011583011615,0.00579150579150578,Donovan Mitchell | Kyle Anderson | CJ McCollum | Rodney Hood | Gary Harris
xRAPM historical top15,positive,2,motor_competitiveness + size_frame,123,0.050335146216318336,0.1810317460317458,0.3008130081300813,0.44715447154471544,0.5528455284552846,0.35772357723577236,-0.06441696159068369,0.0035157108327840136,0.00637222588442099,Stephen Curry | Franz Wagner | Joel Embiid | Jayson Tatum | Ricky Rubio
xRAPM historical top15,positive,2,motor_competitiveness + production_stats,135,0.049985499264606756,0.1142063492063494,0.2962962962962963,0.4740740740740741,0.5259259259259259,0.35555555555555557,-0.06476660854239527,-0.001001001001001034,0.004204204204204198,Stephen Curry | Franz Wagner | Joel Embiid | Jayson Tatum | Ricky Rubio
xRAPM historical top15,positive,2,motor_competitiveness + intel_consensus,14,-0.27489307068970126,-0.5467191080557026,0.42857142857142855,0.7857142857142857,0.21428571428571427,0.21428571428571427,-0.38964517849670327,0.13127413127413123,-0.1370656370656371,Donovan Mitchell | CJ McCollum | Gary Harris | Jaren Jackson Jr. | Aaron Gordon
xRAPM historical top15,positive,2,size_frame + production_stats,129,0.13334547856435056,0.1745238095238093,0.3023255813953488,0.4496124031007752,0.5503875968992248,0.3643410852713178,0.01859337075734853,0.005028284098051505,0.01298973391996644,Stephen Curry | Franz Wagner | Paul George | Joel Embiid | Jayson Tatum
xRAPM historical top15,positive,2,size_frame + intel_consensus,15,-0.14058538449557315,-0.3798360655737707,0.4,0.7333333333333333,0.26666666666666666,0.26666666666666666,-0.2553374923025752,0.10270270270270271,-0.08468468468468471,Donovan Mitchell | Kyle Anderson | Rodney Hood | Gary Harris | Jaren Jackson Jr.
xRAPM historical top15,positive,2,production_stats + intel_consensus,15,0.09930731619282641,-0.2539682539682539,0.3333333333333333,0.6666666666666666,0.3333333333333333,0.3333333333333333,-0.015444791614175613,0.036036036036036,-0.018018018018018056,Donovan Mitchell | Kyle Anderson | CJ McCollum | Rodney Hood | Gary Harris
xRAPM historical top30,positive,2,feel_iq_passing + shooting,299,0.12132570632807822,0.04478835978836,0.30434782608695654,0.4916387959866221,0.5083612040133779,0.3411371237458194,0.04089507853259268,-0.016547696301103143,0.010291352601540793,Draymond Green | Kawhi Leonard | Stephen Curry | Franz Wagner | Paul George
xRAPM historical top30,positive,2,feel_iq_passing + creation_handle,171,0.0829278315305238,0.1421693121693121,0.3216374269005848,0.47368421052631576,0.5263157894736842,0.3508771929824561,0.002497203735038256,0.0007419045125250934,0.02003142183817752,Kawhi Leonard | Stephen Curry | Joel Embiid | Jayson Tatum | Ricky Rubio
xRAPM historical top30,positive,2,feel_iq_passing + finishing_touch,184,0.06461687684432596,0.052632275132275155,0.29891304347826086,0.483695652173913,0.5163043478260869,0.33695652173913043,-0.015813750951159583,-0.02198247890979882,0.006110750594851833,Kawhi Leonard | Franz Wagner | Desmond Bane | Joel Embiid | Jayson Tatum
xRAPM historical top30,positive,2,feel_iq_passing + athleticism_tools,310,0.15347028108484917,0.09384259259259295,0.2903225806451613,0.4806451612903226,0.5193548387096775,0.34516129032258064,0.07303965328936363,-0.030572941742898374,0.014315519178302039,Draymond Green | Kawhi Leonard | Stephen Curry | Franz Wagner | Paul George
xRAPM historical top30,positive,2,feel_iq_passing + upside_tools,155,0.029104435525853695,0.0001639344262294,0.27741935483870966,0.4967741935483871,0.5032258064516129,0.3225806451612903,-0.05132619226963185,-0.04347616754935002,-0.008265125982988286,Joel Embiid | Nikola Mirotic | Chase Budinger | Tyrese Haliburton | Ivica Zubac
xRAPM historical top30,positive,2,feel_iq_passing + defense,260,0.18262544020765706,0.15466931216931207,0.2653846153846154,0.46153846153846156,0.5384615384615384,0.36538461538461536,0.10219481241217152,-0.0555109070034443,0.034538844240336763,Kawhi Leonard | Stephen Curry | Franz Wagner | Paul George | Desmond Bane
xRAPM historical top30,positive,2,feel_iq_passing + motor_competitiveness,241,0.10567207436936406,0.04478835978836,0.2863070539419087,0.4854771784232365,0.5145228215767634,0.3278008298755187,0.025241446573878515,-0.03458846844615099,-0.0030449412687599264,Draymond Green | Kawhi Leonard | Stephen Curry | Franz Wagner | Joel Embiid
xRAPM historical top30,positive,2,feel_iq_passing + size_frame,238,0.09246739776192822,0.1169973544973548,0.29831932773109243,0.4789915966386555,0.5210084033613446,0.3277310924369748,0.012036769966442679,-0.022576194656967252,-0.0031146787073038085,Stephen Curry | Franz Wagner | Paul George | Desmond Bane | Joel Embiid
xRAPM historical top30,positive,2,feel_iq_passing + production_stats,254,0.19146681409298805,0.1311666232977708,0.27165354330708663,0.47244094488188976,0.5275590551181102,0.3543307086614173,0.1110361862975025,-0.04924197908097305,0.023484937517138704,Draymond Green | Stephen Curry | Franz Wagner | Paul George | Desmond Bane
xRAPM historical top30,positive,2,feel_iq_passing + risk_uncertainty,14,0.35876509936585677,0.13621031746031745,0.07142857142857142,0.5,0.5,0.35714285714285715,0.2783344715703712,-0.24946695095948826,0.02629708599857855,Klay Thompson | Montrezl Harrell | Ja Morant | Cody Zeller | Otto Porter Jr.
xRAPM historical top30,positive,2,feel_iq_passing + intel_consensus,21,0.17240738092639968,-0.2336021505376344,0.2857142857142857,0.5714285714285714,0.42857142857142855,0.3333333333333333,0.09197675313091414,-0.035181236673773986,0.002487562189054715,Kyle Anderson | Jusuf Nurkić | Donte DiVincenzo | CJ McCollum | Rodney Hood
xRAPM historical top30,positive,2,feel_iq_passing + other,12,-0.43949167819644624,-0.43144260549748337,0.4166666666666667,0.5833333333333334,0.4166666666666667,0.08333333333333333,-0.5199223059919318,0.095771144278607,-0.24751243781094528,Kyle Singler | Elfrid Payton | Will Barton | Reggie Bullock Jr. | Skal Labissiere
xRAPM historical top30,positive,2,shooting + creation_handle,189,0.00314750518787007,0.0001639344262294,0.3544973544973545,0.4973544973544973,0.5026455026455027,0.3333333333333333,-0.07728312260761547,0.033601832109294794,0.002487562189054715,Kawhi Leonard | Stephen Curry | Joel Embiid | Jayson Tatum | Ricky Rubio
xRAPM historical top30,positive,2,shooting + finishing_touch,214,-0.03134001501330148,-0.11137416794674836,0.34579439252336447,0.5280373831775701,0.4719626168224299,0.3177570093457944,-0.11177064280878701,0.024898870135304785,-0.013088761798484227,Kawhi Leonard | Franz Wagner | Rudy Gobert | Desmond Bane | Joel Embiid
xRAPM historical top30,positive,2,shooting + athleticism_tools,367,0.08990069339967253,-0.0042063492063492,0.3215258855585831,0.5068119891008175,0.49318801089918257,0.335149863760218,0.009470065604186992,0.0006303631705233959,0.004304092615939392,Draymond Green | Kawhi Leonard | Stephen Curry | Franz Wagner | Rudy Gobert
xRAPM historical top30,positive,2,shooting + upside_tools,184,-0.14194371032540848,-0.1742191080557024,0.33695652173913043,0.5489130434782609,0.45108695652173914,0.29347826086956524,-0.22237433812089402,0.01606099935107075,-0.037367510274713356,Rudy Gobert | Joel Embiid | Nikola Mirotic | Chase Budinger | Bam Adebayo
xRAPM historical top30,positive,2,shooting + defense,299,0.12312404473387696,0.0501639344262294,0.2909698996655518,0.4916387959866221,0.5083612040133779,0.35451505016722407,0.04269341693839142,-0.029925622722507872,0.023669279022945466,Kawhi Leonard | Stephen Curry | Franz Wagner | Rudy Gobert | Paul George
xRAPM historical top30,positive,2,shooting + motor_competitiveness,278,0.03244555273458199,-0.06801988463873715,0.3237410071942446,0.5179856115107914,0.48201438848920863,0.32014388489208634,-0.047985075060903555,0.002845484806184906,-0.01070188625219226,Draymond Green | Kawhi Leonard | Stephen Curry | Franz Wagner | Rudy Gobert
xRAPM historical top30,positive,2,shooting + size_frame,279,0.03381826929424848,-0.0033730158730158,0.3225806451612903,0.5053763440860215,0.4946236559139785,0.3154121863799283,-0.046612358501237065,0.0016851227732306295,-0.015433584764350305,Stephen Curry | Franz Wagner | Rudy Gobert | Paul George | Desmond Bane
xRAPM historical top30,positive,2,shooting + production_stats,296,0.12110194044067807,-0.00051988463873705,0.30405405405405406,0.5,0.5,0.34121621621621623,0.040671312645192526,-0.016841468334005627,0.010370445071937628,Draymond Green | Stephen Curry | Franz Wagner | Paul George | Desmond Bane
xRAPM historical top30,positive,2,shooting + risk_uncertainty,16,-0.006271185010378794,-0.1019021597710122,0.1875,0.625,0.375,0.3125,-0.08670181280586434,-0.13339552238805968,-0.0183457711442786,Klay Thompson | Montrezl Harrell | Ja Morant | Cody Zeller | Otto Porter Jr.
xRAPM historical top30,positive,2,shooting + intel_consensus,24,0.059555045184094046,-0.3169021597710123,0.375,0.5833333333333334,0.4166666666666667,0.3333333333333333,-0.020875582611391497,0.054104477611940316,0.002487562189054715,Donovan Mitchell | Kyle Anderson | Jusuf Nurkić | Donte DiVincenzo | CJ McCollum
xRAPM historical top30,positive,2,shooting + other,14,-0.6000599556095929,-0.6224941927990709,0.5,0.6428571428571429,0.35714285714285715,0.07142857142857142,-0.6804905834050785,0.17910447761194032,-0.2594171997157072,Kyle Singler | Elfrid Payton | Will Barton | Reggie Bullock Jr. | Skal Labissiere
xRAPM historical top30,positive,2,creation_handle + finishing_touch,124,-0.10612215607951025,-0.0016045407233932,0.3548387096774194,0.5,0.5,0.31451612903225806,-0.1865527838749958,0.03394318728935969,-0.016329642112020537,Kawhi Leonard | Joel Embiid | Jayson Tatum | Ricky Rubio | Nikola Mirotic
xRAPM historical top30,positive,2,creation_handle + athleticism_tools,193,0.018837690122566364,0.0387962962962962,0.3471502590673575,0.49222797927461137,0.5077720207253886,0.33678756476683935,-0.06159293767291918,0.02625473667929784,0.005941793622560754,Kawhi Leonard | Stephen Curry | Joel Embiid | Jayson Tatum | Ricky Rubio
xRAPM historical top30,positive,2,creation_handle + upside_tools,99,-0.15984731964955104,-0.1198360655737704,0.35353535353535354,0.5252525252525253,0.47474747474747475,0.29292929292929293,-0.24027794744503658,0.03263983114729385,-0.03791647821498567,Joel Embiid | Nikola Mirotic | Tyrese Haliburton | Montrezl Harrell | Matisse Thybulle
xRAPM historical top30,positive,2,creation_handle + defense,161,0.09990805454508304,0.1745238095238093,0.3167701863354037,0.45962732919254656,0.5403726708074534,0.37267080745341613,0.0194774267495975,-0.00412533605265597,0.04182503630913753,Kawhi Leonard | Stephen Curry | Joel Embiid | Jayson Tatum | Ricky Rubio
xRAPM historical top30,positive,2,creation_handle + motor_competitiveness,154,0.0016468992282046733,0.0816865079365082,0.35714285714285715,0.487012987012987,0.512987012987013,0.34415584415584416,-0.07878372856728087,0.03624733475479747,0.01331007301156556,Kawhi Leonard | Stephen Curry | Joel Embiid | Jayson Tatum | Ricky Rubio
xRAPM historical top30,positive,2,creation_handle + size_frame,153,-0.013319144647192147,0.1028968253968261,0.35294117647058826,0.48366013071895425,0.5163398692810458,0.3202614379084967,-0.0937497724426777,0.032045654082528574,-0.010584333235781895,Stephen Curry | Joel Embiid | Jayson Tatum | Ricky Rubio | Nikola Mirotic
xRAPM historical top30,positive,2,creation_handle + production_stats,162,0.059061037987692605,0.0903200624512099,0.32098765432098764,0.48148148148148145,0.5185185185185185,0.345679012345679,-0.021369589807792938,9.213193292795241e-05,0.014833241201400393,Stephen Curry | Joel Embiid | Jayson Tatum | Ricky Rubio | Jrue Holiday
xRAPM historical top30,positive,2,creation_handle + intel_consensus,14,-0.1443524614146733,-0.6822883597883594,0.5,0.5714285714285714,0.42857142857142855,0.2857142857142857,-0.22478308921015885,0.17910447761194032,-0.0451314854299929,Kyle Anderson | CJ McCollum | Rodney Hood | Gary Harris | Dario Saric
xRAPM historical top30,positive,2,finishing_touch + athleticism_tools,226,-0.0017363506061199017,-0.07849867724867704,0.336283185840708,0.5176991150442478,0.4823008849557522,0.3230088495575221,-0.08216697840160544,0.015387663452648304,-0.007836921586756473,Kawhi Leonard | Franz Wagner | Rudy Gobert | Desmond Bane | Joel Embiid
xRAPM historical top30,positive,2,finishing_touch + upside_tools,126,-0.06773657540174424,-0.11137416794674836,0.31746031746031744,0.5317460317460317,0.46825396825396826,0.30952380952380953,-0.14816720319722979,-0.0034352049277422414,-0.021321961620469065,Rudy Gobert | Joel Embiid | Nikola Mirotic | Chase Budinger | Bam Adebayo
xRAPM historical top30,positive,2,finishing_touch + defense,197,0.0611247937387708,0.04478835978836,0.29949238578680204,0.4873096446700508,0.5126903553299492,0.3350253807106599,-0.019305834056714745,-0.021403136601257644,0.004179609566381304,Kawhi Leonard | Franz Wagner | Rudy Gobert | Desmond Bane | Joel Embiid
xRAPM historical top30,positive,2,finishing_touch + motor_competitiveness,187,-0.012398027400280474,-0.0389682539682539,0.32620320855614976,0.5080213903743316,0.4919786096256685,0.3155080213903743,-0.09282865519576602,0.0053076861680900755,-0.015337749753904284,Kawhi Leonard | Franz Wagner | Rudy Gobert | Joel Embiid | Jayson Tatum
xRAPM historical top30,positive,2,finishing_touch + size_frame,183,0.0030888183279771057,-0.0033730158730158,0.32786885245901637,0.5027322404371585,0.4972677595628415,0.3224043715846995,-0.07734180946750843,0.006973330070956685,-0.008441399559579121,Franz Wagner | Rudy Gobert | Desmond Bane | Joel Embiid | Jayson Tatum
xRAPM historical top30,positive,2,finishing_touch + production_stats,187,-0.06491401073951641,-0.1056451612903224,0.3315508021390374,0.5240641711229946,0.47593582887700536,0.31016042780748665,-0.14534463853500196,0.010655279750977742,-0.02068534333679195,Franz Wagner | Desmond Bane | Joel Embiid | Jayson Tatum | Ricky Rubio
xRAPM historical top30,positive,2,athleticism_tools + upside_tools,194,-0.10993065518130038,-0.11846962008847235,0.33505154639175255,0.5412371134020618,0.4587628865979381,0.29896907216494845,-0.19036128297678592,0.014156024003692869,-0.031876698979330154,Rudy Gobert | Joel Embiid | Nikola Mirotic | Chase Budinger | Bam Adebayo
xRAPM historical top30,positive,2,athleticism_tools + defense,318,0.13711098967679713,0.05532006245120985,0.2861635220125786,0.48742138364779874,0.5125786163522013,0.3553459119496855,0.05668036188131159,-0.034732000375481076,0.02450014080540691,Kawhi Leonard | Stephen Curry | Franz Wagner | Rudy Gobert | Paul George
xRAPM historical top30,positive,2,athleticism_tools + motor_competitiveness,293,0.035151371227559756,-0.0389682539682539,0.32081911262798635,0.5119453924914675,0.4880546075085324,0.32081911262798635,-0.04527925656792579,-7.640976007333711e-05,-0.010026658516292253,Draymond Green | Kawhi Leonard | Stephen Curry | Franz Wagner | Rudy Gobert
xRAPM historical top30,positive,2,athleticism_tools + size_frame,294,0.02879720454511317,-0.00228835978835965,0.32653061224489793,0.5034013605442177,0.4965986394557823,0.3163265306122449,-0.05163342325037237,0.005635089856838249,-0.014519240532033684,Stephen Curry | Franz Wagner | Rudy Gobert | Paul George | Desmond Bane
xRAPM historical top30,positive,2,athleticism_tools + production_stats,310,0.11966891748366841,0.03991402116402105,0.3064516129032258,0.4935483870967742,0.5064516129032258,0.3419354838709677,0.03923828968818287,-0.014443909484833872,0.011089712726689127,Draymond Green | Stephen Curry | Franz Wagner | Paul George | Desmond Bane
xRAPM historical top30,positive,2,athleticism_tools + risk_uncertainty,18,-0.08537817856301749,-0.1019021597710122,0.2222222222222222,0.6111111111111112,0.3888888888888889,0.2777777777777778,-0.16580880635850304,-0.09867330016583747,-0.05306799336650081,Klay Thompson | Montrezl Harrell | Ja Morant | Cody Zeller | Otto Porter Jr.
xRAPM historical top30,positive,2,athleticism_tools + intel_consensus,26,-0.0040571065316569776,-0.3169021597710123,0.38461538461538464,0.6153846153846154,0.38461538461538464,0.3076923076923077,-0.08448773432714252,0.06371986222732495,-0.02315346345197089,Donovan Mitchell | Kyle Anderson | Jusuf Nurkić | Donte DiVincenzo | CJ McCollum
xRAPM historical top30,positive,2,athleticism_tools + other,14,-0.6000599556095929,-0.6224941927990709,0.5,0.6428571428571429,0.35714285714285715,0.07142857142857142,-0.6804905834050785,0.17910447761194032,-0.2594171997157072,Kyle Singler | Elfrid Payton | Will Barton | Reggie Bullock Jr. | Skal Labissiere
xRAPM historical top30,positive,2,upside_tools + defense,166,0.00038009302547783373,-0.0444021597710123,0.29518072289156627,0.5120481927710844,0.4879518072289157,0.3313253012048193,-0.0800505347700077,-0.025714799496493412,0.00047953006054068936,Rudy Gobert | Joel Embiid | Nikola Mirotic | Chase Budinger | Bam Adebayo
xRAPM historical top30,positive,2,upside_tools + motor_competitiveness,148,-0.16818107897665321,-0.1467191080557023,0.32432432432432434,0.5472972972972973,0.4527027027027027,0.2905405405405405,-0.24861170677213876,0.0034288019362646582,-0.040305230603738085,Rudy Gobert | Joel Embiid | Chase Budinger | Bam Adebayo | Montrezl Harrell
xRAPM historical top30,positive,2,upside_tools + size_frame,154,-0.15605090775052824,-0.1467191080557023,0.34415584415584416,0.5324675324675324,0.4675324675324675,0.2922077922077922,-0.23648153554601378,0.023260321767784475,-0.038637978936486406,Rudy Gobert | Joel Embiid | Nikola Mirotic | Bam Adebayo | Tyrese Haliburton
xRAPM historical top30,positive,2,upside_tools + production_stats,162,-0.0852863608399871,-0.07119128274616054,0.30864197530864196,0.5246913580246914,0.47530864197530864,0.30246913580246915,-0.16571698863547263,-0.012253547079417726,-0.028376635341809453,Joel Embiid | Chase Budinger | Bam Adebayo | Tyrese Haliburton | Montrezl Harrell
xRAPM historical top30,positive,2,upside_tools + risk_uncertainty,13,0.29872239988954596,-0.0042063492063492,0.07692307692307693,0.5384615384615384,0.46153846153846156,0.3076923076923077,0.21829177209406042,-0.24397244546498276,-0.02315346345197089,Montrezl Harrell | Ja Morant | Cody Zeller | Otto Porter Jr. | Ante Zizic
xRAPM historical top30,positive,2,defense + motor_competitiveness,249,0.06042993631743362,0.0410317460317459,0.2931726907630522,0.4939759036144578,0.5060240963855421,0.3333333333333333,-0.020000691478051925,-0.027722831625007494,0.002487562189054715,Kawhi Leonard | Stephen Curry | Franz Wagner | Rudy Gobert | Joel Embiid
xRAPM historical top30,positive,2,defense + size_frame,246,0.08491342018855323,0.0674761471072946,0.2926829268292683,0.4878048780487805,0.5121951219512195,0.33739837398373984,0.004482792393067689,-0.02821259555879141,0.006552602839461241,Stephen Curry | Franz Wagner | Rudy Gobert | Paul George | Desmond Bane
xRAPM historical top30,positive,2,defense + production_stats,259,0.15290923555240335,0.0847883597883598,0.27413127413127414,0.47876447876447875,0.5212355212355212,0.3590733590733591,0.0724786077569178,-0.046764248256785546,0.028227587929080478,Stephen Curry | Franz Wagner | Paul George | Desmond Bane | Joel Embiid
xRAPM historical top30,positive,2,defense + risk_uncertainty,15,0.0440890486497556,-0.0042063492063492,0.2,0.5333333333333333,0.4666666666666667,0.3333333333333333,-0.03634157914572994,-0.12089552238805967,0.002487562189054715,Klay Thompson | Montrezl Harrell | Ja Morant | Cody Zeller | Otto Porter Jr.
xRAPM historical top30,positive,2,defense + intel_consensus,21,-0.024288124223973175,-0.2539682539682539,0.3333333333333333,0.6190476190476191,0.38095238095238093,0.3333333333333333,-0.10471875201945871,0.01243781094527363,0.002487562189054715,Donovan Mitchell | Kyle Anderson | Donte DiVincenzo | CJ McCollum | Rodney Hood
xRAPM historical top30,positive,2,motor_competitiveness + size_frame,227,0.010788690825582634,0.0001639344262294,0.32599118942731276,0.4977973568281938,0.5022026431718062,0.31277533039647576,-0.06964193696990291,0.005095667039253071,-0.01807044074780284,Stephen Curry | Franz Wagner | Rudy Gobert | Joel Embiid | Jayson Tatum
xRAPM historical top30,positive,2,motor_competitiveness + production_stats,249,0.05264165021931587,-0.0289682539682538,0.3092369477911647,0.5100401606425703,0.4899598393574297,0.321285140562249,-0.027788977576169674,-0.01165857459689501,-0.009560630582029606,Draymond Green | Stephen Curry | Franz Wagner | Joel Embiid | Jayson Tatum
xRAPM historical top30,positive,2,motor_competitiveness + risk_uncertainty,16,0.1465145346964475,-0.016587301587301498,0.1875,0.5625,0.4375,0.3125,0.06608390690096197,-0.13339552238805968,-0.0183457711442786,Klay Thompson | Montrezl Harrell | Ja Morant | Cody Zeller | Otto Porter Jr.
xRAPM historical top30,positive,2,motor_competitiveness + intel_consensus,21,-0.2707480779784738,-0.5412037037037036,0.42857142857142855,0.7142857142857143,0.2857142857142857,0.23809523809523808,-0.3511787057739593,0.10767590618336886,-0.09275053304904052,Donovan Mitchell | Jusuf Nurkić | CJ McCollum | Gary Harris | Goga Bitadze
xRAPM historical top30,positive,2,motor_competitiveness + other,13,-0.5873356298506238,-0.4795121951219512,0.46153846153846156,0.6153846153846154,0.38461538461538464,0.07692307692307693,-0.6677662576461094,0.14064293915040188,-0.2539226942212017,Kyle Singler | Elfrid Payton | Will Barton | Reggie Bullock Jr. | Skal Labissiere
xRAPM historical top30,positive,2,size_frame + production_stats,242,0.0645300226062535,0.03991402116402105,0.30578512396694213,0.49173553719008267,0.5082644628099173,0.32231404958677684,-0.015900605189232045,-0.015110398421117555,-0.008531721557501759,Stephen Curry | Franz Wagner | Paul George | Desmond Bane | Joel Embiid
xRAPM historical top30,positive,2,size_frame + risk_uncertainty,16,-0.07196232257651637,-0.1019021597710122,0.25,0.5625,0.4375,0.3125,-0.1523929503720019,-0.07089552238805968,-0.0183457711442786,Klay Thompson | Montrezl Harrell | Ja Morant | Cody Zeller | Otto Porter Jr.
xRAPM historical top30,positive,2,size_frame + intel_consensus,24,-0.19037789274615569,-0.46051988463873716,0.4166666666666667,0.6666666666666666,0.3333333333333333,0.25,-0.27080852054164123,0.095771144278607,-0.0808457711442786,Donovan Mitchell | Kyle Anderson | Jusuf Nurkić | Rodney Hood | Gary Harris
xRAPM historical top30,positive,2,size_frame + other,14,-0.6000599556095929,-0.6224941927990709,0.5,0.6428571428571429,0.35714285714285715,0.07142857142857142,-0.6804905834050785,0.17910447761194032,-0.2594171997157072,Kyle Singler | Elfrid Payton | Will Barton | Reggie Bullock Jr. | Skal Labissiere
xRAPM historical top30,positive,2,production_stats + risk_uncertainty,17,-0.050410067562384996,-0.0289682539682538,0.23529411764705882,0.5882352941176471,0.4117647058823529,0.29411764705882354,-0.13084069535787055,-0.08560140474100086,-0.03672812408545506,Klay Thompson | Montrezl Harrell | Ja Morant | Cody Zeller | Otto Porter Jr.
xRAPM historical top30,positive,2,production_stats + intel_consensus,22,-0.030058624000321433,-0.3169021597710123,0.36363636363636365,0.6363636363636364,0.36363636363636365,0.3181818181818182,-0.11048925179580697,0.04274084124830396,-0.012663952962460423,Donovan Mitchell | Kyle Anderson | Donte DiVincenzo | CJ McCollum | Rodney Hood
xRAPM historical top30,positive,2,production_stats + other,14,-0.6000599556095929,-0.6224941927990709,0.5,0.6428571428571429,0.35714285714285715,0.07142857142857142,-0.6804905834050785,0.17910447761194032,-0.2594171997157072,Kyle Singler | Elfrid Payton | Will Barton | Reggie Bullock Jr. | Skal Labissiere
PIE available minutes weighted,positive,2,feel_iq_passing + shooting,451,0.0041700224450698835,0.0056932488268514,0.0,0.4057649667405765,0.5942350332594235,0.0,-0.0005493842338702183,0.0,0.0,Nikola Jokić | Charles Bassey | Joel Embiid | Luka Dončić | Montrezl Harrell
PIE available minutes weighted,positive,2,feel_iq_passing + creation_handle,224,0.007041156341064318,0.0065634488750617,0.0,0.39285714285714285,0.6071428571428571,0.0,0.0023217496621242163,0.0,0.0,Charles Bassey | Joel Embiid | Luka Dončić | Montrezl Harrell | Dwight Powell
PIE available minutes weighted,positive,2,feel_iq_passing + finishing_touch,249,0.007581489042855893,0.0102855875902963,0.0,0.3654618473895582,0.6345381526104418,0.0,0.002862082363915791,0.0,0.0,Charles Bassey | Joel Embiid | Mark Williams | Montrezl Harrell | Isaiah Hartenstein
PIE available minutes weighted,positive,2,feel_iq_passing + athleticism_tools,474,0.0046247625464354335,0.00604168868189015,0.0,0.3987341772151899,0.6012658227848101,0.0,-9.464413250466833e-05,0.0,0.0,Charles Bassey | Joel Embiid | Luka Dončić | Mark Williams | Montrezl Harrell
PIE available minutes weighted,positive,2,feel_iq_passing + upside_tools,216,0.0071816460817604715,0.0072065518787299,0.0,0.38425925925925924,0.6157407407407407,0.0,0.0024622394028203697,0.0,0.0,Charles Bassey | Joel Embiid | Montrezl Harrell | Dwight Powell | Isaiah Hartenstein
PIE available minutes weighted,positive,2,feel_iq_passing + defense,400,0.004333985701224147,0.0058619484554271,0.0,0.4,0.6,0.0,-0.0003854209777159551,0.0,0.0,Charles Bassey | Joel Embiid | Luka Dončić | Mark Williams | Montrezl Harrell
PIE available minutes weighted,positive,2,feel_iq_passing + motor_competitiveness,348,0.005815966118209486,0.00626089656946635,0.0,0.3850574712643678,0.6149425287356322,0.0,0.0010965594392693843,0.0,0.0,Nikola Jokić | Charles Bassey | Joel Embiid | Luka Dončić | Mark Williams
PIE available minutes weighted,positive,2,feel_iq_passing + size_frame,338,0.004050724868171962,0.00626089656946635,0.0,0.39644970414201186,0.6035502958579881,0.0,-0.0006686818107681401,0.0,0.0,Charles Bassey | Joel Embiid | Luka Dončić | Mark Williams | Montrezl Harrell
PIE available minutes weighted,positive,2,feel_iq_passing + production_stats,379,0.007318845088367752,0.0087905233456557,0.0,0.36147757255936674,0.6385224274406333,0.0,0.0025994384094276506,0.0,0.0,Charles Bassey | Joel Embiid | Luka Dončić | Mark Williams | Montrezl Harrell
PIE available minutes weighted,positive,2,feel_iq_passing + risk_uncertainty,18,-0.005598429742630834,-0.00032038457004185004,0.0,0.5,0.5,0.0,-0.010317836421570935,0.0,0.0,Montrezl Harrell | Ja Morant | Solomon Alabi | Ante Zizic | Bruce Brown
PIE available minutes weighted,positive,2,feel_iq_passing + intel_consensus,25,0.005803851510794461,0.0034790286035349,0.0,0.28,0.72,0.0,0.0010844448318543592,0.0,0.0,Jusuf Nurkić | Isaiah Roby | Dennis Schröder | Alec Peters | Kyle Anderson
PIE available minutes weighted,positive,2,feel_iq_passing + other,13,0.002204325234800438,0.0020293868391951,0.0,0.46153846153846156,0.5384615384615384,0.0,-0.002515081444139664,0.0,0.0,Mike Scott | Will Barton | Bruno Fernando | Skal Labissiere | Elfrid Payton
PIE available minutes weighted,positive,2,shooting + creation_handle,247,0.0047786625182545785,0.0039120255229277,0.0,0.4251012145748988,0.5748987854251012,0.0,5.925583931447667e-05,0.0,0.0,Charles Bassey | Joel Embiid | Luka Dončić | Montrezl Harrell | Dwight Powell
PIE available minutes weighted,positive,2,shooting + finishing_touch,289,0.005953150890122328,0.0067931295950872,0.0,0.41522491349480967,0.5847750865051903,0.0,0.0012337442111822264,0.0,0.0,Charles Bassey | Joel Bolomboy | Joel Embiid | Paul Reed | Rudy Gobert
PIE available minutes weighted,positive,2,shooting + athleticism_tools,565,0.0032432819782548267,0.0039936903784493,0.0,0.4389380530973451,0.5610619469026549,0.0,-0.001476124700685275,0.0,0.0,Charles Bassey | Joel Bolomboy | Joel Embiid | Luka Dončić | Paul Reed
PIE available minutes weighted,positive,2,shooting + upside_tools,259,0.004781077791395796,0.0031467396664601,0.0,0.4555984555984556,0.5444015444015444,0.0,6.167111245569418e-05,0.0,0.0,Charles Bassey | Joel Bolomboy | Joel Embiid | Rudy Gobert | Bam Adebayo
PIE available minutes weighted,positive,2,shooting + defense,465,0.0030933718070329363,0.0041893281183726,0.0,0.4344086021505376,0.5655913978494623,0.0,-0.0016260348719071656,0.0,0.0,Charles Bassey | Joel Embiid | Luka Dončić | Paul Reed | Rudy Gobert
PIE available minutes weighted,positive,2,shooting + motor_competitiveness,399,0.004610343064654999,0.005114453939149,0.0,0.42105263157894735,0.5789473684210527,0.0,-0.00010906361428510321,0.0,0.0,Nikola Jokić | Charles Bassey | Joel Bolomboy | Joel Embiid | Luka Dončić
PIE available minutes weighted,positive,2,shooting + size_frame,391,0.002360079182100753,0.0039120255229277,0.0,0.4398976982097187,0.5601023017902813,0.0,-0.0023593274968393488,0.0,0.0,Charles Bassey | Joel Embiid | Luka Dončić | Rudy Gobert | Bam Adebayo
PIE available minutes weighted,positive,2,shooting + production_stats,436,0.0058103393033804044,0.005755720270228,0.0,0.4059633027522936,0.5940366972477065,0.0,0.0010909326244403026,0.0,0.0,Charles Bassey | Joel Bolomboy | Joel Embiid | Luka Dončić | Paul Reed
PIE available minutes weighted,positive,2,shooting + risk_uncertainty,20,-0.00349301577250946,-0.0026964635622817998,0.0,0.55,0.45,0.0,-0.008212422451449562,0.0,0.0,Montrezl Harrell | Cory Jefferson | Ja Morant | Solomon Alabi | Bruce Brown
PIE available minutes weighted,positive,2,shooting + intel_consensus,27,0.00525287677267963,0.0034790286035349,0.0,0.2962962962962963,0.7037037037037037,0.0,0.0005334700937395286,0.0,0.0,Jusuf Nurkić | Donovan Mitchell | Isaiah Roby | Dennis Schröder | Alec Peters
PIE available minutes weighted,positive,2,shooting + other,16,0.0017064898088443685,0.00161278556649865,0.0,0.4375,0.5625,0.0,-0.0030129168700957333,0.0,0.0,Mike Scott | Will Barton | Bruno Fernando | Skal Labissiere | Elfrid Payton
PIE available minutes weighted,positive,2,creation_handle + finishing_touch,158,0.006367395170510908,0.0051234849602429,0.0,0.4240506329113924,0.5759493670886076,0.0,0.0016479884915708062,0.0,0.0,Charles Bassey | Joel Embiid | Montrezl Harrell | Isaiah Hartenstein | Bol Bol
PIE available minutes weighted,positive,2,creation_handle + athleticism_tools,254,0.005041208641810014,0.0045343645691705,0.0,0.421259842519685,0.5787401574803149,0.0,0.0003218019628699123,0.0,0.0,Charles Bassey | Joel Embiid | Luka Dončić | Montrezl Harrell | Dwight Powell
PIE available minutes weighted,positive,2,creation_handle + upside_tools,129,0.005254500616084214,0.0020350356433212,0.0,0.4573643410852713,0.5426356589147286,0.0,0.0005350939371441118,0.0,0.0,Charles Bassey | Joel Embiid | Montrezl Harrell | Dwight Powell | Isaiah Hartenstein
PIE available minutes weighted,positive,2,creation_handle + defense,214,0.00665683983533563,0.00542700245061565,0.0,0.411214953271028,0.5887850467289719,0.0,0.0019374331563955282,0.0,0.0,Charles Bassey | Joel Embiid | Luka Dončić | Montrezl Harrell | Dwight Powell
PIE available minutes weighted,positive,2,creation_handle + motor_competitiveness,193,0.005541111452423225,0.0047196630959634,0.0,0.41968911917098445,0.5803108808290155,0.0,0.0008217047734831234,0.0,0.0,Charles Bassey | Joel Embiid | Luka Dončić | Montrezl Harrell | Isaiah Hartenstein
PIE available minutes weighted,positive,2,creation_handle + size_frame,192,0.005020621575979489,0.00413054578265265,0.0,0.421875,0.578125,0.0,0.0003012148970393874,0.0,0.0,Charles Bassey | Joel Embiid | Luka Dončić | Montrezl Harrell | Dwight Powell
PIE available minutes weighted,positive,2,creation_handle + production_stats,210,0.005396891070477826,0.00542700245061565,0.0,0.3904761904761905,0.6095238095238096,0.0,0.000677484391537724,0.0,0.0,Charles Bassey | Joel Embiid | Luka Dončić | Montrezl Harrell | Isaiah Hartenstein
PIE available minutes weighted,positive,2,creation_handle + intel_consensus,15,-0.0008032736060745939,0.0010890368338717,0.0,0.4,0.6,0.0,-0.005522680285014696,0.0,0.0,Dennis Schröder | Kyle Anderson | CJ McCollum | Dario Saric | Rodney Hood
PIE available minutes weighted,positive,2,finishing_touch + athleticism_tools,311,0.007085602148416086,0.0085837123568773,0.0,0.3987138263665595,0.6012861736334405,0.0,0.002366195469475984,0.0,0.0,Charles Bassey | Joel Bolomboy | Joel Embiid | Paul Reed | Rudy Gobert
PIE available minutes weighted,positive,2,finishing_touch + upside_tools,162,0.00954187218162712,0.00852765008607615,0.0,0.3888888888888889,0.6111111111111112,0.0,0.004822465502687018,0.0,0.0,Charles Bassey | Joel Bolomboy | Joel Embiid | Rudy Gobert | Bam Adebayo
PIE available minutes weighted,positive,2,finishing_touch + defense,270,0.007393053138437375,0.00885356179771935,0.0,0.3962962962962963,0.6037037037037037,0.0,0.0026736464594972736,0.0,0.0,Charles Bassey | Joel Embiid | Paul Reed | Rudy Gobert | Mark Williams
PIE available minutes weighted,positive,2,finishing_touch + motor_competitiveness,251,0.006787592926039775,0.0081903387475339,0.0,0.398406374501992,0.601593625498008,0.0,0.002068186247099673,0.0,0.0,Charles Bassey | Joel Bolomboy | Joel Embiid | Paul Reed | Rudy Gobert
PIE available minutes weighted,positive,2,finishing_touch + size_frame,240,0.006690588903221536,0.00795510529782535,0.0,0.3875,0.6125,0.0,0.001971182224281434,0.0,0.0,Charles Bassey | Joel Embiid | Rudy Gobert | Mark Williams | Bam Adebayo
PIE available minutes weighted,positive,2,finishing_touch + production_stats,253,0.008562251356863318,0.0094499440498109,0.0,0.3794466403162055,0.6205533596837944,0.0,0.0038428446779232165,0.0,0.0,Charles Bassey | Joel Bolomboy | Joel Embiid | Paul Reed | Mark Williams
PIE available minutes weighted,positive,2,finishing_touch + risk_uncertainty,12,0.008367389927284708,0.0061358907952377,0.0,0.5,0.5,0.0,0.0036479832483446066,0.0,0.0,Montrezl Harrell | Cory Jefferson | Ja Morant | Solomon Alabi | Ante Zizic
PIE available minutes weighted,positive,2,finishing_touch + intel_consensus,12,9.14405455571e-05,0.0009672269640323,0.0,0.4166666666666667,0.5833333333333334,0.0,-0.0046279661333830015,0.0,0.0,Jusuf Nurkić | Harry Giles III | Goga Bitadze | Jerian Grant | Arnett Moultrie
PIE available minutes weighted,positive,2,athleticism_tools + upside_tools,276,0.006288719358356151,0.004454495607168,0.0,0.4384057971014493,0.5615942028985508,0.0,0.0015693126794160493,0.0,0.0,Hassan Whiteside | Charles Bassey | Joel Bolomboy | Joel Embiid | Rudy Gobert
PIE available minutes weighted,positive,2,athleticism_tools + defense,504,0.004712135242712608,0.0054170099729731,0.0,0.42063492063492064,0.5793650793650794,0.0,-7.271436227493898e-06,0.0,0.0,Hassan Whiteside | Charles Bassey | Joel Embiid | Luka Dončić | Paul Reed
PIE available minutes weighted,positive,2,athleticism_tools + motor_competitiveness,425,0.005023541847911197,0.0052658836875371,0.0,0.4164705882352941,0.5835294117647059,0.0,0.00030413516897109544,0.0,0.0,Charles Bassey | Joel Bolomboy | Joel Embiid | Luka Dončić | Paul Reed
PIE available minutes weighted,positive,2,athleticism_tools + size_frame,425,0.003928581522478025,0.005114453939149,0.0,0.4258823529411765,0.5741176470588235,0.0,-0.000790825156462077,0.0,0.0,Hassan Whiteside | Charles Bassey | Joel Embiid | Luka Dončić | Rudy Gobert
PIE available minutes weighted,positive,2,athleticism_tools + production_stats,465,0.006786356763267863,0.0068593903759126,0.0,0.3935483870967742,0.6064516129032258,0.0,0.0020669500843277615,0.0,0.0,Charles Bassey | Joel Bolomboy | Joel Embiid | Luka Dončić | Paul Reed
PIE available minutes weighted,positive,2,athleticism_tools + risk_uncertainty,23,-0.0032480516026111746,-0.0027227711452848,0.0,0.5652173913043478,0.43478260869565216,0.0,-0.007967458281551276,0.0,0.0,Montrezl Harrell | Cory Jefferson | Ja Morant | Solomon Alabi | Ante Zizic
PIE available minutes weighted,positive,2,athleticism_tools + intel_consensus,30,0.005056933053826753,0.0032279528303022498,0.0,0.3,0.7,0.0,0.00033752637488665155,0.0,0.0,Jusuf Nurkić | Donovan Mitchell | Isaiah Roby | Dennis Schröder | Alec Peters
PIE available minutes weighted,positive,2,athleticism_tools + other,16,0.0017064898088443685,0.00161278556649865,0.0,0.4375,0.5625,0.0,-0.0030129168700957333,0.0,0.0,Mike Scott | Will Barton | Bruno Fernando | Skal Labissiere | Elfrid Payton
PIE available minutes weighted,positive,2,upside_tools + defense,237,0.007240682730993416,0.0052658836875371,0.0,0.4219409282700422,0.5780590717299579,0.0,0.002521276052053314,0.0,0.0,Hassan Whiteside | Charles Bassey | Joel Embiid | Rudy Gobert | Bam Adebayo
PIE available minutes weighted,positive,2,upside_tools + motor_competitiveness,202,0.006641215666264963,0.0049028440187447505,0.0,0.4158415841584158,0.5841584158415841,0.0,0.0019218089873248613,0.0,0.0,Charles Bassey | Joel Bolomboy | Joel Embiid | Rudy Gobert | Bam Adebayo
PIE available minutes weighted,positive,2,upside_tools + size_frame,208,0.007071407927500786,0.00572191163732535,0.0,0.41346153846153844,0.5865384615384616,0.0,0.0023520012485606845,0.0,0.0,Hassan Whiteside | Charles Bassey | Joel Embiid | Rudy Gobert | Bam Adebayo
PIE available minutes weighted,positive,2,upside_tools + production_stats,228,0.00756511598564764,0.0061491737577509,0.0,0.3991228070175439,0.6008771929824561,0.0,0.002845709306707538,0.0,0.0,Charles Bassey | Joel Bolomboy | Joel Embiid | Bam Adebayo | Montrezl Harrell
PIE available minutes weighted,positive,2,upside_tools + risk_uncertainty,16,0.003703055364670332,-0.00032038457004185004,0.0,0.5,0.5,0.0,-0.00101635131426977,0.0,0.0,Montrezl Harrell | Ja Morant | Solomon Alabi | Ante Zizic | Bruce Brown
PIE available minutes weighted,positive,2,upside_tools + intel_consensus,12,0.0013185740305395246,0.0016796869758873,0.0,0.3333333333333333,0.6666666666666666,0.0,-0.0034008326484005775,0.0,0.0,Dennis Schröder | Alec Peters | Jonas Valančiūnas | Dario Saric | Donte DiVincenzo
PIE available minutes weighted,positive,2,defense + motor_competitiveness,362,0.0047488300664948494,0.00510023944033755,0.0,0.42265193370165743,0.5773480662983426,0.0,2.9423387554747618e-05,0.0,0.0,Charles Bassey | Joel Embiid | Luka Dončić | Paul Reed | Rudy Gobert
PIE available minutes weighted,positive,2,defense + size_frame,359,0.004280996468897051,0.0053573282937581,0.0,0.415041782729805,0.584958217270195,0.0,-0.00043841021004305085,0.0,0.0,Hassan Whiteside | Charles Bassey | Joel Embiid | Luka Dončić | Rudy Gobert
PIE available minutes weighted,positive,2,defense + production_stats,390,0.007419299929057739,0.00695576788435965,0.0,0.3923076923076923,0.6076923076923076,0.0,0.0026998932501176368,0.0,0.0,Charles Bassey | Joel Embiid | Luka Dončić | Paul Reed | Mark Williams
PIE available minutes weighted,positive,2,defense + risk_uncertainty,20,-0.0030710910439626453,-0.00032038457004185004,0.0,0.5,0.5,0.0,-0.007790497722902747,0.0,0.0,Montrezl Harrell | Cory Jefferson | Ja Morant | Solomon Alabi | Ante Zizic
PIE available minutes weighted,positive,2,defense + intel_consensus,25,0.004092561552937204,0.0029768770570696,0.0,0.32,0.68,0.0,-0.0006268451260028982,0.0,0.0,Donovan Mitchell | Isaiah Roby | Dennis Schröder | Kyle Anderson | Jonas Valančiūnas
PIE available minutes weighted,positive,2,defense + other,12,0.0021756175587397913,0.00161278556649865,0.0,0.4166666666666667,0.5833333333333334,0.0,-0.0025437891202003105,0.0,0.0,Mike Scott | Will Barton | Bruno Fernando | Skal Labissiere | Elfrid Payton
PIE available minutes weighted,positive,2,motor_competitiveness + size_frame,313,0.004024175692832728,0.0053573282937581,0.0,0.4057507987220447,0.5942492012779552,0.0,-0.0006952309861073735,0.0,0.0,Charles Bassey | Joel Embiid | Luka Dončić | Rudy Gobert | Mark Williams
PIE available minutes weighted,positive,2,motor_competitiveness + production_stats,351,0.00651308395767081,0.0058181917136046,0.0,0.396011396011396,0.603988603988604,0.0,0.0017936772787307083,0.0,0.0,Charles Bassey | Joel Bolomboy | Joel Embiid | Luka Dončić | Paul Reed
PIE available minutes weighted,positive,2,motor_competitiveness + risk_uncertainty,20,0.004522190608842081,-0.00034669215304485,0.0,0.5,0.5,0.0,-0.0001972160700980212,0.0,0.0,Montrezl Harrell | Cory Jefferson | Ja Morant | Solomon Alabi | Ante Zizic
PIE available minutes weighted,positive,2,motor_competitiveness + intel_consensus,22,0.0006894173631050184,0.0011426105638369499,0.0,0.4090909090909091,0.5909090909090909,0.0,-0.004029989315835083,0.0,0.0,Jusuf Nurkić | Donovan Mitchell | Dennis Schröder | Jonas Valančiūnas | CJ McCollum
PIE available minutes weighted,positive,2,motor_competitiveness + other,15,0.004444880878916119,0.0020293868391951,0.0,0.4,0.6,0.0,-0.0002745258000239831,0.0,0.0,Mike Scott | Will Barton | Bruno Fernando | Skal Labissiere | Elfrid Payton
PIE available minutes weighted,positive,2,size_frame + production_stats,341,0.00631029463314963,0.0063337681550362,0.0,0.39589442815249265,0.6041055718475073,0.0,0.0015908879542095283,0.0,0.0,Charles Bassey | Joel Embiid | Luka Dončić | Mark Williams | Bam Adebayo
PIE available minutes weighted,positive,2,size_frame + risk_uncertainty,21,-0.003554968825953739,-0.0027227711452848,0.0,0.5714285714285714,0.42857142857142855,0.0,-0.00827437550489384,0.0,0.0,Montrezl Harrell | Cory Jefferson | Ja Morant | Solomon Alabi | Ante Zizic
PIE available minutes weighted,positive,2,size_frame + intel_consensus,26,0.002439569817330227,0.00224768596941805,0.0,0.34615384615384615,0.6538461538461539,0.0,-0.002279836861609875,0.0,0.0,Jusuf Nurkić | Donovan Mitchell | Dennis Schröder | Kyle Anderson | Jonas Valančiūnas
PIE available minutes weighted,positive,2,size_frame + other,15,0.0027815455335793667,0.0020293868391951,0.0,0.4,0.6,0.0,-0.001937861145360735,0.0,0.0,Mike Scott | Will Barton | Bruno Fernando | Skal Labissiere | Elfrid Payton
PIE available minutes weighted,positive,2,production_stats + risk_uncertainty,22,-0.0030961827850378085,-0.0026964635622817998,0.0,0.5454545454545454,0.45454545454545453,0.0,-0.00781558946397791,0.0,0.0,Montrezl Harrell | Cory Jefferson | Ja Morant | Solomon Alabi | Ante Zizic
PIE available minutes weighted,positive,2,production_stats + intel_consensus,27,0.004508237788030986,0.0034790286035349,0.0,0.2962962962962963,0.7037037037037037,0.0,-0.00021116889090911587,0.0,0.0,Donovan Mitchell | Isaiah Roby | Dennis Schröder | Alec Peters | Kyle Anderson
PIE available minutes weighted,positive,2,production_stats + other,15,0.0027815455335793667,0.0020293868391951,0.0,0.4,0.6,0.0,-0.001937861145360735,0.0,0.0,Mike Scott | Will Barton | Bruno Fernando | Skal Labissiere | Elfrid Payton
PIE top15,positive,2,feel_iq_passing + shooting,151,0.003762579398085252,0.0038545940055862,0.0,0.4304635761589404,0.5695364238410596,0.0,0.0004553381570076877,0.0,0.0,Joel Embiid | Luka Dončić | Kawhi Leonard | Alperen Sengun | Tyrese Haliburton
PIE top15,positive,2,feel_iq_passing + creation_handle,100,0.003697053085800729,0.0031276803149947,0.0,0.43,0.57,0.0,0.00038981184472316457,0.0,0.0,Joel Embiid | Luka Dončić | Kawhi Leonard | Tyrese Haliburton | Trae Young
PIE top15,positive,2,feel_iq_passing + finishing_touch,99,0.005984348605517086,0.0058285445309704,0.0,0.40404040404040403,0.5959595959595959,0.0,0.0026771073644395213,0.0,0.0,Joel Embiid | Kawhi Leonard | Alperen Sengun | John Collins | DeMarcus Cousins
PIE top15,positive,2,feel_iq_passing + athleticism_tools,157,0.004210241244277124,0.0039120255229277,0.0,0.4140127388535032,0.5859872611464968,0.0,0.0009030000031995593,0.0,0.0,Joel Embiid | Luka Dončić | Kawhi Leonard | Alperen Sengun | Tyrese Haliburton
PIE top15,positive,2,feel_iq_passing + upside_tools,85,0.002778745273261244,0.0038545940055862,0.0,0.43529411764705883,0.5647058823529412,0.0,-0.0005284959678163205,0.0,0.0,Joel Embiid | Tyrese Haliburton | DeMarcus Cousins | Anthony Davis | Andre Drummond
PIE top15,positive,2,feel_iq_passing + defense,139,0.004215672688962846,0.0039059883475023,0.0,0.4316546762589928,0.5683453237410072,0.0,0.0009084314478852817,0.0,0.0,Joel Embiid | Luka Dončić | Kawhi Leonard | Alperen Sengun | Tyrese Haliburton
PIE top15,positive,2,feel_iq_passing + motor_competitiveness,132,0.004733025179667548,0.004054957924819099,0.0,0.4090909090909091,0.5909090909090909,0.0,0.0014257839385899839,0.0,0.0,Joel Embiid | Luka Dončić | Kawhi Leonard | Trae Young | John Collins
PIE top15,positive,2,feel_iq_passing + size_frame,123,0.0034389515602139408,0.0047196630959634,0.0,0.4146341463414634,0.5853658536585366,0.0,0.00013171031913637634,0.0,0.0,Joel Embiid | Luka Dončić | Tyrese Haliburton | Trae Young | DeMarcus Cousins
PIE top15,positive,2,feel_iq_passing + production_stats,139,0.005049801851937007,0.0041893281183726,0.0,0.39568345323741005,0.60431654676259,0.0,0.0017425606108594422,0.0,0.0,Joel Embiid | Luka Dončić | Alperen Sengun | Tyrese Haliburton | Trae Young
PIE top15,positive,2,feel_iq_passing + intel_consensus,14,-0.00202334987067435,0.0009672269640323,0.0,0.42857142857142855,0.5714285714285714,0.0,-0.005330591111751914,0.0,0.0,Kyle Anderson | Jonas Valančiūnas | CJ McCollum | Rodney Hood | Aaron Gordon
PIE top15,positive,2,shooting + creation_handle,109,0.0013601852155423482,0.0010890368338717,0.0,0.47706422018348627,0.5229357798165137,0.0,-0.0019470560255352163,0.0,0.0,Joel Embiid | Luka Dončić | Kawhi Leonard | Tyrese Haliburton | Trae Young
PIE top15,positive,2,shooting + finishing_touch,116,0.004163364149476991,0.004454495607168,0.0,0.4482758620689655,0.5517241379310345,0.0,0.0008561229083994264,0.0,0.0,Joel Embiid | Jalen Duren | Kawhi Leonard | Alperen Sengun | John Collins
PIE top15,positive,2,shooting + athleticism_tools,188,0.0031478489380210826,0.003454618790708,0.0,0.4521276595744681,0.5478723404255319,0.0,-0.00015939230305648177,0.0,0.0,Joel Embiid | Luka Dončić | Jalen Duren | Kawhi Leonard | Alperen Sengun
PIE top15,positive,2,shooting + upside_tools,101,0.0007580526821167773,0.0008454170941929,0.0,0.49504950495049505,0.504950495049505,0.0,-0.0025491885589607874,0.0,0.0,Joel Embiid | Tyrese Haliburton | DeMarcus Cousins | Anthony Davis | Karl-Anthony Towns
PIE top15,positive,2,shooting + defense,163,0.003183136574946568,0.0021631896579724,0.0,0.4723926380368098,0.5276073619631901,0.0,-0.0001241046661309966,0.0,0.0,Joel Embiid | Luka Dončić | Jalen Duren | Kawhi Leonard | Alperen Sengun
PIE top15,positive,2,shooting + motor_competitiveness,153,0.003635334480250808,0.0039120255229277,0.0,0.43790849673202614,0.5620915032679739,0.0,0.0003280932391732435,0.0,0.0,Joel Embiid | Luka Dončić | Kawhi Leonard | Trae Young | John Collins
PIE top15,positive,2,shooting + size_frame,148,0.0031589292690172664,0.004454495607168,0.0,0.4391891891891892,0.5608108108108109,0.0,-0.00014831197206029807,0.0,0.0,Joel Embiid | Luka Dončić | Jalen Duren | Tyrese Haliburton | Trae Young
PIE top15,positive,2,shooting + production_stats,165,0.004638707401968737,0.0041893281183726,0.0,0.41818181818181815,0.5818181818181818,0.0,0.0013314661608911722,0.0,0.0,Joel Embiid | Luka Dončić | Jalen Duren | Alperen Sengun | Tyrese Haliburton
PIE top15,positive,2,shooting + intel_consensus,15,-0.001884632999568727,0.0008454170941929,0.0,0.4666666666666667,0.5333333333333333,0.0,-0.005191874240646292,0.0,0.0,Donovan Mitchell | Kyle Anderson | Jonas Valančiūnas | CJ McCollum | Rodney Hood
PIE top15,positive,2,creation_handle + finishing_touch,76,0.0020734161220053657,0.0009672269640323,0.0,0.4868421052631579,0.5131578947368421,0.0,-0.0012338251190721987,0.0,0.0,Joel Embiid | Kawhi Leonard | DeMarcus Cousins | Andre Drummond | Karl-Anthony Towns
PIE top15,positive,2,creation_handle + athleticism_tools,113,0.00218162585801084,0.0020293868391951,0.0,0.46017699115044247,0.5398230088495575,0.0,-0.0011256153830667246,0.0,0.0,Joel Embiid | Luka Dončić | Kawhi Leonard | Tyrese Haliburton | Trae Young
PIE top15,positive,2,creation_handle + upside_tools,60,1.837827313913803e-05,-0.00117376583077585,0.0,0.5166666666666667,0.48333333333333334,0.0,-0.0032888629679384265,0.0,0.0,Joel Embiid | Tyrese Haliburton | DeMarcus Cousins | Andre Drummond | Karl-Anthony Towns
PIE top15,positive,2,creation_handle + defense,95,0.0031016677761687,0.0020293868391951,0.0,0.4631578947368421,0.5368421052631579,0.0,-0.00020557346490886457,0.0,0.0,Joel Embiid | Luka Dončić | Kawhi Leonard | Tyrese Haliburton | Trae Young
PIE top15,positive,2,creation_handle + motor_competitiveness,94,0.003967192360283831,0.00320999440735385,0.0,0.43617021276595747,0.5638297872340425,0.0,0.0006599511192062666,0.0,0.0,Joel Embiid | Luka Dončić | Kawhi Leonard | Trae Young | DeMarcus Cousins
PIE top15,positive,2,creation_handle + size_frame,96,0.0027169249530629804,0.0027542077213649997,0.0,0.4479166666666667,0.5520833333333334,0.0,-0.000590316288014584,0.0,0.0,Joel Embiid | Luka Dončić | Tyrese Haliburton | Trae Young | DeMarcus Cousins
PIE top15,positive,2,creation_handle + production_stats,100,0.0023823864024137475,0.00264214765911725,0.0,0.44,0.56,0.0,-0.0009248548386638169,0.0,0.0,Joel Embiid | Luka Dončić | Tyrese Haliburton | Trae Young | DeMarcus Cousins
PIE top15,positive,2,finishing_touch + athleticism_tools,121,0.004579195258283027,0.0050860249415261,0.0,0.4380165289256198,0.5619834710743802,0.0,0.0012719540172054628,0.0,0.0,Joel Embiid | Jalen Duren | Kawhi Leonard | Alperen Sengun | John Collins
PIE top15,positive,2,finishing_touch + upside_tools,70,0.005743095369466281,0.0049028440187447505,0.0,0.42857142857142855,0.5714285714285714,0.0,0.002435854128388716,0.0,0.0,Joel Embiid | DeMarcus Cousins | Anthony Davis | Andre Drummond | Karl-Anthony Towns
PIE top15,positive,2,finishing_touch + defense,108,0.005341755336417791,0.0054405812156087,0.0,0.4351851851851852,0.5648148148148148,0.0,0.002034514095340227,0.0,0.0,Joel Embiid | Jalen Duren | Kawhi Leonard | Alperen Sengun | John Collins
PIE top15,positive,2,finishing_touch + motor_competitiveness,105,0.004315471113896499,0.0050860249415261,0.0,0.42857142857142855,0.5714285714285714,0.0,0.001008229872818935,0.0,0.0,Joel Embiid | Kawhi Leonard | John Collins | DeMarcus Cousins | Anthony Davis
PIE top15,positive,2,finishing_touch + size_frame,101,0.00422586712474807,0.0052658836875371,0.0,0.42574257425742573,0.5742574257425742,0.0,0.0009186258836705054,0.0,0.0,Joel Embiid | Jalen Duren | DeMarcus Cousins | Anthony Davis | Andre Drummond
PIE top15,positive,2,finishing_touch + production_stats,106,0.004685883819004314,0.0054405812156087,0.0,0.41509433962264153,0.5849056603773585,0.0,0.0013786425779267497,0.0,0.0,Joel Embiid | Jalen Duren | Alperen Sengun | John Collins | DeMarcus Cousins
PIE top15,positive,2,athleticism_tools + upside_tools,107,0.0017314965889385083,0.0020293868391951,0.0,0.48598130841121495,0.514018691588785,0.0,-0.001575744652139056,0.0,0.0,Joel Embiid | Tyrese Haliburton | DeMarcus Cousins | Anthony Davis | Andre Drummond
PIE top15,positive,2,athleticism_tools + defense,172,0.003604736771260804,0.00296908613483055,0.0,0.45930232558139533,0.5406976744186046,0.0,0.0002974955301832394,0.0,0.0,Joel Embiid | Luka Dončić | Jalen Duren | Kawhi Leonard | Alperen Sengun
PIE top15,positive,2,athleticism_tools + motor_competitiveness,160,0.00379410264551824,0.00391630662709665,0.0,0.43125,0.56875,0.0,0.0004868614044406757,0.0,0.0,Joel Embiid | Luka Dončić | Kawhi Leonard | Trae Young | John Collins
PIE top15,positive,2,athleticism_tools + size_frame,155,0.0031297457642591496,0.0041893281183726,0.0,0.43870967741935485,0.5612903225806452,0.0,-0.00017749547681841478,0.0,0.0,Joel Embiid | Luka Dončić | Jalen Duren | Tyrese Haliburton | Trae Young
PIE top15,positive,2,athleticism_tools + production_stats,171,0.004514603692105513,0.0041893281183726,0.0,0.4152046783625731,0.5847953216374269,0.0,0.001207362451027949,0.0,0.0,Joel Embiid | Luka Dončić | Jalen Duren | Alperen Sengun | Tyrese Haliburton
PIE top15,positive,2,athleticism_tools + intel_consensus,16,-0.0016210820445417,0.0009672269640323,0.0,0.4375,0.5625,0.0,-0.004928323285619264,0.0,0.0,Donovan Mitchell | Kyle Anderson | Jonas Valančiūnas | CJ McCollum | Rodney Hood
PIE top15,positive,2,upside_tools + defense,95,0.0018655004885203231,0.0008454170941929,0.0,0.49473684210526314,0.5052631578947369,0.0,-0.0014417407525572413,0.0,0.0,Joel Embiid | Tyrese Haliburton | DeMarcus Cousins | Anthony Davis | Andre Drummond
PIE top15,positive,2,upside_tools + motor_competitiveness,91,0.0024031372855531823,0.0034302089778811,0.0,0.45054945054945056,0.5494505494505495,0.0,-0.0009041039555243821,0.0,0.0,Joel Embiid | DeMarcus Cousins | Anthony Davis | Andre Drummond | Karl-Anthony Towns
PIE top15,positive,2,upside_tools + size_frame,89,0.0011468108715602368,0.0008454170941929,0.0,0.4943820224719101,0.5056179775280899,0.0,-0.002160430369517328,0.0,0.0,Joel Embiid | Tyrese Haliburton | DeMarcus Cousins | Anthony Davis | Andre Drummond
PIE top15,positive,2,upside_tools + production_stats,94,0.00256229512696557,0.00296908613483055,0.0,0.4574468085106383,0.5425531914893617,0.0,-0.0007449461141119944,0.0,0.0,Joel Embiid | Tyrese Haliburton | DeMarcus Cousins | Anthony Davis | Karl-Anthony Towns
PIE top15,positive,2,defense + motor_competitiveness,142,0.0033588266715595004,0.00242007278632185,0.0,0.45774647887323944,0.5422535211267606,0.0,5.158543048193595e-05,0.0,0.0,Joel Embiid | Luka Dončić | Kawhi Leonard | Trae Young | John Collins
PIE top15,positive,2,defense + size_frame,140,0.00310630332167442,0.0029056054421993,0.0,0.45714285714285713,0.5428571428571428,0.0,-0.00020093791940314432,0.0,0.0,Joel Embiid | Luka Dončić | Jalen Duren | Tyrese Haliburton | Trae Young
PIE top15,positive,2,defense + production_stats,149,0.00439661899122338,0.0039059883475023,0.0,0.436241610738255,0.5637583892617449,0.0,0.0010893777501458156,0.0,0.0,Joel Embiid | Luka Dončić | Jalen Duren | Alperen Sengun | Tyrese Haliburton
PIE top15,positive,2,defense + intel_consensus,14,0.0005915533938444356,0.00150430337608265,0.0,0.42857142857142855,0.5714285714285714,0.0,-0.0027156878472331288,0.0,0.0,Donovan Mitchell | Kyle Anderson | Jonas Valančiūnas | CJ McCollum | Rodney Hood
PIE top15,positive,2,motor_competitiveness + size_frame,129,0.0033391490641303733,0.0047196630959634,0.0,0.4263565891472868,0.5736434108527132,0.0,3.190782305280892e-05,0.0,0.0,Joel Embiid | Luka Dončić | Trae Young | DeMarcus Cousins | Anthony Davis
PIE top15,positive,2,motor_competitiveness + production_stats,143,0.004198675223076144,0.0047196630959634,0.0,0.4125874125874126,0.5874125874125874,0.0,0.0008914339819985797,0.0,0.0,Joel Embiid | Luka Dončić | Trae Young | John Collins | DeMarcus Cousins
PIE top15,positive,2,motor_competitiveness + intel_consensus,14,-0.0040444238257578,-0.00055131931382095,0.0,0.5,0.5,0.0,-0.007351665066835364,0.0,0.0,Donovan Mitchell | Jonas Valančiūnas | CJ McCollum | Aaron Gordon | Jaren Jackson Jr.
PIE top15,positive,2,size_frame + production_stats,138,0.004415336958513846,0.0054405812156087,0.0,0.4057971014492754,0.5942028985507246,0.0,0.0011080957174362817,0.0,0.0,Joel Embiid | Luka Dončić | Jalen Duren | Tyrese Haliburton | Trae Young
PIE top15,positive,2,size_frame + intel_consensus,15,-0.0031881088528526464,0.0008454170941929,0.0,0.4666666666666667,0.5333333333333333,0.0,-0.006495350093930211,0.0,0.0,Donovan Mitchell | Kyle Anderson | Jonas Valančiūnas | Rodney Hood | Aaron Gordon
PIE top15,positive,2,production_stats + intel_consensus,15,-0.0009204891617488,0.0010890368338717,0.0,0.4,0.6,0.0,-0.004227730402826364,0.0,0.0,Donovan Mitchell | Kyle Anderson | Jonas Valančiūnas | CJ McCollum | Rodney Hood
PIE top30,positive,2,feel_iq_passing + shooting,316,0.002166926781246996,0.003454618790708,0.0,0.4430379746835443,0.5569620253164557,0.0,-0.0008810788620510937,0.0,0.0,Joel Embiid | Luka Dončić | Montrezl Harrell | Isaiah Hartenstein | Bol Bol
PIE top30,positive,2,feel_iq_passing + creation_handle,178,0.004362697282515146,0.00413054578265265,0.0,0.42696629213483145,0.5730337078651685,0.0,0.0013146916392170567,0.0,0.0,Joel Embiid | Luka Dončić | Montrezl Harrell | Isaiah Hartenstein | Bol Bol
PIE top30,positive,2,feel_iq_passing + finishing_touch,191,0.006245690836036247,0.0087905233456557,0.0,0.3769633507853403,0.6230366492146597,0.0,0.0031976851927381575,0.0,0.0,Joel Embiid | Mark Williams | Montrezl Harrell | Isaiah Hartenstein | Bol Bol
PIE top30,positive,2,feel_iq_passing + athleticism_tools,327,0.0031963970902228194,0.0039205877312656,0.0,0.42813455657492355,0.5718654434250765,0.0,0.00014839144692472975,0.0,0.0,Joel Embiid | Luka Dončić | Mark Williams | Montrezl Harrell | Isaiah Hartenstein
PIE top30,positive,2,feel_iq_passing + upside_tools,163,0.0055255676987776515,0.0047196630959634,0.0,0.4233128834355828,0.5766871165644172,0.0,0.002477562055479562,0.0,0.0,Joel Embiid | Montrezl Harrell | Isaiah Hartenstein | Bol Bol | Robert Williams III
PIE top30,positive,2,feel_iq_passing + defense,278,0.002934874491185633,0.00403780350019535,0.0,0.42805755395683454,0.5719424460431655,0.0,-0.00011313115211245657,0.0,0.0,Joel Embiid | Luka Dončić | Mark Williams | Montrezl Harrell | Isaiah Hartenstein
PIE top30,positive,2,feel_iq_passing + motor_competitiveness,254,0.0038335166393582637,0.0042691970803750996,0.0,0.41732283464566927,0.5826771653543307,0.0,0.0007855109960601741,0.0,0.0,Joel Embiid | Luka Dončić | Mark Williams | Montrezl Harrell | Isaiah Hartenstein
PIE top30,positive,2,feel_iq_passing + size_frame,249,0.002626608832898847,0.0047196630959634,0.0,0.41365461847389556,0.5863453815261044,0.0,-0.0004213968103992426,0.0,0.0,Joel Embiid | Luka Dončić | Mark Williams | Montrezl Harrell | Isaiah Hartenstein
PIE top30,positive,2,feel_iq_passing + production_stats,271,0.00585176502610728,0.0058181917136046,0.0,0.3874538745387454,0.6125461254612546,0.0,0.00280375938280919,0.0,0.0,Joel Embiid | Luka Dončić | Mark Williams | Montrezl Harrell | Isaiah Hartenstein
PIE top30,positive,2,feel_iq_passing + risk_uncertainty,14,-0.009213385813628624,-0.0009710212035495,0.0,0.5,0.5,0.0,-0.012261391456926713,0.0,0.0,Montrezl Harrell | Ja Morant | Ante Zizic | Obi Toppin | Klay Thompson
PIE top30,positive,2,feel_iq_passing + intel_consensus,20,0.003970381537638571,0.00265452966896665,0.0,0.3,0.7,0.0,0.0009223758943404815,0.0,0.0,Jusuf Nurkić | Dennis Schröder | Kyle Anderson | Jonas Valančiūnas | CJ McCollum
PIE top30,positive,2,feel_iq_passing + other,12,-0.0014592882648706087,0.0006717025782258,0.0,0.5,0.5,0.0,-0.004507293908168698,0.0,0.0,Will Barton | Bruno Fernando | Skal Labissiere | Elfrid Payton | Shabazz Muhammad
PIE top30,positive,2,shooting + creation_handle,199,0.0022865652692781887,0.0020293868391951,0.0,0.4623115577889447,0.5376884422110553,0.0,-0.0007614403740199009,0.0,0.0,Joel Embiid | Luka Dončić | Montrezl Harrell | Isaiah Hartenstein | Bol Bol
PIE top30,positive,2,shooting + finishing_touch,224,0.004325804194024318,0.00571673522864245,0.0,0.42857142857142855,0.5714285714285714,0.0,0.0012777985507262286,0.0,0.0,Joel Embiid | Rudy Gobert | Bam Adebayo | Montrezl Harrell | Isaiah Hartenstein
PIE top30,positive,2,shooting + athleticism_tools,392,0.00183082700446299,0.00209628824858375,0.0,0.4719387755102041,0.5280612244897959,0.0,-0.0012171786388350996,0.0,0.0,Joel Embiid | Luka Dončić | Rudy Gobert | Bam Adebayo | Montrezl Harrell
PIE top30,positive,2,shooting + upside_tools,198,0.0030167945532396925,0.0013182806406231,0.0,0.4898989898989899,0.51010101010101,0.0,-3.121109005839711e-05,0.0,0.0,Joel Embiid | Rudy Gobert | Bam Adebayo | Montrezl Harrell | Isaiah Hartenstein
PIE top30,positive,2,shooting + defense,324,0.001696562142155276,0.0022242163663032,0.0,0.4691358024691358,0.5308641975308642,0.0,-0.0013514435011428136,0.0,0.0,Joel Embiid | Luka Dončić | Rudy Gobert | Bam Adebayo | Montrezl Harrell
PIE top30,positive,2,shooting + motor_competitiveness,294,0.00241962694223113,0.0027424201744248,0.0,0.4557823129251701,0.54421768707483,0.0,-0.0006283787010669594,0.0,0.0,Joel Embiid | Luka Dončić | Rudy Gobert | Bam Adebayo | Montrezl Harrell
PIE top30,positive,2,shooting + size_frame,296,0.0019463658285057027,0.0032561979567939502,0.0,0.44932432432432434,0.5506756756756757,0.0,-0.001101639814792387,0.0,0.0,Joel Embiid | Luka Dončić | Rudy Gobert | Bam Adebayo | Montrezl Harrell
PIE top30,positive,2,shooting + production_stats,318,0.004232856581298064,0.00403780350019535,0.0,0.4308176100628931,0.5691823899371069,0.0,0.001184850937999974,0.0,0.0,Joel Embiid | Luka Dončić | Bam Adebayo | Montrezl Harrell | Isaiah Hartenstein
PIE top30,positive,2,shooting + risk_uncertainty,16,-0.010873300579463376,-0.00481658884023405,0.0,0.625,0.375,0.0,-0.013921306222761465,0.0,0.0,Montrezl Harrell | Ja Morant | Obi Toppin | Klay Thompson | Kyrie Irving
PIE top30,positive,2,shooting + intel_consensus,23,0.0030392690138525166,0.0021631896579724,0.0,0.34782608695652173,0.6521739130434783,0.0,-8.736629445572994e-06,0.0,0.0,Jusuf Nurkić | Donovan Mitchell | Dennis Schröder | Kyle Anderson | Jonas Valančiūnas
PIE top30,positive,2,shooting + other,14,-0.00031746458765446523,0.00161278556649865,0.0,0.42857142857142855,0.5714285714285714,0.0,-0.003365470230952555,0.0,0.0,Will Barton | Bruno Fernando | Skal Labissiere | Elfrid Payton | Shabazz Muhammad
PIE top30,positive,2,creation_handle + finishing_touch,130,0.005042598409368639,0.0038128552810646,0.0,0.43846153846153846,0.5615384615384615,0.0,0.0019945927660705498,0.0,0.0,Joel Embiid | Montrezl Harrell | Isaiah Hartenstein | Bol Bol | Kawhi Leonard
PIE top30,positive,2,creation_handle + athleticism_tools,202,0.002705972537042088,0.00264214765911725,0.0,0.45544554455445546,0.5445544554455446,0.0,-0.00034203310625600166,0.0,0.0,Joel Embiid | Luka Dončić | Montrezl Harrell | Isaiah Hartenstein | Bol Bol
PIE top30,positive,2,creation_handle + upside_tools,104,0.003340309883124552,0.00036108461012765,0.0,0.5,0.5,0.0,0.00029230423982646225,0.0,0.0,Joel Embiid | Montrezl Harrell | Isaiah Hartenstein | Bol Bol | Jordan Clarkson
PIE top30,positive,2,creation_handle + defense,170,0.003594295688080722,0.0033727068040508,0.0,0.45294117647058824,0.5470588235294118,0.0,0.0005462900447826325,0.0,0.0,Joel Embiid | Luka Dončić | Montrezl Harrell | Isaiah Hartenstein | Bol Bol
PIE top30,positive,2,creation_handle + motor_competitiveness,159,0.0038432317872105887,0.00250796329178,0.0,0.44654088050314467,0.5534591194968553,0.0,0.0007952261439124991,0.0,0.0,Joel Embiid | Luka Dončić | Montrezl Harrell | Isaiah Hartenstein | Bol Bol
PIE top30,positive,2,creation_handle + size_frame,161,0.0030211312475038332,0.0034790286035349,0.0,0.43478260869565216,0.5652173913043478,0.0,-2.6874395794256392e-05,0.0,0.0,Joel Embiid | Luka Dončić | Montrezl Harrell | Isaiah Hartenstein | Bol Bol
PIE top30,positive,2,creation_handle + production_stats,171,0.0037197614739482234,0.0043490660423776,0.0,0.4152046783625731,0.5847953216374269,0.0,0.0006717558306501338,0.0,0.0,Joel Embiid | Luka Dončić | Montrezl Harrell | Isaiah Hartenstein | Bol Bol
PIE top30,positive,2,creation_handle + intel_consensus,14,-0.0004152339688904936,0.0011426105638369499,0.0,0.35714285714285715,0.6428571428571429,0.0,-0.003463239612188583,0.0,0.0,Dennis Schröder | Kyle Anderson | CJ McCollum | Dario Saric | Rodney Hood
PIE top30,positive,2,finishing_touch + athleticism_tools,236,0.005637177007790506,0.00695576788435965,0.0,0.4110169491525424,0.5889830508474576,0.0,0.0025891713644924166,0.0,0.0,Joel Embiid | Rudy Gobert | Mark Williams | Bam Adebayo | Montrezl Harrell
PIE top30,positive,2,finishing_touch + upside_tools,131,0.008993068458158678,0.0067931295950872,0.0,0.40458015267175573,0.5954198473282443,0.0,0.005945062814860588,0.0,0.0,Joel Embiid | Rudy Gobert | Bam Adebayo | Montrezl Harrell | Isaiah Hartenstein
PIE top30,positive,2,finishing_touch + defense,207,0.005893272314397272,0.0074170023338441,0.0,0.4057971014492754,0.5942028985507246,0.0,0.0028452666710991822,0.0,0.0,Joel Embiid | Rudy Gobert | Mark Williams | Bam Adebayo | Montrezl Harrell
PIE top30,positive,2,finishing_touch + motor_competitiveness,193,0.005424529155627939,0.0068593903759126,0.0,0.40414507772020725,0.5958549222797928,0.0,0.0023765235123298497,0.0,0.0,Joel Embiid | Rudy Gobert | Mark Williams | Bam Adebayo | Montrezl Harrell
PIE top30,positive,2,finishing_touch + size_frame,193,0.005564664312356158,0.0074170023338441,0.0,0.38860103626943004,0.6113989637305699,0.0,0.0025166586690580682,0.0,0.0,Joel Embiid | Rudy Gobert | Mark Williams | Bam Adebayo | Montrezl Harrell
PIE top30,positive,2,finishing_touch + production_stats,197,0.008122688123939887,0.0081903387475339,0.0,0.38071065989847713,0.6192893401015228,0.0,0.005074682480641798,0.0,0.0,Joel Embiid | Mark Williams | Bam Adebayo | Montrezl Harrell | Isaiah Hartenstein
PIE top30,positive,2,athleticism_tools + upside_tools,208,0.00459996803920224,0.0023355764748762,0.0,0.47596153846153844,0.5240384615384616,0.0,0.0015519623959041502,0.0,0.0,Hassan Whiteside | Joel Embiid | Rudy Gobert | Bam Adebayo | Montrezl Harrell
PIE top30,positive,2,athleticism_tools + defense,344,0.0031067757863052583,0.003454618790708,0.0,0.45348837209302323,0.5465116279069767,0.0,5.8770143007168697e-05,0.0,0.0,Hassan Whiteside | Joel Embiid | Luka Dončić | Rudy Gobert | Mark Williams
PIE top30,positive,2,athleticism_tools + motor_competitiveness,308,0.003258638343746813,0.0035719470085413003,0.0,0.44805194805194803,0.551948051948052,0.0,0.00021063270044872342,0.0,0.0,Joel Embiid | Luka Dončić | Rudy Gobert | Mark Williams | Bam Adebayo
PIE top30,positive,2,athleticism_tools + size_frame,313,0.0030363690558048587,0.0039120255229277,0.0,0.44089456869009586,0.5591054313099042,0.0,-1.1636587493230911e-05,0.0,0.0,Hassan Whiteside | Joel Embiid | Luka Dončić | Rudy Gobert | Mark Williams
PIE top30,positive,2,athleticism_tools + production_stats,332,0.0050108757148566805,0.0049028440187447505,0.0,0.42168674698795183,0.5783132530120482,0.0,0.001962870071558591,0.0,0.0,Joel Embiid | Luka Dončić | Mark Williams | Bam Adebayo | Montrezl Harrell
PIE top30,positive,2,athleticism_tools + risk_uncertainty,18,-0.008839558552510333,-0.00481658884023405,0.0,0.6111111111111112,0.3888888888888889,0.0,-0.011887564195808423,0.0,0.0,Montrezl Harrell | Ja Morant | Ante Zizic | Obi Toppin | Klay Thompson
PIE top30,positive,2,athleticism_tools + intel_consensus,25,0.0034407733839085003,0.0023321822808637,0.0,0.32,0.68,0.0,0.0003927677406104107,0.0,0.0,Jusuf Nurkić | Donovan Mitchell | Dennis Schröder | Kyle Anderson | Jonas Valančiūnas
PIE top30,positive,2,athleticism_tools + other,14,-0.00031746458765446523,0.00161278556649865,0.0,0.42857142857142855,0.5714285714285714,0.0,-0.003365470230952555,0.0,0.0,Will Barton | Bruno Fernando | Skal Labissiere | Elfrid Payton | Shabazz Muhammad
PIE top30,positive,2,upside_tools + defense,180,0.005642291703864339,0.0036711172504044,0.0,0.45555555555555555,0.5444444444444444,0.0,0.0025942860605662494,0.0,0.0,Hassan Whiteside | Joel Embiid | Rudy Gobert | Bam Adebayo | Montrezl Harrell
PIE top30,positive,2,upside_tools + motor_competitiveness,158,0.005378088034213127,0.00388330976425695,0.0,0.44936708860759494,0.5506329113924051,0.0,0.002330082390915037,0.0,0.0,Joel Embiid | Rudy Gobert | Bam Adebayo | Montrezl Harrell | Isaiah Hartenstein
PIE top30,positive,2,upside_tools + size_frame,164,0.005383494471951897,0.004454495607168,0.0,0.4451219512195122,0.5548780487804879,0.0,0.002335488828653807,0.0,0.0,Hassan Whiteside | Joel Embiid | Rudy Gobert | Bam Adebayo | Montrezl Harrell
PIE top30,positive,2,upside_tools + production_stats,174,0.0058095307552976224,0.0049028440187447505,0.0,0.42528735632183906,0.5747126436781609,0.0,0.002761525111999533,0.0,0.0,Joel Embiid | Bam Adebayo | Montrezl Harrell | Isaiah Hartenstein | Bol Bol
PIE top30,positive,2,upside_tools + risk_uncertainty,13,0.0008713533134756772,-0.0027227711452848,0.0,0.5384615384615384,0.46153846153846156,0.0,-0.0021766523298224123,0.0,0.0,Montrezl Harrell | Ja Morant | Ante Zizic | Obi Toppin | Kyrie Irving
PIE top30,positive,2,defense + motor_competitiveness,265,0.00310140138569732,0.0029768770570696,0.0,0.45660377358490567,0.5433962264150943,0.0,5.339574239923055e-05,0.0,0.0,Joel Embiid | Luka Dončić | Rudy Gobert | Mark Williams | Bam Adebayo
PIE top30,positive,2,defense + size_frame,265,0.003158851187245189,0.0041550192691251,0.0,0.4339622641509434,0.5660377358490566,0.0,0.00011084554394709921,0.0,0.0,Hassan Whiteside | Joel Embiid | Luka Dončić | Rudy Gobert | Mark Williams
PIE top30,positive,2,defense + production_stats,280,0.005334591950626251,0.00471754549195185,0.0,0.425,0.575,0.0,0.0022865863073281614,0.0,0.0,Joel Embiid | Luka Dončić | Mark Williams | Bam Adebayo | Montrezl Harrell
PIE top30,positive,2,defense + risk_uncertainty,15,-0.009721912530958794,-0.005661748434174,0.0,0.5333333333333333,0.4666666666666667,0.0,-0.012769918174256883,0.0,0.0,Montrezl Harrell | Ja Morant | Ante Zizic | Obi Toppin | Klay Thompson
PIE top30,positive,2,defense + intel_consensus,21,0.0030628216669765142,0.0023321822808637,0.0,0.3333333333333333,0.6666666666666666,0.0,1.4816023678424634e-05,0.0,0.0,Donovan Mitchell | Dennis Schröder | Kyle Anderson | Jonas Valančiūnas | CJ McCollum
PIE top30,positive,2,motor_competitiveness + size_frame,240,0.0034287952585761007,0.0049028440187447505,0.0,0.42083333333333334,0.5791666666666667,0.0,0.00038078961527801113,0.0,0.0,Joel Embiid | Luka Dončić | Rudy Gobert | Mark Williams | Bam Adebayo
PIE top30,positive,2,motor_competitiveness + production_stats,264,0.005692624098341542,0.0051053576601809494,0.0,0.4128787878787879,0.5871212121212122,0.0,0.002644618455043452,0.0,0.0,Joel Embiid | Luka Dončić | Mark Williams | Bam Adebayo | Montrezl Harrell
PIE top30,positive,2,motor_competitiveness + risk_uncertainty,16,0.0002104243195271134,-0.00334710019578945,0.0,0.5625,0.4375,0.0,-0.0028375813237709762,0.0,0.0,Montrezl Harrell | Ja Morant | Ante Zizic | Obi Toppin | Klay Thompson
PIE top30,positive,2,motor_competitiveness + intel_consensus,20,0.0008704660068256547,0.0011426105638369499,0.0,0.4,0.6,0.0,-0.0021775396364724347,0.0,0.0,Jusuf Nurkić | Donovan Mitchell | Dennis Schröder | Jonas Valančiūnas | CJ McCollum
PIE top30,positive,2,motor_competitiveness + other,13,0.0026865286165437987,0.0020293868391951,0.0,0.38461538461538464,0.6153846153846154,0.0,-0.00036147702675429086,0.0,0.0,Will Barton | Bruno Fernando | Skal Labissiere | Elfrid Payton | Shabazz Muhammad
PIE top30,positive,2,size_frame + production_stats,258,0.005282900784841853,0.00571673522864245,0.0,0.40310077519379844,0.5968992248062015,0.0,0.0022348951415437635,0.0,0.0,Joel Embiid | Luka Dončić | Mark Williams | Bam Adebayo | Montrezl Harrell
PIE top30,positive,2,size_frame + risk_uncertainty,16,-0.009941325776884844,-0.0061254570116996004,0.0,0.625,0.375,0.0,-0.012989331420182933,0.0,0.0,Montrezl Harrell | Ja Morant | Ante Zizic | Obi Toppin | Klay Thompson
PIE top30,positive,2,size_frame + intel_consensus,23,0.002468437224040733,0.0021631896579724,0.0,0.34782608695652173,0.6521739130434783,0.0,-0.0005795684192573566,0.0,0.0,Jusuf Nurkić | Donovan Mitchell | Dennis Schröder | Kyle Anderson | Jonas Valančiūnas
PIE top30,positive,2,size_frame + other,14,-0.00031746458765446523,0.00161278556649865,0.0,0.42857142857142855,0.5714285714285714,0.0,-0.003365470230952555,0.0,0.0,Will Barton | Bruno Fernando | Skal Labissiere | Elfrid Payton | Shabazz Muhammad
PIE top30,positive,2,production_stats + risk_uncertainty,17,-0.008971934609174165,-0.0039714292462941,0.0,0.5882352941176471,0.4117647058823529,0.0,-0.012019940252472255,0.0,0.0,Montrezl Harrell | Ja Morant | Ante Zizic | Obi Toppin | Klay Thompson
PIE top30,positive,2,production_stats + intel_consensus,22,0.0025469892390793864,0.00224768596941805,0.0,0.3181818181818182,0.6818181818181818,0.0,-0.0005010164042187032,0.0,0.0,Donovan Mitchell | Dennis Schröder | Kyle Anderson | Jonas Valančiūnas | CJ McCollum
PIE top30,positive,2,production_stats + other,14,-0.00031746458765446523,0.00161278556649865,0.0,0.42857142857142855,0.5714285714285714,0.0,-0.003365470230952555,0.0,0.0,Will Barton | Bruno Fernando | Skal Labissiere | Elfrid Payton | Shabazz Muhammad
