slice,combo_kind,combo_size,combo,n,mean_surplus,median_surplus,bust_or_major_underperform_rate,underperform_rate,positive_surplus_rate,big_overperform_rate,mean_surplus_delta_vs_baseline,bust_rate_delta_vs_baseline,big_overperform_rate_delta_vs_baseline,example_players
xRAPM historical mature,risk,2,feel_iq_passing + shooting,333,-0.06382719139215776,-0.2254320987654323,0.3813813813813814,0.5795795795795796,0.42042042042042044,0.29429429429429427,-0.15133497060983406,0.039996518257387814,-0.02937720329024679,James Wiseman | Kevin Knox II | Craig Brackins | Josh Christopher | Jonny Flynn
xRAPM historical mature,risk,2,feel_iq_passing + creation_handle,163,-0.2200534821872818,-0.2595121951219514,0.4233128834355828,0.588957055214724,0.4110429447852761,0.27607361963190186,-0.3075612614049581,0.08192802031158924,-0.0475978779526392,Kevin Knox II | Josh Christopher | Jonny Flynn | Patrick Williams | Travis Leslie
xRAPM historical mature,risk,2,feel_iq_passing + finishing_touch,124,-0.009029698056796855,-0.0650620839733744,0.3548387096774194,0.5161290322580645,0.4838709677419355,0.29838709677419356,-0.09653747727447315,0.013453846553425797,-0.025284400810347496,James Wiseman | Kevin Knox II | Craig Brackins | Fab Melo | Patrick Williams
xRAPM historical mature,risk,2,feel_iq_passing + athleticism_tools,346,0.016366117796006954,-0.19951219512195115,0.3699421965317919,0.5606936416184971,0.4393063583815029,0.3179190751445087,-0.07114166142166935,0.028557333407798313,-0.005752422440032379,James Wiseman | Kevin Knox II | Craig Brackins | Josh Christopher | Jonny Flynn
xRAPM historical mature,risk,2,feel_iq_passing + upside_tools,125,0.0022622667795000827,-0.1171031746031743,0.36,0.552,0.448,0.312,-0.08524551243817621,0.01861513687600641,-0.011671497584541057,James Wiseman | Kevin Knox II | Fab Melo | Elijah Hughes | Patrick Williams
xRAPM historical mature,risk,2,feel_iq_passing + defense,270,-0.004872330892957267,-0.21051550616312603,0.3888888888888889,0.5666666666666667,0.43333333333333335,0.3037037037037037,-0.09238011011063357,0.04750402576489532,-0.01996779388083736,James Wiseman | Kevin Knox II | Craig Brackins | Jonny Flynn | Fab Melo
xRAPM historical mature,risk,2,feel_iq_passing + motor_competitiveness,185,-0.10464570528220817,-0.2336021505376344,0.4,0.572972972972973,0.42702702702702705,0.3081081081081081,-0.19215348449988445,0.058615136876006446,-0.015563389476432932,James Wiseman | Kevin Knox II | Craig Brackins | Jonny Flynn | Fab Melo
xRAPM historical mature,risk,2,feel_iq_passing + size_frame,146,-0.0872291223039448,-0.22680879131819995,0.3904109589041096,0.5753424657534246,0.4246575342465753,0.3150684931506849,-0.1747369015216211,0.04902609578011602,-0.008603004433856143,James Wiseman | Kevin Knox II | Jonny Flynn | Fab Melo | Elijah Hughes
xRAPM historical mature,risk,2,feel_iq_passing + production_stats,154,-0.1886997136860566,-0.26249419279907094,0.3961038961038961,0.6038961038961039,0.3961038961038961,0.2662337662337662,-0.2762074929037329,0.05471903297990255,-0.057437731350774845,James Wiseman | Kevin Knox II | Craig Brackins | Josh Christopher | Fab Melo
xRAPM historical mature,risk,2,feel_iq_passing + injury_medical,46,0.08005666220786825,-0.08952120739005989,0.34782608695652173,0.5217391304347826,0.4782608695652174,0.34782608695652173,-0.00745111700980805,0.0064412238325281534,0.024154589371980673,James Wiseman | Mfiondu Kabengele | Brice Johnson | Victor Claver | Demetrius Jackson
xRAPM historical mature,risk,2,feel_iq_passing + risk_uncertainty,87,0.030760464656965514,-0.101155913978495,0.3448275862068966,0.5402298850574713,0.45977011494252873,0.28735632183908044,-0.05674731456071079,0.0034427230829029987,-0.036315175745460615,James Wiseman | Fab Melo | Tyler Lydon | Mfiondu Kabengele | Emmanuel Mudiay
xRAPM historical mature,risk,2,feel_iq_passing + intel_consensus,15,-0.41351683394458116,-0.7136021505376343,0.4666666666666667,0.6,0.4,0.26666666666666666,-0.5010246131622574,0.1252818035426731,-0.057004830917874394,Fab Melo | Patrick Williams | Elliot Williams | Arnett Moultrie | Glen Rice
xRAPM historical mature,risk,2,shooting + creation_handle,224,-0.23429140953997402,-0.2548067076292881,0.39285714285714285,0.5758928571428571,0.42410714285714285,0.2544642857142857,-0.32179918875765035,0.05147227973314927,-0.06920721187025536,Kevin Knox II | Jahlil Okafor | Josh Jackson | Josh Christopher | Royce White
xRAPM historical mature,risk,2,shooting + finishing_touch,177,0.0921055369649705,0.0604761904761903,0.3220338983050847,0.480225988700565,0.519774011299435,0.3220338983050847,0.004597757747294193,-0.019350964818908856,-0.0016375992794563365,James Wiseman | Kevin Knox II | Jahlil Okafor | Craig Brackins | Fab Melo
xRAPM historical mature,risk,2,shooting + athleticism_tools,482,0.046987314143685836,-0.16471335597057155,0.34439834024896265,0.5435684647302904,0.45643153526970953,0.31742738589211617,-0.040520465073990465,0.0030134771249690773,-0.006244111692424892,James Wiseman | Kevin Knox II | Jahlil Okafor | Craig Brackins | Josh Jackson
xRAPM historical mature,risk,2,shooting + upside_tools,158,-0.12848779333054863,-0.22951712465153334,0.3670886075949367,0.5822784810126582,0.4177215189873418,0.2721518987341772,-0.21599557254822493,0.025703744470943146,-0.051519598850363835,James Wiseman | Kevin Knox II | Jahlil Okafor | Fab Melo | Elijah Hughes
xRAPM historical mature,risk,2,shooting + defense,369,-0.02441607084241309,-0.1855000000000002,0.37398373983739835,0.5582655826558266,0.44173441734417346,0.2899728997289973,-0.1119238500600894,0.03259887671340478,-0.033698597855543744,James Wiseman | Kevin Knox II | Jahlil Okafor | Craig Brackins | Jonny Flynn
xRAPM historical mature,risk,2,shooting + motor_competitiveness,246,-0.03164872287416116,-0.18717413034786073,0.37398373983739835,0.5447154471544715,0.45528455284552843,0.3170731707317073,-0.11915650209183745,0.03259887671340478,-0.006598326852833736,James Wiseman | Kevin Knox II | Craig Brackins | Josh Jackson | Jonny Flynn
xRAPM historical mature,risk,2,shooting + size_frame,198,-0.05381245359803325,-0.2025786782061367,0.3838383838383838,0.5555555555555556,0.4444444444444444,0.32323232323232326,-0.14132023281570955,0.042453520714390236,-0.0004391743522177971,James Wiseman | Kevin Knox II | Royce White | Jonny Flynn | Fab Melo
xRAPM historical mature,risk,2,shooting + production_stats,195,-0.11050315780840901,-0.1995121951219509,0.36923076923076925,0.5692307692307692,0.4307692307692308,0.29743589743589743,-0.1980109370260853,0.027845906106775675,-0.026235600148643623,James Wiseman | Kevin Knox II | Jahlil Okafor | Craig Brackins | Josh Christopher
xRAPM historical mature,risk,2,shooting + injury_medical,56,-0.09334156808563289,-0.32967413034786086,0.375,0.5714285714285714,0.42857142857142855,0.26785714285714285,-0.1808493473033092,0.033615136876006424,-0.05581435472739821,James Wiseman | Mfiondu Kabengele | Brice Johnson | Victor Claver | Demetrius Jackson
xRAPM historical mature,risk,2,shooting + risk_uncertainty,104,-0.02839813558218559,-0.1925060975609758,0.34615384615384615,0.5673076923076923,0.4326923076923077,0.2692307692307692,-0.1159059147998619,0.004768983029852569,-0.05444072835377184,James Wiseman | Royce White | Fab Melo | Tyler Lydon | Mfiondu Kabengele
xRAPM historical mature,risk,2,shooting + intel_consensus,20,-0.3269622073682903,-0.3027406134320466,0.4,0.6,0.4,0.25,-0.41446998658596657,0.058615136876006446,-0.07367149758454106,Fab Melo | Patrick Williams | Diamond Stone | Elliot Williams | Arnett Moultrie
xRAPM historical mature,risk,2,creation_handle + finishing_touch,92,-0.09249708637132041,-0.00857686891961085,0.3695652173913043,0.5,0.5,0.2826086956521739,-0.1800048655889967,0.028180354267310748,-0.041062801932367166,Kevin Knox II | Jahlil Okafor | Patrick Williams | Justin Harper | Jalen Green
xRAPM historical mature,risk,2,creation_handle + athleticism_tools,234,-0.15557278189956614,-0.1903579494128271,0.3803418803418803,0.5555555555555556,0.4444444444444444,0.2777777777777778,-0.24308056111724244,0.03895701721788675,-0.04589371980676327,Kevin Knox II | Jahlil Okafor | Josh Jackson | Josh Christopher | Royce White
xRAPM historical mature,risk,2,creation_handle + upside_tools,70,-0.1487727387009907,-0.1034005376344087,0.37142857142857144,0.5285714285714286,0.4714285714285714,0.3,-0.236280517918667,0.030043708304577865,-0.023671497584541068,Kevin Knox II | Jahlil Okafor | Patrick Williams | Hasheem Thabeet | Thomas Robinson
xRAPM historical mature,risk,2,creation_handle + defense,181,-0.21748957273259617,-0.2336021505376344,0.39226519337016574,0.569060773480663,0.430939226519337,0.23204419889502761,-0.30499735195027244,0.05088033024617217,-0.09162729868951344,Kevin Knox II | Jahlil Okafor | Jonny Flynn | Tyler Lydon | Justin Harper
xRAPM historical mature,risk,2,creation_handle + motor_competitiveness,117,-0.14829442115178298,-0.1171031746031743,0.38461538461538464,0.5384615384615384,0.46153846153846156,0.29914529914529914,-0.23580220036945929,0.04323052149139106,-0.02452619843924192,Kevin Knox II | Josh Jackson | Jonny Flynn | Patrick Williams | Tyler Lydon
xRAPM historical mature,risk,2,creation_handle + size_frame,94,-0.0838586547856334,-0.1685141325536061,0.3617021276595745,0.5425531914893617,0.4574468085106383,0.2978723404255319,-0.1713664340033097,0.020317264535580914,-0.025799157159009156,Kevin Knox II | Royce White | Jonny Flynn | Tyler Lydon | Justin Harper
xRAPM historical mature,risk,2,creation_handle + production_stats,101,-0.21491392482712587,-0.1995121951219509,0.4158415841584158,0.5643564356435643,0.43564356435643564,0.2871287128712871,-0.3024217040448022,0.07445672103442225,-0.03654278471325395,Kevin Knox II | Jahlil Okafor | Josh Christopher | Patrick Williams | Tyler Lydon
xRAPM historical mature,risk,2,creation_handle + injury_medical,16,0.5106472304937897,0.45153037991152745,0.1875,0.375,0.625,0.4375,0.4231394512761134,-0.15388486312399358,0.11382850241545894,Shabazz Muhammad | Alex Len | Arnett Moultrie | Kris Dunn | Bol Bol
xRAPM historical mature,risk,2,creation_handle + risk_uncertainty,43,0.08121026493128675,0.0001639344262294,0.32558139534883723,0.4883720930232558,0.5116279069767442,0.3023255813953488,-0.006297514286389555,-0.015803467775156343,-0.021345916189192238,Royce White | Tyler Lydon | Bismack Biyombo | Thon Maker | Shabazz Muhammad
xRAPM historical mature,risk,2,finishing_touch + athleticism_tools,209,0.13535211043693363,0.1001639344262292,0.3253588516746411,0.47368421052631576,0.5263157894736842,0.3349282296650718,0.047844331219257324,-0.01602601144935245,0.01125673208053074,James Wiseman | Kevin Knox II | Jahlil Okafor | Craig Brackins | Fab Melo
xRAPM historical mature,risk,2,finishing_touch + upside_tools,76,-0.23170144989371472,-0.2724941927990707,0.3815789473684211,0.5526315789473685,0.4473684210526316,0.23684210526315788,-0.31920922911139105,0.0401940842444275,-0.08682939232138318,James Wiseman | Kevin Knox II | Jahlil Okafor | Fab Melo | Patrick Williams
xRAPM historical mature,risk,2,finishing_touch + defense,157,0.027600707510931955,-0.0042063492063492,0.3375796178343949,0.5031847133757962,0.4968152866242038,0.2929936305732484,-0.05990707170674435,-0.003805245289598691,-0.03067786701129266,James Wiseman | Kevin Knox II | Jahlil Okafor | Craig Brackins | Fab Melo
xRAPM historical mature,risk,2,finishing_touch + motor_competitiveness,114,0.07742487579793866,0.22791666666666685,0.3333333333333333,0.4473684210526316,0.5526315789473685,0.35964912280701755,-0.010082903419737638,-0.008051529790660261,0.035977625222476495,James Wiseman | Kevin Knox II | Craig Brackins | Fab Melo | Patrick Williams
xRAPM historical mature,risk,2,finishing_touch + size_frame,97,0.04441319378851596,-0.0042063492063492,0.38144329896907214,0.5051546391752577,0.4948453608247423,0.32989690721649484,-0.043094585429160344,0.040058435845078566,0.006225409631953782,James Wiseman | Kevin Knox II | Fab Melo | Justin Patton | Justin Harper
xRAPM historical mature,risk,2,finishing_touch + production_stats,83,-0.24981608324385837,-0.1748360655737706,0.39759036144578314,0.5542168674698795,0.4457831325301205,0.26506024096385544,-0.3373238624615347,0.05620549832178956,-0.058611256620685614,James Wiseman | Kevin Knox II | Jahlil Okafor | Craig Brackins | Fab Melo
xRAPM historical mature,risk,2,finishing_touch + injury_medical,22,-0.27236829587652706,-0.22717413034786083,0.4090909090909091,0.5909090909090909,0.4090909090909091,0.2727272727272727,-0.3598760750942034,0.06770604596691554,-0.05094422485726835,James Wiseman | Stephen Zimmerman | Victor Claver | Arnett Moultrie | Tibor Pleiss
xRAPM historical mature,risk,2,finishing_touch + risk_uncertainty,44,0.07615847347281214,0.14779982363315664,0.3409090909090909,0.4772727272727273,0.5227272727272727,0.29545454545454547,-0.01134930574486416,-0.00047577221490269217,-0.028216952129995587,James Wiseman | Fab Melo | Victor Claver | Bismack Biyombo | Thon Maker
xRAPM historical mature,risk,2,athleticism_tools + upside_tools,179,-0.06759997755728143,-0.2254320987654323,0.36312849162011174,0.5754189944134078,0.4245810055865922,0.2849162011173184,-0.15510775677495775,0.02174362849611816,-0.038755296467222644,James Wiseman | Kevin Knox II | Jahlil Okafor | Fab Melo | Elijah Hughes
xRAPM historical mature,risk,2,athleticism_tools + defense,428,0.06959567096491624,-0.15266837826273,0.3574766355140187,0.530373831775701,0.4696261682242991,0.3060747663551402,-0.01791210825276006,0.016091772390025127,-0.017596731229400864,James Wiseman | Anthony Bennett | Kevin Knox II | Jahlil Okafor | Craig Brackins
xRAPM historical mature,risk,2,athleticism_tools + motor_competitiveness,274,0.044707680737907485,-0.1034005376344087,0.35766423357664234,0.5145985401459854,0.4854014598540146,0.34306569343065696,-0.04280009847976882,0.016279370452648767,0.019394195846115903,James Wiseman | Anthony Bennett | Kevin Knox II | Craig Brackins | Josh Jackson
xRAPM historical mature,risk,2,athleticism_tools + size_frame,234,-0.010907323613670767,-0.19250609756097553,0.37606837606837606,0.5470085470085471,0.452991452991453,0.3247863247863248,-0.09841510283134706,0.03468351294438249,0.0011148272017837413,James Wiseman | Anthony Bennett | Kevin Knox II | Royce White | Jonny Flynn
xRAPM historical mature,risk,2,athleticism_tools + production_stats,218,-0.021772045133749435,-0.1742191080557024,0.3486238532110092,0.5412844036697247,0.45871559633027525,0.3119266055045872,-0.10927982435142573,0.007238990087015618,-0.011744892079953884,James Wiseman | Kevin Knox II | Jahlil Okafor | Craig Brackins | Josh Christopher
xRAPM historical mature,risk,2,athleticism_tools + injury_medical,63,-0.029022778420783543,-0.1748360655737706,0.3492063492063492,0.5238095238095238,0.47619047619047616,0.31746031746031744,-0.11653055763845985,0.007821486082355611,-0.006211180124223614,James Wiseman | Anthony Bennett | Mfiondu Kabengele | Stephen Zimmerman | Brice Johnson
xRAPM historical mature,risk,2,athleticism_tools + risk_uncertainty,111,0.03281747737828436,-0.1995121951219514,0.34234234234234234,0.5585585585585585,0.44144144144144143,0.2882882882882883,-0.05469030183939194,0.0009574792183487668,-0.03538320929625277,James Wiseman | Royce White | Fab Melo | Tyler Lydon | Mfiondu Kabengele
xRAPM historical mature,risk,2,athleticism_tools + intel_consensus,21,-0.3830214522177217,-0.3998360655737707,0.42857142857142855,0.6190476190476191,0.38095238095238093,0.23809523809523808,-0.47052923143539804,0.08718656544743497,-0.08557625948930297,Fab Melo | Patrick Williams | Diamond Stone | Elliot Williams | Arnett Moultrie
xRAPM historical mature,risk,2,upside_tools + defense,136,-0.1904903823894959,-0.2447133559705715,0.39705882352941174,0.5882352941176471,0.4117647058823529,0.25,-0.27799816160717217,0.055673960405418166,-0.07367149758454106,James Wiseman | Kevin Knox II | Jahlil Okafor | Fab Melo | Elijah Hughes
xRAPM historical mature,risk,2,upside_tools + motor_competitiveness,92,-0.12714708008184916,-0.1333076848625627,0.358695652173913,0.5543478260869565,0.44565217391304346,0.29347826086956524,-0.21465485929952546,0.01731078904991945,-0.030193236714975813,James Wiseman | Kevin Knox II | Fab Melo | Patrick Williams | Justin Patton
xRAPM historical mature,risk,2,upside_tools + size_frame,81,-0.17478164597191426,-0.1855000000000002,0.35802469135802467,0.5802469135802469,0.41975308641975306,0.2716049382716049,-0.26228942518959053,0.016639828234031095,-0.052066559312936134,James Wiseman | Kevin Knox II | Fab Melo | Elijah Hughes | Justin Patton
xRAPM historical mature,risk,2,upside_tools + production_stats,91,-0.29299704153082956,-0.3578306878306878,0.4175824175824176,0.6043956043956044,0.3956043956043956,0.25274725274725274,-0.3805048207485059,0.07619755445842402,-0.07092424483728832,James Wiseman | Kevin Knox II | Jahlil Okafor | Fab Melo | Patrick Williams
xRAPM historical mature,risk,2,upside_tools + injury_medical,25,-0.23130681715480172,-0.3798360655737707,0.32,0.64,0.36,0.16,-0.318814596372478,-0.02138486312399357,-0.16367149758454105,James Wiseman | Kevin Seraphin | Zhou Qi | Arnett Moultrie | Damian Jones
xRAPM historical mature,risk,2,upside_tools + risk_uncertainty,51,-0.1427577426002848,-0.2978306878306882,0.37254901960784315,0.6470588235294118,0.35294117647058826,0.17647058823529413,-0.2302655218179611,0.03116415648384957,-0.14720090934924693,James Wiseman | Fab Melo | James Bouknight | Tyler Honeycutt | Kevin Seraphin
xRAPM historical mature,risk,2,upside_tools + intel_consensus,13,-0.6743186353670225,-0.7136021505376343,0.46153846153846156,0.6153846153846154,0.38461538461538464,0.15384615384615385,-0.7618264145846988,0.12015359841446799,-0.1698253437383872,Fab Melo | Patrick Williams | Diamond Stone | Arnett Moultrie | Andrew Wiggins
xRAPM historical mature,risk,2,defense + motor_competitiveness,216,-0.04123641311431428,-0.15266837826273,0.3888888888888889,0.5324074074074074,0.4675925925925926,0.3148148148148148,-0.12874419233199058,0.04750402576489532,-0.008856682769726232,James Wiseman | Anthony Bennett | Kevin Knox II | Craig Brackins | Jonny Flynn
xRAPM historical mature,risk,2,defense + size_frame,181,-0.057225569186440235,-0.1855000000000002,0.3812154696132597,0.5524861878453039,0.44751381215469616,0.30386740331491713,-0.14473334840411653,0.03983060648926612,-0.01980409426962393,James Wiseman | Anthony Bennett | Kevin Knox II | Jonny Flynn | Fab Melo
xRAPM historical mature,risk,2,defense + production_stats,176,-0.086251187725576,-0.19250609756097553,0.375,0.5511363636363636,0.44886363636363635,0.2897727272727273,-0.1737589669432523,0.033615136876006424,-0.033898770311813764,James Wiseman | Kevin Knox II | Jahlil Okafor | Craig Brackins | Fab Melo
xRAPM historical mature,risk,2,defense + injury_medical,51,-0.12202288036703982,-0.279512195121951,0.39215686274509803,0.5490196078431373,0.45098039215686275,0.27450980392156865,-0.20953065958471612,0.05077199962110446,-0.049161693662972406,James Wiseman | Anthony Bennett | Stephen Zimmerman | Brice Johnson | Victor Claver
xRAPM historical mature,risk,2,defense + risk_uncertainty,85,-0.023834157189351505,-0.0661788617886176,0.36470588235294116,0.5411764705882353,0.4588235294117647,0.2823529411764706,-0.1113419364070278,0.02332101922894758,-0.04131855640807047,James Wiseman | Fab Melo | Tyler Lydon | Emmanuel Mudiay | Victor Claver
xRAPM historical mature,risk,2,defense + intel_consensus,15,-0.5220413490290293,-0.3998360655737707,0.4666666666666667,0.6666666666666666,0.3333333333333333,0.13333333333333333,-0.6095491282467056,0.1252818035426731,-0.19033816425120773,Fab Melo | Diamond Stone | Arnett Moultrie | Glen Rice | Andrew Wiggins
xRAPM historical mature,risk,2,motor_competitiveness + size_frame,136,0.01142425613706665,0.03032006245120985,0.38235294117647056,0.49264705882352944,0.5073529411764706,0.3602941176470588,-0.07608352308060964,0.040968078052476986,0.03662262006251776,James Wiseman | Anthony Bennett | Kevin Knox II | Jonny Flynn | Fab Melo
xRAPM historical mature,risk,2,motor_competitiveness + production_stats,121,-0.13083131866580322,-0.1748360655737706,0.4049586776859504,0.5454545454545454,0.45454545454545453,0.30578512396694213,-0.21833909788347952,0.06357381456195682,-0.017886373617598927,James Wiseman | Kevin Knox II | Craig Brackins | Fab Melo | Patrick Williams
xRAPM historical mature,risk,2,motor_competitiveness + injury_medical,39,-0.1547157579208541,-0.3798360655737707,0.358974358974359,0.5384615384615384,0.46153846153846156,0.3333333333333333,-0.2422235371385304,0.0175894958503654,0.009661835748792258,James Wiseman | Anthony Bennett | Stephen Zimmerman | Brice Johnson | Victor Claver
xRAPM historical mature,risk,2,motor_competitiveness + risk_uncertainty,65,0.07093111014856303,-0.101155913978495,0.3230769230769231,0.5076923076923077,0.49230769230769234,0.3076923076923077,-0.016576669069113273,-0.01830794004707048,-0.015979189892233348,James Wiseman | Fab Melo | Tyler Lydon | Victor Claver | Bismack Biyombo
xRAPM historical mature,risk,2,motor_competitiveness + intel_consensus,17,-0.5015155814525291,-0.3998360655737707,0.47058823529411764,0.6470588235294118,0.35294117647058826,0.23529411764705882,-0.5890233606702053,0.12920337217012406,-0.08837737993748224,Fab Melo | Patrick Williams | Diamond Stone | Elliot Williams | Arnett Moultrie
xRAPM historical mature,risk,2,size_frame + production_stats,99,-0.19963692722498946,-0.1995121951219509,0.37373737373737376,0.5656565656565656,0.43434343434343436,0.2828282828282828,-0.28714470644266576,0.03235251061338018,-0.04084321475625824,James Wiseman | Kevin Knox II | Fab Melo | Justin Patton | Tyler Lydon
xRAPM historical mature,risk,2,size_frame + injury_medical,31,-0.4011630591281869,-0.4254320987654325,0.41935483870967744,0.5806451612903226,0.41935483870967744,0.25806451612903225,-0.4886708383458632,0.07796997558568386,-0.0656069814555088,James Wiseman | Anthony Bennett | Mfiondu Kabengele | Stephen Zimmerman | Victor Claver
xRAPM historical mature,risk,2,size_frame + risk_uncertainty,58,-0.0933202475365788,-0.2782980599647271,0.39655172413793105,0.5689655172413793,0.43103448275862066,0.3275862068965517,-0.1808280267542551,0.055166861013937474,0.003914709312010656,James Wiseman | Royce White | Fab Melo | Tyler Lydon | Mfiondu Kabengele
xRAPM historical mature,risk,2,size_frame + intel_consensus,12,-0.008749175174897964,-0.21440215977101226,0.3333333333333333,0.5833333333333334,0.4166666666666667,0.4166666666666667,-0.09625695439257427,-0.008051529790660261,0.09299516908212563,Fab Melo | Diamond Stone | Arnett Moultrie | Jordan Adams | De'Andre Hunter
xRAPM historical mature,risk,2,production_stats + injury_medical,33,0.138995228437267,-0.0042063492063492,0.30303030303030304,0.5151515151515151,0.48484848484848486,0.3333333333333333,0.0514874492195907,-0.03835456009369054,0.009661835748792258,James Wiseman | Victor Claver | Rashad Vaughn | Shabazz Muhammad | Zhou Qi
xRAPM historical mature,risk,2,production_stats + risk_uncertainty,59,-0.18337737350879163,-0.47521164021164,0.4067796610169492,0.6101694915254238,0.3898305084745763,0.2542372881355932,-0.27088515272646796,0.0653947978929556,-0.06943420944894785,James Wiseman | Fab Melo | Tyler Lydon | Victor Claver | Bismack Biyombo
xRAPM historical mature,risk,2,production_stats + intel_consensus,14,-0.486429540733386,-0.3027406134320466,0.35714285714285715,0.6428571428571429,0.35714285714285715,0.21428571428571427,-0.5739373199510623,0.015757994018863575,-0.10938578329882678,Fab Melo | Patrick Williams | Diamond Stone | Arnett Moultrie | Andrew Wiggins
xRAPM historical mature,risk,2,injury_medical + risk_uncertainty,34,-0.07161733878130976,-0.4026340821696016,0.35294117647058826,0.5882352941176471,0.4117647058823529,0.23529411764705882,-0.15912511799898604,0.011556313346594682,-0.08837737993748224,James Wiseman | Mfiondu Kabengele | Victor Claver | Demetrius Jackson | Shabazz Muhammad
xRAPM historical top15,risk,2,feel_iq_passing + shooting,103,-0.08019765544800093,-0.0389682539682539,0.3592233009708738,0.5242718446601942,0.47572815533980584,0.30097087378640774,-0.19494976325500296,0.06192600367357648,-0.050380477564943627,James Wiseman | Kevin Knox II | Jonny Flynn | Patrick Williams | Emmanuel Mudiay
xRAPM historical top15,risk,2,feel_iq_passing + creation_handle,57,-0.32373072012170917,-0.2539682539682539,0.40350877192982454,0.5789473684210527,0.42105263157894735,0.2631578947368421,-0.4384828279287112,0.10621147463252723,-0.08819345661450928,Kevin Knox II | Jonny Flynn | Patrick Williams | Jalen Green | Hasheem Thabeet
xRAPM historical top15,risk,2,feel_iq_passing + finishing_touch,45,-0.12100532520298661,0.0410317460317459,0.35555555555555557,0.4888888888888889,0.5111111111111111,0.3111111111111111,-0.23575743300998864,0.058258258258258255,-0.040240240240240255,James Wiseman | Kevin Knox II | Patrick Williams | Jalen Green | Hasheem Thabeet
xRAPM historical top15,risk,2,feel_iq_passing + athleticism_tools,110,0.02577633937968521,-0.016587301587301498,0.34545454545454546,0.509090909090909,0.4909090909090909,0.33636363636363636,-0.08897576842731682,0.048157248157248145,-0.014987714987715006,James Wiseman | Kevin Knox II | Jonny Flynn | Patrick Williams | Derrick Williams
xRAPM historical top15,risk,2,feel_iq_passing + upside_tools,41,-0.23885013661539242,-0.0042063492063492,0.34146341463414637,0.5121951219512195,0.4878048780487805,0.24390243902439024,-0.35360224442239446,0.04416611733684905,-0.10744891232696113,James Wiseman | Kevin Knox II | Patrick Williams | Hasheem Thabeet | Wesley Johnson
xRAPM historical top15,risk,2,feel_iq_passing + defense,87,-0.020627436373532818,-0.0042063492063492,0.3448275862068966,0.5057471264367817,0.4942528735632184,0.2988505747126437,-0.13537954418053486,0.04753028890959926,-0.05250077663870767,James Wiseman | Kevin Knox II | Jonny Flynn | Derrick Williams | Emmanuel Mudiay
xRAPM historical top15,risk,2,feel_iq_passing + motor_competitiveness,65,-0.1256540627410988,-0.0389682539682539,0.36923076923076925,0.5230769230769231,0.47692307692307695,0.3384615384615385,-0.24040617054810082,0.07193347193347194,-0.01288981288981289,James Wiseman | Kevin Knox II | Jonny Flynn | Patrick Williams | Derrick Williams
xRAPM historical top15,risk,2,feel_iq_passing + size_frame,53,0.2178419928308871,0.1142063492063494,0.33962264150943394,0.4716981132075472,0.5283018867924528,0.4339622641509434,0.10308988502388507,0.04232534421213663,0.08261091279959204,James Wiseman | Kevin Knox II | Jonny Flynn | Derrick Williams | Mario Hezonja
xRAPM historical top15,risk,2,feel_iq_passing + production_stats,50,-0.27784344074966016,-0.21440689537463709,0.38,0.58,0.42,0.26,-0.3925955485566622,0.08270270270270269,-0.09135135135135136,James Wiseman | Kevin Knox II | Patrick Williams | Jalen Green | Malik Monk
xRAPM historical top15,risk,2,feel_iq_passing + injury_medical,16,0.5839829854028691,0.5255753968253968,0.1875,0.3125,0.6875,0.5,0.46923087759586707,-0.10979729729729731,0.14864864864864863,James Wiseman | Shabazz Muhammad | Alex Len | Kris Dunn | Kyrie Irving
xRAPM historical top15,risk,2,feel_iq_passing + risk_uncertainty,31,0.24959758064741777,0.167169312169312,0.25806451612903225,0.45161290322580644,0.5483870967741935,0.2903225806451613,0.13484547284041576,-0.03923278116826506,-0.06102877070619006,James Wiseman | Emmanuel Mudiay | James Bouknight | Shabazz Muhammad | Marvin Bagley III
xRAPM historical top15,risk,2,shooting + creation_handle,75,-0.42574248506662066,-0.3833730158730155,0.4,0.5866666666666667,0.41333333333333333,0.22666666666666666,-0.5404945928736227,0.10270270270270271,-0.12468468468468472,Kevin Knox II | Jahlil Okafor | Josh Jackson | Jonny Flynn | Patrick Williams
xRAPM historical top15,risk,2,shooting + finishing_touch,65,0.01963285399403865,0.1142063492063494,0.3076923076923077,0.4461538461538462,0.5538461538461539,0.3230769230769231,-0.09511925381296338,0.010395010395010396,-0.028274428274428276,James Wiseman | Kevin Knox II | Jahlil Okafor | Patrick Williams | Jalen Green
xRAPM historical top15,risk,2,shooting + athleticism_tools,155,0.11911438588156463,0.1001639344262292,0.3032258064516129,0.4774193548387097,0.5225806451612903,0.3419354838709677,0.004362278074562603,0.0059285091543155866,-0.009415867480383644,James Wiseman | Kevin Knox II | Jahlil Okafor | Josh Jackson | Jonny Flynn
xRAPM historical top15,risk,2,shooting + upside_tools,56,-0.303484448356078,-0.047573557878435695,0.3392857142857143,0.5357142857142857,0.4642857142857143,0.23214285714285715,-0.41823655616308003,0.04198841698841699,-0.11920849420849422,James Wiseman | Kevin Knox II | Jahlil Okafor | Patrick Williams | Hasheem Thabeet
xRAPM historical top15,risk,2,shooting + defense,121,0.04999931586639136,0.1001639344262292,0.3140495867768595,0.47107438016528924,0.5289256198347108,0.30578512396694213,-0.06475279194061068,0.0167522894795622,-0.04556622738440924,James Wiseman | Kevin Knox II | Jahlil Okafor | Jonny Flynn | Emmanuel Mudiay
xRAPM historical top15,risk,2,shooting + motor_competitiveness,87,0.05199576441628601,0.0001639344262294,0.3333333333333333,0.4942528735632184,0.5057471264367817,0.3563218390804598,-0.06275634339071601,0.036036036036036,0.004970487729108408,James Wiseman | Kevin Knox II | Josh Jackson | Jonny Flynn | Patrick Williams
xRAPM historical top15,risk,2,shooting + size_frame,63,0.28880478003289867,0.2766269841269844,0.31746031746031744,0.4444444444444444,0.5555555555555556,0.4444444444444444,0.17405267222589665,0.02016302016302013,0.09309309309309305,James Wiseman | Kevin Knox II | Jonny Flynn | Mario Hezonja | Marquese Chriss
xRAPM historical top15,risk,2,shooting + production_stats,57,-0.3514929737001095,-0.2654761904761904,0.38596491228070173,0.5964912280701754,0.40350877192982454,0.24561403508771928,-0.4662450815071115,0.08866761498340442,-0.10573731626363209,James Wiseman | Kevin Knox II | Jahlil Okafor | Patrick Williams | Jalen Green
xRAPM historical top15,risk,2,shooting + injury_medical,18,0.4206598251067667,0.22189814814814807,0.16666666666666666,0.3888888888888889,0.6111111111111112,0.3888888888888889,0.3059077172997647,-0.13063063063063066,0.037537537537537524,James Wiseman | Shabazz Muhammad | Alex Len | Kris Dunn | Jaylen Brown
xRAPM historical top15,risk,2,shooting + risk_uncertainty,34,0.17147169269998688,0.08366662329777069,0.20588235294117646,0.47058823529411764,0.5294117647058824,0.2647058823529412,0.056719584892984856,-0.09141494435612085,-0.08664546899841019,James Wiseman | Emmanuel Mudiay | James Bouknight | Shabazz Muhammad | Marvin Bagley III
xRAPM historical top15,risk,2,creation_handle + finishing_touch,34,-0.3671953129333288,0.07761904761904764,0.38235294117647056,0.47058823529411764,0.5294117647058824,0.29411764705882354,-0.4819474207403308,0.08505564387917325,-0.05723370429252783,Kevin Knox II | Jahlil Okafor | Patrick Williams | Jalen Green | Hasheem Thabeet
xRAPM historical top15,risk,2,creation_handle + athleticism_tools,83,-0.26538213480362116,-0.2336021505376344,0.37349397590361444,0.5421686746987951,0.4578313253012048,0.26506024096385544,-0.3801342426106232,0.07619667860631713,-0.08629111038749593,Kevin Knox II | Jahlil Okafor | Josh Jackson | Jonny Flynn | Patrick Williams
xRAPM historical top15,risk,2,creation_handle + upside_tools,28,-0.5433967490040531,-0.07303571428571405,0.35714285714285715,0.5357142857142857,0.4642857142857143,0.17857142857142858,-0.6581488568110552,0.05984555984555984,-0.1727799227799228,Kevin Knox II | Jahlil Okafor | Patrick Williams | Hasheem Thabeet | Thomas Robinson
xRAPM historical top15,risk,2,creation_handle + defense,62,-0.2830177683866468,-0.03396825396825385,0.3548387096774194,0.5161290322580645,0.4838709677419355,0.22580645161290322,-0.3977698761936488,0.05754141238012206,-0.12554489973844815,Kevin Knox II | Jahlil Okafor | Jonny Flynn | Jalen Green | Thomas Robinson
xRAPM historical top15,risk,2,creation_handle + motor_competitiveness,49,-0.12388342018386637,-0.0289682539682538,0.32653061224489793,0.5102040816326531,0.4897959183673469,0.30612244897959184,-0.2386355279908684,0.02923331494760062,-0.04522890237175953,Kevin Knox II | Josh Jackson | Jonny Flynn | Patrick Williams | Hasheem Thabeet
xRAPM historical top15,risk,2,creation_handle + size_frame,30,-0.17806282348527275,-0.24378520225294414,0.36666666666666664,0.5666666666666667,0.43333333333333335,0.3,-0.29281493129227476,0.06936936936936933,-0.05135135135135138,Kevin Knox II | Jonny Flynn | RJ Barrett | Shabazz Muhammad | Doug McDermott
xRAPM historical top15,risk,2,creation_handle + production_stats,35,-0.3543178063912074,-0.47521164021164,0.42857142857142855,0.6,0.4,0.2857142857142857,-0.4690699141982094,0.13127413127413123,-0.06563706563706567,Kevin Knox II | Jahlil Okafor | Patrick Williams | Jalen Green | Thomas Robinson
xRAPM historical top15,risk,2,creation_handle + risk_uncertainty,16,0.5140169128201254,0.24686507936507945,0.125,0.375,0.625,0.3125,0.3992648050131234,-0.1722972972972973,-0.03885135135135137,Shabazz Muhammad | Ben McLemore | Deandre Ayton | Kris Dunn | Devin Vassell
xRAPM historical top15,risk,2,finishing_touch + athleticism_tools,72,0.10458699209815617,0.20011904761904759,0.2916666666666667,0.4305555555555556,0.5694444444444444,0.3472222222222222,-0.01016511570884586,-0.005630630630630629,-0.004129129129129161,James Wiseman | Kevin Knox II | Jahlil Okafor | Patrick Williams | Jalen Green
xRAPM historical top15,risk,2,finishing_touch + upside_tools,30,-0.5879437703612302,-0.016587301587301498,0.36666666666666664,0.5333333333333333,0.4666666666666667,0.16666666666666666,-0.7026958781682323,0.06936936936936933,-0.1846846846846847,James Wiseman | Kevin Knox II | Jahlil Okafor | Patrick Williams | Hasheem Thabeet
xRAPM historical top15,risk,2,finishing_touch + defense,57,0.14683361617609259,0.1810317460317458,0.2631578947368421,0.42105263157894735,0.5789473684210527,0.2982456140350877,0.03208150836909056,-0.03413940256045522,-0.05310573731626367,James Wiseman | Kevin Knox II | Jahlil Okafor | Jalen Green | Marquese Chriss
xRAPM historical top15,risk,2,finishing_touch + motor_competitiveness,45,0.11401107305840265,0.2192063492063494,0.3111111111111111,0.4444444444444444,0.5555555555555556,0.37777777777777777,-0.0007410347485993785,0.013813813813813802,0.026426426426426397,James Wiseman | Kevin Knox II | Patrick Williams | Hasheem Thabeet | Marquese Chriss
xRAPM historical top15,risk,2,finishing_touch + size_frame,33,0.4467416923128188,0.6766269841269843,0.3333333333333333,0.3939393939393939,0.6060606060606061,0.48484848484848486,0.3319895845058168,0.036036036036036,0.1334971334971335,James Wiseman | Kevin Knox II | Marquese Chriss | Jordan Hill | RJ Barrett
xRAPM historical top15,risk,2,finishing_touch + production_stats,31,-0.6500092992660502,-0.2654761904761904,0.45161290322580644,0.6129032258064516,0.3870967741935484,0.1935483870967742,-0.7647614070730523,0.15431560592850913,-0.15780296425457718,James Wiseman | Kevin Knox II | Jahlil Okafor | Patrick Williams | Jalen Green
xRAPM historical top15,risk,2,finishing_touch + risk_uncertainty,15,0.2778766681869096,0.2192063492063494,0.13333333333333333,0.4,0.6,0.3333333333333333,0.16312456037990758,-0.16396396396396398,-0.018018018018018056,James Wiseman | Julius Randle | Deandre Ayton | Stanley Johnson | Ed Davis
xRAPM historical top15,risk,2,athleticism_tools + upside_tools,59,-0.3399590545954777,-0.0661788617886176,0.3389830508474576,0.5423728813559322,0.4576271186440678,0.2033898305084746,-0.4547111624024797,0.0416857535501603,-0.14796152084287678,James Wiseman | Kevin Knox II | Jahlil Okafor | Patrick Williams | Hasheem Thabeet
xRAPM historical top15,risk,2,athleticism_tools + defense,132,0.05207107487860783,0.1071851418162893,0.30303030303030304,0.4621212121212121,0.5378787878787878,0.30303030303030304,-0.06268103292839419,0.005733005733005725,-0.04832104832104833,James Wiseman | Anthony Bennett | Kevin Knox II | Jahlil Okafor | Jonny Flynn
xRAPM historical top15,risk,2,athleticism_tools + motor_competitiveness,96,0.08407419760768109,0.17084656084656064,0.3229166666666667,0.46875,0.53125,0.3854166666666667,-0.030677910199320937,0.02561936936936937,0.034065315315315314,James Wiseman | Anthony Bennett | Kevin Knox II | Josh Jackson | Jonny Flynn
xRAPM historical top15,risk,2,athleticism_tools + size_frame,72,0.274708275235164,0.4398346560846561,0.3194444444444444,0.4305555555555556,0.5694444444444444,0.4583333333333333,0.159956167428162,0.022147147147147106,0.10698198198198194,James Wiseman | Anthony Bennett | Kevin Knox II | Jonny Flynn | Derrick Williams
xRAPM historical top15,risk,2,athleticism_tools + production_stats,64,-0.23695569845538483,-0.14535266257040425,0.375,0.5625,0.4375,0.28125,-0.35170780626238685,0.07770270270270269,-0.07010135135135137,James Wiseman | Kevin Knox II | Jahlil Okafor | Patrick Williams | Jalen Green
xRAPM historical top15,risk,2,athleticism_tools + injury_medical,22,0.36292302033708684,0.45871031746031754,0.18181818181818182,0.36363636363636365,0.6363636363636364,0.45454545454545453,0.24817091253008483,-0.11547911547911549,0.10319410319410316,James Wiseman | Anthony Bennett | Shabazz Muhammad | Alex Len | Kris Dunn
xRAPM historical top15,risk,2,athleticism_tools + risk_uncertainty,35,0.34087182120787846,0.167169312169312,0.2,0.45714285714285713,0.5428571428571428,0.3142857142857143,0.22611971340087644,-0.0972972972972973,-0.03706563706563709,James Wiseman | James Bouknight | Shabazz Muhammad | Marvin Bagley III | Julius Randle
xRAPM historical top15,risk,2,upside_tools + defense,46,-0.40305042203159247,-0.016587301587301498,0.32608695652173914,0.5217391304347826,0.4782608695652174,0.15217391304347827,-0.5178025298385945,0.02878965922444182,-0.1991774383078731,James Wiseman | Kevin Knox II | Jahlil Okafor | Thomas Robinson | Jabari Parker
xRAPM historical top15,risk,2,upside_tools + motor_competitiveness,35,-0.5390273960734873,-0.2336021505376344,0.4,0.5714285714285714,0.42857142857142855,0.17142857142857143,-0.6537795038804893,0.10270270270270271,-0.17992277992277994,James Wiseman | Kevin Knox II | Patrick Williams | Hasheem Thabeet | Jabari Parker
xRAPM historical top15,risk,2,upside_tools + size_frame,25,-0.2778906022707831,-0.0042063492063492,0.32,0.52,0.48,0.28,-0.3926427100777851,0.022702702702702693,-0.07135135135135134,James Wiseman | Kevin Knox II | Jabari Parker | Jordan Hill | John Henson
xRAPM historical top15,risk,2,upside_tools + production_stats,30,-0.8076349004916438,-0.19128968253968237,0.4,0.6,0.4,0.1,-0.9223870082986458,0.10270270270270271,-0.25135135135135134,James Wiseman | Kevin Knox II | Jahlil Okafor | Patrick Williams | Thomas Robinson
xRAPM historical top15,risk,2,upside_tools + risk_uncertainty,20,-0.07079697012643996,-0.0351926054974834,0.3,0.55,0.45,0.2,-0.185549077933442,0.002702702702702675,-0.15135135135135136,James Wiseman | James Bouknight | Marvin Bagley III | Julius Randle | Andrew Wiggins
xRAPM historical top15,risk,2,defense + motor_competitiveness,73,-0.012679909397313036,0.1142063492063494,0.3424657534246575,0.4794520547945205,0.5205479452054794,0.3287671232876712,-0.12743201720431507,0.0451684561273602,-0.022584228063680156,James Wiseman | Anthony Bennett | Kevin Knox II | Jonny Flynn | Derrick Williams
xRAPM historical top15,risk,2,defense + size_frame,59,0.15685432954487938,0.2766269841269844,0.3389830508474576,0.4406779661016949,0.559322033898305,0.423728813559322,0.04210222173787735,0.0416857535501603,0.07237746220797064,James Wiseman | Anthony Bennett | Kevin Knox II | Jonny Flynn | Derrick Williams
xRAPM historical top15,risk,2,defense + production_stats,54,-0.2098438378563097,-0.016587301587301498,0.37037037037037035,0.5185185185185185,0.48148148148148145,0.2962962962962963,-0.32459594566331174,0.07307307307307304,-0.05505505505505509,James Wiseman | Kevin Knox II | Jahlil Okafor | Jalen Green | Thomas Robinson
xRAPM historical top15,risk,2,defense + injury_medical,19,0.2991744458242969,0.2766269841269841,0.21052631578947367,0.3684210526315789,0.631578947368421,0.42105263157894735,0.1844223380172949,-0.08677098150782364,0.06970128022759597,James Wiseman | Anthony Bennett | Shabazz Muhammad | Alex Len | Kris Dunn
xRAPM historical top15,risk,2,defense + risk_uncertainty,29,0.21430522169953867,0.1810317460317458,0.2413793103448276,0.41379310344827586,0.5862068965517241,0.3103448275862069,0.09955311389253664,-0.05591798695246972,-0.041006523765144465,James Wiseman | Emmanuel Mudiay | James Bouknight | Shabazz Muhammad | Marvin Bagley III
xRAPM historical top15,risk,2,motor_competitiveness + size_frame,51,0.0881361203966419,0.2766269841269844,0.37254901960784315,0.43137254901960786,0.5686274509803921,0.43137254901960786,-0.02661598741036013,0.07525172231054583,0.0800211976682565,James Wiseman | Anthony Bennett | Kevin Knox II | Jonny Flynn | Derrick Williams
xRAPM historical top15,risk,2,motor_competitiveness + production_stats,39,-0.12712224662390834,-0.0289682539682538,0.38461538461538464,0.5128205128205128,0.48717948717948717,0.3333333333333333,-0.24187435443091038,0.08731808731808732,-0.018018018018018056,James Wiseman | Kevin Knox II | Patrick Williams | Marquese Chriss | Jabari Parker
xRAPM historical top15,risk,2,motor_competitiveness + injury_medical,16,0.3326038090481505,0.5255753968253968,0.1875,0.3125,0.6875,0.5,0.2178517012411485,-0.10979729729729731,0.14864864864864863,James Wiseman | Anthony Bennett | Shabazz Muhammad | Jaylen Brown | Ed Davis
xRAPM historical top15,risk,2,motor_competitiveness + risk_uncertainty,24,0.2645509719179404,0.1741005291005289,0.25,0.4166666666666667,0.5833333333333334,0.3333333333333333,0.1497988641109384,-0.047297297297297314,-0.018018018018018056,James Wiseman | Shabazz Muhammad | Marvin Bagley III | Julius Randle | Andrew Wiggins
xRAPM historical top15,risk,2,size_frame + production_stats,32,-0.10284457125687865,-0.016587301587301498,0.375,0.53125,0.46875,0.375,-0.2175966790638807,0.07770270270270269,0.02364864864864863,James Wiseman | Kevin Knox II | Marquese Chriss | Jabari Parker | Shabazz Muhammad
xRAPM historical top15,risk,2,size_frame + injury_medical,12,-0.02804768328488157,0.19541666666666674,0.3333333333333333,0.4166666666666667,0.5833333333333334,0.4166666666666667,-0.1427997910918836,0.036036036036036,0.06531531531531531,James Wiseman | Anthony Bennett | Shabazz Muhammad | Alex Len | Kyrie Irving
xRAPM historical top15,risk,2,size_frame + risk_uncertainty,15,0.7036765543085832,1.2345238095238094,0.2,0.3333333333333333,0.6666666666666666,0.5333333333333333,0.5889244465015812,-0.0972972972972973,0.18198198198198196,James Wiseman | Shabazz Muhammad | Julius Randle | De'Andre Hunter | Kyrie Irving
xRAPM historical top15,risk,2,production_stats + risk_uncertainty,20,0.04282969349382624,-0.06065476190476175,0.25,0.55,0.45,0.25,-0.07192241431317578,-0.047297297297297314,-0.10135135135135137,James Wiseman | Shabazz Muhammad | Marvin Bagley III | Julius Randle | Andrew Wiggins
xRAPM historical top30,risk,2,feel_iq_passing + shooting,227,-0.0843155821647472,-0.1771031746031743,0.3568281938325991,0.5594713656387665,0.44052863436123346,0.29515418502202645,-0.16474620996023276,0.03593267144453943,-0.03569158612225215,James Wiseman | Kevin Knox II | Craig Brackins | Jonny Flynn | Fab Melo
xRAPM historical top30,risk,2,feel_iq_passing + creation_handle,117,-0.1560948939359403,-0.2336021505376344,0.37606837606837606,0.5555555555555556,0.4444444444444444,0.2905982905982906,-0.23652552173142585,0.05517285368031638,-0.04024748054598798,Kevin Knox II | Jonny Flynn | Patrick Williams | Jalen Green | Trey Thompkins
xRAPM historical top30,risk,2,feel_iq_passing + finishing_touch,92,-0.035294837641771715,0.03991402116402105,0.33695652173913043,0.4891304347826087,0.5108695652173914,0.31521739130434784,-0.11572546543725726,0.01606099935107075,-0.01562837983993076,James Wiseman | Kevin Knox II | Craig Brackins | Fab Melo | Patrick Williams
xRAPM historical top30,risk,2,feel_iq_passing + athleticism_tools,242,0.04661177035718713,-0.11137416794674836,0.3347107438016529,0.5330578512396694,0.4669421487603306,0.32644628099173556,-0.03381885743829841,0.013815221413593204,-0.00439949015254304,James Wiseman | Kevin Knox II | Craig Brackins | Jonny Flynn | Fab Melo
xRAPM historical top30,risk,2,feel_iq_passing + upside_tools,94,-0.15340332192207037,-0.11137416794674836,0.3617021276595745,0.5531914893617021,0.44680851063829785,0.2872340425531915,-0.23383394971755592,0.040806605271514806,-0.043611728591087084,James Wiseman | Kevin Knox II | Fab Melo | Patrick Williams | Tyler Bey
xRAPM historical top30,risk,2,feel_iq_passing + defense,190,0.02304723800182076,-0.0932194060419865,0.35789473684210527,0.531578947368421,0.46842105263157896,0.3105263157894737,-0.05738338979366478,0.03699921445404558,-0.020319455354804894,James Wiseman | Kevin Knox II | Craig Brackins | Jonny Flynn | Fab Melo
xRAPM historical top30,risk,2,feel_iq_passing + motor_competitiveness,143,-0.11521517532160587,-0.1748360655737706,0.3776223776223776,0.5594405594405595,0.4405594405594406,0.3076923076923077,-0.1956458031170914,0.05672685523431792,-0.02315346345197089,James Wiseman | Kevin Knox II | Craig Brackins | Jonny Flynn | Fab Melo
xRAPM historical top30,risk,2,feel_iq_passing + size_frame,107,0.08026722140818598,-0.0289682539682538,0.34579439252336447,0.514018691588785,0.48598130841121495,0.3644859813084112,-0.00016340638729955836,0.024898870135304785,0.0336402101641326,James Wiseman | Kevin Knox II | Jonny Flynn | Fab Melo | Derrick Williams
xRAPM historical top30,risk,2,feel_iq_passing + production_stats,109,-0.21278929962328308,-0.25521164021164,0.3761467889908257,0.5871559633027523,0.41284403669724773,0.25688073394495414,-0.2932199274187686,0.055251266602766025,-0.07396503719932446,James Wiseman | Kevin Knox II | Craig Brackins | Fab Melo | Patrick Williams
xRAPM historical top30,risk,2,feel_iq_passing + injury_medical,34,-0.10623016844485571,-0.08952120739005989,0.38235294117647056,0.5294117647058824,0.47058823529411764,0.29411764705882354,-0.18666079624034126,0.06145741878841088,-0.03672812408545506,James Wiseman | Mfiondu Kabengele | Brice Johnson | Rashad Vaughn | Shabazz Muhammad
xRAPM historical top30,risk,2,feel_iq_passing + risk_uncertainty,63,0.16568783652375357,0.0001639344262294,0.30158730158730157,0.49206349206349204,0.5079365079365079,0.30158730158730157,0.08525720872826803,-0.019308220800758114,-0.02925846955697703,James Wiseman | Fab Melo | Mfiondu Kabengele | Emmanuel Mudiay | James Bouknight
xRAPM historical top30,risk,2,feel_iq_passing + intel_consensus,15,-0.41351683394458116,-0.7136021505376343,0.4666666666666667,0.6,0.4,0.26666666666666666,-0.4939474617400667,0.145771144278607,-0.06417910447761194,Fab Melo | Patrick Williams | Elliot Williams | Arnett Moultrie | Glen Rice
xRAPM historical top30,risk,2,shooting + creation_handle,147,-0.20334510921229548,-0.2336021505376344,0.36054421768707484,0.54421768707483,0.4557823129251701,0.2653061224489796,-0.283775737007781,0.03964869529901516,-0.06553964869529899,Kevin Knox II | Jahlil Okafor | Josh Jackson | Royce White | Jonny Flynn
xRAPM historical top30,risk,2,shooting + finishing_touch,122,0.033258762292925924,0.0924761471072945,0.319672131147541,0.4672131147540984,0.5327868852459017,0.319672131147541,-0.04717186550255962,-0.0012233912405186786,-0.011173639996737594,James Wiseman | Kevin Knox II | Jahlil Okafor | Craig Brackins | Fab Melo
xRAPM historical top30,risk,2,shooting + athleticism_tools,318,0.05775060783878825,-0.07849867724867704,0.3238993710691824,0.5251572327044025,0.4748427672955975,0.3238993710691824,-0.022680019956697293,0.0030038486811226894,-0.006946400075096226,James Wiseman | Kevin Knox II | Jahlil Okafor | Craig Brackins | Josh Jackson
xRAPM historical top30,risk,2,shooting + upside_tools,115,-0.2899773279474939,-0.2336021505376344,0.3739130434782609,0.5826086956521739,0.41739130434782606,0.25217391304347825,-0.37040795574297947,0.05301752109020119,-0.07867185810080035,James Wiseman | Kevin Knox II | Jahlil Okafor | Fab Melo | Patrick Williams
xRAPM historical top30,risk,2,shooting + defense,246,-0.012384073128508092,-0.07849867724867704,0.35365853658536583,0.524390243902439,0.47560975609756095,0.3008130081300813,-0.09281470092399363,0.03276301419730615,-0.030032763014197272,James Wiseman | Kevin Knox II | Jahlil Okafor | Craig Brackins | Jonny Flynn
xRAPM historical top30,risk,2,shooting + motor_competitiveness,181,-0.046488380037093935,-0.1736021505376342,0.35911602209944754,0.5414364640883977,0.4585635359116022,0.32044198895027626,-0.12691900783257948,0.038220499711387856,-0.010403782194002342,James Wiseman | Kevin Knox II | Craig Brackins | Josh Jackson | Jonny Flynn
xRAPM historical top30,risk,2,shooting + size_frame,133,0.03701365734667111,-0.0762037037037035,0.3609022556390977,0.518796992481203,0.48120300751879697,0.3684210526315789,-0.043416970448814436,0.04000673325103804,0.03757528148730033,James Wiseman | Kevin Knox II | Royce White | Jonny Flynn | Fab Melo
xRAPM historical top30,risk,2,shooting + production_stats,127,-0.15432312551458832,-0.1771031746031743,0.3700787401574803,0.5748031496062992,0.4251968503937008,0.28346456692913385,-0.23475375331007386,0.04918321776942064,-0.047381204215144745,James Wiseman | Kevin Knox II | Jahlil Okafor | Craig Brackins | Fab Melo
xRAPM historical top30,risk,2,shooting + injury_medical,41,-0.24580579905087918,-0.3936021505376344,0.3902439024390244,0.5853658536585366,0.4146341463414634,0.21951219512195122,-0.3262364268463647,0.06934838005096472,-0.11133357602232738,James Wiseman | Mfiondu Kabengele | Brice Johnson | Rashad Vaughn | Shabazz Muhammad
xRAPM historical top30,risk,2,shooting + risk_uncertainty,75,0.03439146438028299,-0.0661788617886176,0.29333333333333333,0.5333333333333333,0.4666666666666667,0.26666666666666666,-0.046039163415202554,-0.02756218905472635,-0.06417910447761194,James Wiseman | Royce White | Fab Melo | Mfiondu Kabengele | Emmanuel Mudiay
xRAPM historical top30,risk,2,shooting + intel_consensus,17,-0.32875667860823715,-0.3998360655737707,0.4117647058823529,0.5882352941176471,0.4117647058823529,0.23529411764705882,-0.4091873064037227,0.09086918349429324,-0.09555165349721978,Fab Melo | Patrick Williams | Elliot Williams | Arnett Moultrie | Glen Rice
xRAPM historical top30,risk,2,creation_handle + finishing_touch,66,-0.16348984814262682,0.0507539682539681,0.36363636363636365,0.48484848484848486,0.5151515151515151,0.2878787878787879,-0.24392047593811236,0.04274084124830396,-0.0429669832654907,Kevin Knox II | Jahlil Okafor | Patrick Williams | Justin Harper | Jalen Green
xRAPM historical top30,risk,2,creation_handle + athleticism_tools,155,-0.12161448123567857,-0.1056451612903224,0.34838709677419355,0.5225806451612903,0.4774193548387097,0.2903225806451613,-0.20204510903116413,0.027491574386133866,-0.04052319049911729,Kevin Knox II | Jahlil Okafor | Josh Jackson | Royce White | Jonny Flynn
xRAPM historical top30,risk,2,creation_handle + upside_tools,53,-0.3148934217883306,-0.1056451612903224,0.3584905660377358,0.5283018867924528,0.4716981132075472,0.2830188679245283,-0.3953240495838161,0.03759504364967614,-0.047826903219750305,Kevin Knox II | Jahlil Okafor | Patrick Williams | Hasheem Thabeet | Thomas Robinson
xRAPM historical top30,risk,2,creation_handle + defense,119,-0.14442507908077248,-0.0389682539682539,0.3445378151260504,0.5126050420168067,0.48739495798319327,0.25210084033613445,-0.22485570687625803,0.023642292737990733,-0.07874493080814415,Kevin Knox II | Jahlil Okafor | Jonny Flynn | Justin Harper | Jalen Green
xRAPM historical top30,risk,2,creation_handle + motor_competitiveness,88,-0.10390450191143423,-0.03396825396825385,0.3522727272727273,0.5113636363636364,0.48863636363636365,0.3068181818181818,-0.1843351297069198,0.03137720488466761,-0.024027589326096777,Kevin Knox II | Josh Jackson | Jonny Flynn | Patrick Williams | Tony Mitchell
xRAPM historical top30,risk,2,creation_handle + size_frame,63,-0.10924005804798322,-0.2336021505376344,0.36507936507936506,0.5396825396825397,0.4603174603174603,0.31746031746031744,-0.18967068584346874,0.044183842691305375,-0.013385453683961157,Kevin Knox II | Royce White | Jonny Flynn | Justin Harper | Vernon Carey Jr.
xRAPM historical top30,risk,2,creation_handle + production_stats,70,-0.18901989295959865,-0.3014426054974836,0.4,0.5714285714285714,0.42857142857142855,0.3,-0.2694505207550842,0.07910447761194034,-0.03084577114427861,Kevin Knox II | Jahlil Okafor | Patrick Williams | Jalen Green | Tony Mitchell
xRAPM historical top30,risk,2,creation_handle + injury_medical,14,0.28544285013788107,0.19855158730158734,0.21428571428571427,0.42857142857142855,0.5714285714285714,0.35714285714285715,0.20501222234239552,-0.10660980810234541,0.02629708599857855,Shabazz Muhammad | Alex Len | Arnett Moultrie | Kris Dunn | Bol Bol
xRAPM historical top30,risk,2,creation_handle + risk_uncertainty,31,0.28656465248387436,0.2745238095238095,0.22580645161290322,0.41935483870967744,0.5806451612903226,0.3225806451612903,0.20613402468838882,-0.09508907077515646,-0.008265125982988286,Royce White | Bismack Biyombo | Shabazz Muhammad | Malachi Richardson | Terrico White
xRAPM historical top30,risk,2,finishing_touch + athleticism_tools,142,0.093735811385853,0.1071851418162893,0.31690140845070425,0.4647887323943662,0.5352112676056338,0.33098591549295775,0.013305183590367461,-0.003994113937355437,0.00014014434867914982,James Wiseman | Kevin Knox II | Jahlil Okafor | Craig Brackins | Fab Melo
xRAPM historical top30,risk,2,finishing_touch + upside_tools,56,-0.43941158307461076,-0.2815674603174604,0.375,0.5535714285714286,0.44642857142857145,0.19642857142857142,-0.5198422108700963,0.054104477611940316,-0.13441719971570718,James Wiseman | Kevin Knox II | Jahlil Okafor | Fab Melo | Patrick Williams
xRAPM historical top30,risk,2,finishing_touch + defense,106,0.001852592147265714,0.08032006245120975,0.32075471698113206,0.4716981132075472,0.5283018867924528,0.2830188679245283,-0.07857803564821983,-0.00014080540692762433,-0.047826903219750305,James Wiseman | Kevin Knox II | Jahlil Okafor | Craig Brackins | Fab Melo
xRAPM historical top30,risk,2,finishing_touch + motor_competitiveness,83,0.07863270432036697,0.2192063492063494,0.3132530120481928,0.4457831325301205,0.5542168674698795,0.3614457831325301,-0.0017979234751185763,-0.007642510339866904,0.03060001198825152,James Wiseman | Kevin Knox II | Craig Brackins | Fab Melo | Patrick Williams
xRAPM historical top30,risk,2,finishing_touch + size_frame,62,0.14545283188966884,0.08734126984126984,0.3709677419354839,0.4838709677419355,0.5161290322580645,0.3870967741935484,0.0650222040941833,0.05007221954742419,0.05625100304926978,James Wiseman | Kevin Knox II | Fab Melo | Justin Patton | Justin Harper
xRAPM historical top30,risk,2,finishing_touch + production_stats,55,-0.5101351772515403,-0.2654761904761904,0.41818181818181815,0.6,0.4,0.21818181818181817,-0.5905658050470259,0.09728629579375847,-0.11266395296246043,James Wiseman | Kevin Knox II | Jahlil Okafor | Craig Brackins | Fab Melo
xRAPM historical top30,risk,2,finishing_touch + injury_medical,17,-0.05900755985267911,-0.0042063492063492,0.35294117647058826,0.5294117647058824,0.47058823529411764,0.29411764705882354,-0.13943818764816465,0.032045654082528574,-0.03672812408545506,James Wiseman | Arnett Moultrie | Tibor Pleiss | Harry Giles III | Daniel Orton
xRAPM historical top30,risk,2,finishing_touch + risk_uncertainty,31,0.23929826743523103,0.2745238095238095,0.25806451612903225,0.41935483870967744,0.5806451612903226,0.3225806451612903,0.15886763963974548,-0.06283100625902743,-0.008265125982988286,James Wiseman | Fab Melo | Bismack Biyombo | Julius Randle | Tibor Pleiss
xRAPM historical top30,risk,2,athleticism_tools + upside_tools,127,-0.2423806492520278,-0.2336021505376344,0.36220472440944884,0.5748031496062992,0.4251968503937008,0.25196850393700787,-0.32281127704751333,0.04130920202138916,-0.07887726720727073,James Wiseman | Kevin Knox II | Jahlil Okafor | Fab Melo | Patrick Williams
xRAPM historical top30,risk,2,athleticism_tools + defense,276,0.05908374920667848,0.020597840228987647,0.3333333333333333,0.4963768115942029,0.5036231884057971,0.3115942028985507,-0.021346878588807065,0.01243781094527363,-0.01925156824572788,James Wiseman | Anthony Bennett | Kevin Knox II | Jahlil Okafor | Craig Brackins
xRAPM historical top30,risk,2,athleticism_tools + motor_competitiveness,197,0.05010134239799645,-0.0289682539682538,0.3350253807106599,0.5025380710659898,0.49746192893401014,0.350253807106599,-0.030329285397489095,0.01412985832260022,0.01940803596232038,James Wiseman | Anthony Bennett | Kevin Knox II | Craig Brackins | Josh Jackson
xRAPM historical top30,risk,2,athleticism_tools + size_frame,152,0.08927886177478953,-0.0020212073900599,0.34210526315789475,0.5,0.5,0.375,0.008848233979303982,0.02120974076983506,0.0441542288557214,James Wiseman | Anthony Bennett | Kevin Knox II | Royce White | Jonny Flynn
xRAPM historical top30,risk,2,athleticism_tools + production_stats,140,-0.10754361989020497,-0.1467191080557023,0.35714285714285715,0.55,0.45,0.29285714285714287,-0.18797424768569052,0.03624733475479747,-0.03798862828713573,James Wiseman | Kevin Knox II | Jahlil Okafor | Craig Brackins | Fab Melo
xRAPM historical top30,risk,2,athleticism_tools + injury_medical,47,-0.12002848734132311,-0.1748360655737706,0.3617021276595745,0.5319148936170213,0.46808510638297873,0.2978723404255319,-0.20045911513680864,0.040806605271514806,-0.0329734307187467,James Wiseman | Anthony Bennett | Mfiondu Kabengele | Brice Johnson | Rashad Vaughn
xRAPM historical top30,risk,2,athleticism_tools + risk_uncertainty,78,0.14310805912294886,-0.0351926054974834,0.28205128205128205,0.5256410256410257,0.47435897435897434,0.2948717948717949,0.06267743132746331,-0.038844240336777636,-0.03597397627248372,James Wiseman | Royce White | Fab Melo | Mfiondu Kabengele | James Bouknight
xRAPM historical top30,risk,2,athleticism_tools + intel_consensus,18,-0.39405943808591015,-0.5567191080557026,0.4444444444444444,0.6111111111111112,0.3888888888888889,0.2222222222222222,-0.4744900658813957,0.12354892205638474,-0.10862354892205639,Fab Melo | Patrick Williams | Elliot Williams | Arnett Moultrie | Glen Rice
xRAPM historical top30,risk,2,upside_tools + defense,100,-0.26933216821708483,-0.16884883949645957,0.38,0.57,0.43,0.23,-0.3497627960125704,0.05910447761194032,-0.10084577114427859,James Wiseman | Kevin Knox II | Jahlil Okafor | Fab Melo | Justin Patton
xRAPM historical top30,risk,2,upside_tools + motor_competitiveness,74,-0.36686592704376453,-0.38671910805570253,0.3783783783783784,0.5945945945945946,0.40540540540540543,0.24324324324324326,-0.44729655483925007,0.057482855990318715,-0.08760252790103534,James Wiseman | Kevin Knox II | Fab Melo | Patrick Williams | Justin Patton
xRAPM historical top30,risk,2,upside_tools + size_frame,55,-0.2720779856888414,-0.1495121951219511,0.34545454545454546,0.5636363636363636,0.43636363636363634,0.2727272727272727,-0.35250861348432694,0.024559023066485774,-0.05811849841700589,James Wiseman | Kevin Knox II | Fab Melo | Justin Patton | Tyler Bey
xRAPM historical top30,risk,2,upside_tools + production_stats,64,-0.5172138919009969,-0.5282076719576722,0.4375,0.609375,0.390625,0.203125,-0.5976445196964824,0.11660447761194032,-0.1277207711442786,James Wiseman | Kevin Knox II | Jahlil Okafor | Fab Melo | Patrick Williams
xRAPM historical top30,risk,2,upside_tools + injury_medical,18,-0.5515033685896031,-0.4544068953746373,0.3333333333333333,0.6666666666666666,0.3333333333333333,0.05555555555555555,-0.6319339963850887,0.01243781094527363,-0.275290215588723,James Wiseman | Kevin Seraphin | Arnett Moultrie | Damian Jones | Harry Giles III
xRAPM historical top30,risk,2,upside_tools + risk_uncertainty,40,-0.27659849641599255,-0.44752385289270546,0.375,0.65,0.35,0.15,-0.3570291242114781,0.054104477611940316,-0.1808457711442786,James Wiseman | Fab Melo | James Bouknight | Tyler Honeycutt | Kevin Seraphin
xRAPM historical top30,risk,2,upside_tools + intel_consensus,12,-0.49805153752062353,-0.37128520225294404,0.4166666666666667,0.5833333333333334,0.4166666666666667,0.16666666666666666,-0.5784821653161091,0.095771144278607,-0.16417910447761194,Fab Melo | Patrick Williams | Arnett Moultrie | Andrew Wiggins | Ben McLemore
xRAPM historical top30,risk,2,defense + motor_competitiveness,161,-0.0428119847872819,-0.0762037037037035,0.36645962732919257,0.515527950310559,0.484472049689441,0.3105590062111801,-0.12324261258276745,0.04556410494113289,-0.0202867649330985,James Wiseman | Anthony Bennett | Kevin Knox II | Craig Brackins | Jonny Flynn
xRAPM historical top30,risk,2,defense + size_frame,123,0.05340073653716504,-0.0042063492063492,0.34959349593495936,0.5040650406504065,0.4959349593495935,0.34959349593495936,-0.027029891258320504,0.02869797354689968,0.018747724790680764,James Wiseman | Anthony Bennett | Kevin Knox II | Jonny Flynn | Fab Melo
xRAPM historical top30,risk,2,defense + production_stats,117,-0.12367783684640815,-0.1198360655737704,0.36752136752136755,0.5299145299145299,0.4700854700854701,0.2905982905982906,-0.2041084646418937,0.046625845133307864,-0.04024748054598798,James Wiseman | Kevin Knox II | Jahlil Okafor | Craig Brackins | Fab Melo
xRAPM historical top30,risk,2,defense + injury_medical,40,-0.125849571962903,-0.2842191080557025,0.375,0.55,0.45,0.275,-0.20628019975838854,0.054104477611940316,-0.05584577114427858,James Wiseman | Anthony Bennett | Brice Johnson | Rashad Vaughn | Shabazz Muhammad
xRAPM historical top30,risk,2,defense + risk_uncertainty,60,0.20282696377982914,0.1741005291005289,0.2833333333333333,0.4666666666666667,0.5333333333333333,0.31666666666666665,0.1223963359843436,-0.03756218905472636,-0.014179104477611948,James Wiseman | Fab Melo | Emmanuel Mudiay | James Bouknight | Bismack Biyombo
xRAPM historical top30,risk,2,defense + intel_consensus,12,-0.573353302034139,-0.5826561280249807,0.5,0.6666666666666666,0.3333333333333333,0.08333333333333333,-0.6537839298296246,0.17910447761194032,-0.24751243781094528,Fab Melo | Arnett Moultrie | Glen Rice | Andrew Wiggins | Jordan Adams
xRAPM historical top30,risk,2,motor_competitiveness + size_frame,101,0.11218325367167407,0.1142063492063494,0.3465346534653465,0.4752475247524752,0.5247524752475248,0.37623762376237624,0.03175262587618853,0.025639131077286825,0.04539185261809764,James Wiseman | Anthony Bennett | Kevin Knox II | Jonny Flynn | Fab Melo
xRAPM historical top30,risk,2,motor_competitiveness + production_stats,87,-0.10037966732762771,-0.1198360655737704,0.39080459770114945,0.5402298850574713,0.45977011494252873,0.3103448275862069,-0.18081029512311325,0.06990907531308976,-0.020500943558071694,James Wiseman | Kevin Knox II | Craig Brackins | Fab Melo | Patrick Williams
xRAPM historical top30,risk,2,motor_competitiveness + injury_medical,31,-0.08922212991321,-0.1748360655737706,0.3225806451612903,0.5161290322580645,0.4838709677419355,0.3225806451612903,-0.16965275770869553,0.0016851227732306295,-0.008265125982988286,James Wiseman | Anthony Bennett | Brice Johnson | Shabazz Muhammad | Arnett Moultrie
xRAPM historical top30,risk,2,motor_competitiveness + risk_uncertainty,45,0.21465070965981237,0.167169312169312,0.24444444444444444,0.4666666666666667,0.5333333333333333,0.3111111111111111,0.13422008186432682,-0.07645107794361525,-0.019734660033167484,James Wiseman | Fab Melo | Bismack Biyombo | Shabazz Muhammad | Tyler Honeycutt
xRAPM historical top30,risk,2,motor_competitiveness + intel_consensus,14,-0.5410988766905157,-0.5826561280249807,0.5,0.6428571428571429,0.35714285714285715,0.21428571428571427,-0.6215295044860012,0.17910447761194032,-0.11656005685856433,Fab Melo | Patrick Williams | Elliot Williams | Arnett Moultrie | Glen Rice
xRAPM historical top30,risk,2,size_frame + production_stats,66,-0.0915790684972474,-0.09801988463873695,0.36363636363636365,0.5454545454545454,0.45454545454545453,0.3181818181818182,-0.17200969629273294,0.04274084124830396,-0.012663952962460423,James Wiseman | Kevin Knox II | Fab Melo | Justin Patton | Marquese Chriss
xRAPM historical top30,risk,2,size_frame + injury_medical,21,-0.2590083653670255,-0.0042063492063492,0.38095238095238093,0.5238095238095238,0.47619047619047616,0.2857142857142857,-0.339438993162511,0.06005685856432125,-0.0451314854299929,James Wiseman | Anthony Bennett | Mfiondu Kabengele | Shabazz Muhammad | Alex Len
xRAPM historical top30,risk,2,size_frame + risk_uncertainty,36,0.07311515576015319,-0.0020212073900599,0.3333333333333333,0.5,0.5,0.3611111111111111,-0.007315472035332352,0.01243781094527363,0.030265339966832505,James Wiseman | Royce White | Fab Melo | Mfiondu Kabengele | Bismack Biyombo
xRAPM historical top30,risk,2,production_stats + injury_medical,24,0.06201235611319552,0.0014855350742445502,0.2916666666666667,0.5,0.5,0.2916666666666667,-0.018418271682290023,-0.029228855721393,-0.039179104477611915,James Wiseman | Rashad Vaughn | Shabazz Muhammad | Arnett Moultrie | Damian Jones
xRAPM historical top30,risk,2,production_stats + risk_uncertainty,39,-0.035106539731668225,-0.3998360655737707,0.3333333333333333,0.5641025641025641,0.4358974358974359,0.2564102564102564,-0.11553716752715376,0.01243781094527363,-0.07443551473402221,James Wiseman | Fab Melo | Bismack Biyombo | Shabazz Muhammad | Tyler Honeycutt
xRAPM historical top30,risk,2,injury_medical + risk_uncertainty,25,0.08721354337595898,-0.0042063492063492,0.28,0.52,0.48,0.24,0.006782915580473434,-0.04089552238805966,-0.09084577114427861,James Wiseman | Mfiondu Kabengele | Shabazz Muhammad | Kevin Seraphin | Tibor Pleiss
PIE available minutes weighted,risk,2,feel_iq_passing + shooting,346,0.0028442260933240087,0.0041721736937488495,0.0,0.42485549132947975,0.5751445086705202,0.0,-0.001875180585616093,0.0,0.0,Gani Lawal | David Johnson | Arnoldas Kulboka | Ben Bentil | Fab Melo
PIE available minutes weighted,risk,2,feel_iq_passing + creation_handle,170,-0.000808863229950075,0.0017795166996695,0.0,0.4764705882352941,0.5235294117647059,0.0,-0.005528269908890177,0.0,0.0,David Johnson | Arnoldas Kulboka | Ben Bentil | Nemanja Nedovic | Terrance Ferguson
PIE available minutes weighted,risk,2,feel_iq_passing + finishing_touch,132,0.0057307384259346755,0.0058233681222875,0.0,0.4166666666666667,0.5833333333333334,0.0,0.0010113317469945737,0.0,0.0,Arnoldas Kulboka | Fab Melo | Kevin Murphy | Craig Brackins | Hasheem Thabeet
PIE available minutes weighted,risk,2,feel_iq_passing + athleticism_tools,359,0.0033815561428386875,0.0041550192691251,0.0,0.42618384401114207,0.5738161559888579,0.0,-0.0013378505361014144,0.0,0.0,Gani Lawal | David Johnson | Arnoldas Kulboka | Ben Bentil | Fab Melo
PIE available minutes weighted,risk,2,feel_iq_passing + upside_tools,132,0.002169571553450897,0.0036753983545733497,0.0,0.44696969696969696,0.553030303030303,0.0,-0.002549835125489205,0.0,0.0,Gani Lawal | Ben Bentil | Fab Melo | Hasheem Thabeet | Isaiah Todd
PIE available minutes weighted,risk,2,feel_iq_passing + defense,283,0.0022475805291372513,0.0039205877312656,0.0,0.43109540636042404,0.568904593639576,0.0,-0.0024718261498028506,0.0,0.0,Gani Lawal | David Johnson | Arnoldas Kulboka | Ben Bentil | Fab Melo
PIE available minutes weighted,risk,2,feel_iq_passing + motor_competitiveness,190,0.0024603502955705785,0.005388111861320001,0.0,0.41578947368421054,0.5842105263157895,0.0,-0.0022590563833695234,0.0,0.0,Gani Lawal | Arnoldas Kulboka | Fab Melo | Michael Gbinije | Craig Brackins
PIE available minutes weighted,risk,2,feel_iq_passing + size_frame,147,0.006436926257716241,0.0061880249838965,0.0,0.3877551020408163,0.6122448979591837,0.0,0.0017175195787761388,0.0,0.0,Arnoldas Kulboka | Fab Melo | Michael Gbinije | Marko Simonovic | Isaiah Todd
PIE available minutes weighted,risk,2,feel_iq_passing + production_stats,160,0.0015112297532932698,0.00196329266051585,0.0,0.4625,0.5375,0.0,-0.003208176925646832,0.0,0.0,Arnoldas Kulboka | Ben Bentil | Fab Melo | Michael Gbinije | Craig Brackins
PIE available minutes weighted,risk,2,feel_iq_passing + injury_medical,47,0.006317731429903332,0.0047663457855465,0.0,0.425531914893617,0.574468085106383,0.0,0.00159832475096323,0.0,0.0,Glen Rice | Rashad Vaughn | Johnny Davis | Victor Claver | Romeo Langford
PIE available minutes weighted,risk,2,feel_iq_passing + risk_uncertainty,91,0.006768788446378549,0.0118249557479014,0.0,0.42857142857142855,0.5714285714285714,0.0,0.0020493817674384473,0.0,0.0,Arnoldas Kulboka | Fab Melo | Michael Gbinije | Jacob Evans | Malachi Richardson
PIE available minutes weighted,risk,2,feel_iq_passing + intel_consensus,15,-0.0153175003086554,-0.0237222462462323,0.0,0.6,0.4,0.0,-0.020036906987595502,0.0,0.0,Fab Melo | Glen Rice | Dante Exum | Andrew Wiggins | Ben McLemore
PIE available minutes weighted,risk,2,shooting + creation_handle,231,-0.0008940008578670609,0.001231479585015,0.0,0.4805194805194805,0.5194805194805194,0.0,-0.005613407536807163,0.0,0.0,David Johnson | Arnoldas Kulboka | Royce White | Ben Bentil | Nemanja Nedovic
PIE available minutes weighted,risk,2,shooting + finishing_touch,187,0.00632585747253573,0.0068593903759126,0.0,0.40106951871657753,0.5989304812834224,0.0,0.0016064507935956282,0.0,0.0,Arnoldas Kulboka | Fab Melo | Kevin Murphy | Diamond Stone | Craig Brackins
PIE available minutes weighted,risk,2,shooting + athleticism_tools,498,0.003859466512604831,0.005213414333248401,0.0,0.41767068273092367,0.5823293172690763,0.0,-0.0008599401663352707,0.0,0.0,Gani Lawal | David Johnson | Arnoldas Kulboka | Royce White | Ben Bentil
PIE available minutes weighted,risk,2,shooting + upside_tools,167,0.001958991808145108,0.0039936903784493,0.0,0.4491017964071856,0.5508982035928144,0.0,-0.002760414870794994,0.0,0.0,Gani Lawal | Ben Bentil | Fab Melo | Diamond Stone | Hasheem Thabeet
PIE available minutes weighted,risk,2,shooting + defense,384,0.0027943453099244634,0.00395713905485745,0.0,0.4322916666666667,0.5677083333333334,0.0,-0.0019250613690156384,0.0,0.0,Gani Lawal | David Johnson | Arnoldas Kulboka | Ben Bentil | Fab Melo
PIE available minutes weighted,risk,2,shooting + motor_competitiveness,254,0.0032214452844437106,0.00571673522864245,0.0,0.41338582677165353,0.5866141732283464,0.0,-0.0014979613944963912,0.0,0.0,Gani Lawal | Arnoldas Kulboka | Fab Melo | Grant Jerrett | Diamond Stone
PIE available minutes weighted,risk,2,shooting + size_frame,195,0.0050819246162952195,0.008732747217848,0.0,0.38461538461538464,0.6153846153846154,0.0,0.0003625179373551177,0.0,0.0,Arnoldas Kulboka | Royce White | Fab Melo | Grant Jerrett | Diamond Stone
PIE available minutes weighted,risk,2,shooting + production_stats,210,0.004466150379712154,0.00547272475372615,0.0,0.4142857142857143,0.5857142857142857,0.0,-0.0002532562992279474,0.0,0.0,Arnoldas Kulboka | Ben Bentil | Fab Melo | Grant Jerrett | Diamond Stone
PIE available minutes weighted,risk,2,shooting + injury_medical,57,0.006322387382660129,0.0047663457855465,0.0,0.43859649122807015,0.5614035087719298,0.0,0.001602980703720027,0.0,0.0,Zhou Qi | Glen Rice | Rashad Vaughn | Johnny Davis | Victor Claver
PIE available minutes weighted,risk,2,shooting + risk_uncertainty,112,0.0048824377414206765,0.006204736843282399,0.0,0.4375,0.5625,0.0,0.00016303106248057465,0.0,0.0,Arnoldas Kulboka | Royce White | Fab Melo | Michael Gbinije | Zhou Qi
PIE available minutes weighted,risk,2,shooting + intel_consensus,19,-0.01352644688263692,-0.0126794966868908,0.0,0.5789473684210527,0.42105263157894735,0.0,-0.01824585356157702,0.0,0.0,Fab Melo | Diamond Stone | Glen Rice | Dante Exum | Ben McLemore
PIE available minutes weighted,risk,2,creation_handle + finishing_touch,94,0.0026050428138546617,0.0034680926661078,0.0,0.4574468085106383,0.5425531914893617,0.0,-0.00211436386508544,0.0,0.0,Arnoldas Kulboka | Justin Harper | Hasheem Thabeet | Isaiah Todd | Dante Exum
PIE available minutes weighted,risk,2,creation_handle + athleticism_tools,244,0.00019304324937115036,0.0019125122877374,0.0,0.46311475409836067,0.5368852459016393,0.0,-0.004526363429568952,0.0,0.0,David Johnson | Arnoldas Kulboka | Royce White | Ben Bentil | Nemanja Nedovic
PIE available minutes weighted,risk,2,creation_handle + upside_tools,79,-0.0004882395860009306,-0.0001232478739376,0.0,0.5063291139240507,0.4936708860759494,0.0,-0.0052076462649410325,0.0,0.0,Ben Bentil | Hasheem Thabeet | Isaiah Todd | Malachi Richardson | Dante Exum
PIE available minutes weighted,risk,2,creation_handle + defense,187,-0.00014938275766603867,0.0012812842643247,0.0,0.47593582887700536,0.5240641711229946,0.0,-0.00486878943660614,0.0,0.0,David Johnson | Arnoldas Kulboka | Ben Bentil | Nemanja Nedovic | Terrance Ferguson
PIE available minutes weighted,risk,2,creation_handle + motor_competitiveness,121,0.001100497405534917,0.0027763320264545,0.0,0.4628099173553719,0.5371900826446281,0.0,-0.003618909273405185,0.0,0.0,Arnoldas Kulboka | Terrance Ferguson | Hasheem Thabeet | Kris Joseph | Melvin Frazier Jr.
PIE available minutes weighted,risk,2,creation_handle + size_frame,94,0.0023863371341383555,0.00463985482398045,0.0,0.39361702127659576,0.6063829787234043,0.0,-0.0023330695448017464,0.0,0.0,Arnoldas Kulboka | Royce White | Justin Harper | Isaiah Todd | Dante Exum
PIE available minutes weighted,risk,2,creation_handle + production_stats,109,0.0007694750306951384,0.001231479585015,0.0,0.46788990825688076,0.5321100917431193,0.0,-0.003949931648244963,0.0,0.0,Arnoldas Kulboka | Ben Bentil | Kris Joseph | Malachi Richardson | Dante Exum
PIE available minutes weighted,risk,2,creation_handle + injury_medical,18,0.00661424902486004,0.003160437336319,0.0,0.4444444444444444,0.5555555555555556,0.0,0.0018948423459199384,0.0,0.0,Johnny Davis | Kris Dunn | Aaron Nesmith | Jaylen Brown | Cody Zeller
PIE available minutes weighted,risk,2,creation_handle + risk_uncertainty,47,-0.0009408589076867284,0.0039120255229277,0.0,0.48936170212765956,0.5106382978723404,0.0,-0.00566026558662683,0.0,0.0,Arnoldas Kulboka | Royce White | Malachi Richardson | Joshua Primo | Ekpe Udoh
PIE available minutes weighted,risk,2,finishing_touch + athleticism_tools,217,0.007741520703736371,0.0068593903759126,0.0,0.4009216589861751,0.5990783410138248,0.0,0.0030221140247962694,0.0,0.0,Arnoldas Kulboka | Fab Melo | Diamond Stone | Craig Brackins | Leandro Bolmaro
PIE available minutes weighted,risk,2,finishing_touch + upside_tools,80,0.007649368628973585,0.00477332820606535,0.0,0.4,0.6,0.0,0.0029299619500334833,0.0,0.0,Fab Melo | Diamond Stone | Hasheem Thabeet | Isaiah Todd | Dante Exum
PIE available minutes weighted,risk,2,finishing_touch + defense,163,0.0057994826732752185,0.0058285445309704,0.0,0.4171779141104294,0.5828220858895705,0.0,0.0010800759943351166,0.0,0.0,Arnoldas Kulboka | Fab Melo | Diamond Stone | Craig Brackins | Leandro Bolmaro
PIE available minutes weighted,risk,2,finishing_touch + motor_competitiveness,118,0.007345705406241219,0.00842561598934255,0.0,0.3898305084745763,0.6101694915254238,0.0,0.002626298727301117,0.0,0.0,Arnoldas Kulboka | Fab Melo | Diamond Stone | Craig Brackins | Hasheem Thabeet
PIE available minutes weighted,risk,2,finishing_touch + size_frame,98,0.007145350584369408,0.0083435409753407,0.0,0.35714285714285715,0.6428571428571429,0.0,0.002425943905429306,0.0,0.0,Arnoldas Kulboka | Fab Melo | Diamond Stone | Leandro Bolmaro | Justin Harper
PIE available minutes weighted,risk,2,finishing_touch + production_stats,88,0.00611737845980572,0.006310837063028801,0.0,0.38636363636363635,0.6136363636363636,0.0,0.0013979717808656183,0.0,0.0,Arnoldas Kulboka | Fab Melo | Diamond Stone | Craig Brackins | Dante Exum
PIE available minutes weighted,risk,2,finishing_touch + injury_medical,22,0.006500693977662903,0.00395713905485745,0.0,0.4090909090909091,0.5909090909090909,0.0,0.0017812872987228012,0.0,0.0,Victor Claver | Romeo Langford | Aaron Nesmith | Stephen Zimmerman | James Wiseman
PIE available minutes weighted,risk,2,finishing_touch + risk_uncertainty,48,0.006473264867055149,0.01042285420776325,0.0,0.3541666666666667,0.6458333333333334,0.0,0.0017538581881150475,0.0,0.0,Arnoldas Kulboka | Fab Melo | Joshua Primo | Ekpe Udoh | Victor Claver
PIE available minutes weighted,risk,2,athleticism_tools + upside_tools,189,0.0027064247938462056,0.0034302089778811,0.0,0.455026455026455,0.544973544973545,0.0,-0.0020129818850938962,0.0,0.0,Gani Lawal | Ben Bentil | Fab Melo | Diamond Stone | Hasheem Thabeet
PIE available minutes weighted,risk,2,athleticism_tools + defense,439,0.0039309665978147805,0.0039936903784493,0.0,0.43735763097949887,0.5626423690205011,0.0,-0.0007884400811253214,0.0,0.0,Gani Lawal | David Johnson | Arnoldas Kulboka | Ben Bentil | Fab Melo
PIE available minutes weighted,risk,2,athleticism_tools + motor_competitiveness,281,0.004176058645236952,0.0058953523798838,0.0,0.4092526690391459,0.5907473309608541,0.0,-0.0005433480337031496,0.0,0.0,Gani Lawal | Arnoldas Kulboka | Fab Melo | Grant Jerrett | Diamond Stone
PIE available minutes weighted,risk,2,athleticism_tools + size_frame,233,0.006112559125385476,0.008842141694801,0.0,0.38197424892703863,0.6180257510729614,0.0,0.0013931524464453745,0.0,0.0,Arnoldas Kulboka | Royce White | Fab Melo | Grant Jerrett | Diamond Stone
PIE available minutes weighted,risk,2,athleticism_tools + production_stats,230,0.004538402126285245,0.00485319716806785,0.0,0.4260869565217391,0.5739130434782609,0.0,-0.000181004552654857,0.0,0.0,Arnoldas Kulboka | Ben Bentil | Fab Melo | Grant Jerrett | Diamond Stone
PIE available minutes weighted,risk,2,athleticism_tools + injury_medical,63,0.005834322410290276,0.0047663457855465,0.0,0.4444444444444444,0.5555555555555556,0.0,0.0011149157313501742,0.0,0.0,Anthony Bennett | Zhou Qi | Glen Rice | Rashad Vaughn | Johnny Davis
PIE available minutes weighted,risk,2,athleticism_tools + risk_uncertainty,116,0.004642995680892845,0.006204736843282399,0.0,0.4224137931034483,0.5775862068965517,0.0,-7.641099804725666e-05,0.0,0.0,Arnoldas Kulboka | Royce White | Fab Melo | Michael Gbinije | Zhou Qi
PIE available minutes weighted,risk,2,athleticism_tools + intel_consensus,20,-0.0149630795250033,-0.01536219744434705,0.0,0.6,0.4,0.0,-0.019682486203943403,0.0,0.0,Fab Melo | Diamond Stone | Glen Rice | Dante Exum | Andrew Wiggins
PIE available minutes weighted,risk,2,upside_tools + defense,143,0.0008078264571800669,0.0023321822808637,0.0,0.46853146853146854,0.5314685314685315,0.0,-0.003911580221760035,0.0,0.0,Gani Lawal | Ben Bentil | Fab Melo | Diamond Stone | Zhou Qi
PIE available minutes weighted,risk,2,upside_tools + motor_competitiveness,99,0.0015397193447789818,0.0053573282937581,0.0,0.4444444444444444,0.5555555555555556,0.0,-0.0031796873341611203,0.0,0.0,Gani Lawal | Fab Melo | Diamond Stone | Hasheem Thabeet | Zhou Qi
PIE available minutes weighted,risk,2,upside_tools + size_frame,84,0.006898587330477912,0.008398238213817199,0.0,0.38095238095238093,0.6190476190476191,0.0,0.00217918065153781,0.0,0.0,Fab Melo | Diamond Stone | Zhou Qi | Isaiah Todd | Dante Exum
PIE available minutes weighted,risk,2,upside_tools + production_stats,97,0.0013060599722124274,0.0008454170941929,0.0,0.4845360824742268,0.5154639175257731,0.0,-0.0034133467067276745,0.0,0.0,Ben Bentil | Fab Melo | Diamond Stone | Zhou Qi | Jared Cunningham
PIE available minutes weighted,risk,2,upside_tools + injury_medical,25,0.007095341484107257,0.0039936903784493,0.0,0.4,0.6,0.0,0.002375934805167155,0.0,0.0,Zhou Qi | C.J. Wilcox | Perry Jones III | Ziaire Williams | Quincy Miller
PIE available minutes weighted,risk,2,upside_tools + risk_uncertainty,55,0.007602472068742924,0.0039205877312656,0.0,0.41818181818181815,0.5818181818181818,0.0,0.0028830653898028226,0.0,0.0,Fab Melo | Zhou Qi | Malachi Richardson | Andrew Wiggins | Ekpe Udoh
PIE available minutes weighted,risk,2,upside_tools + intel_consensus,13,-0.018101925432244377,-0.0311178494004984,0.0,0.5384615384615384,0.46153846153846156,0.0,-0.022821332111184478,0.0,0.0,Fab Melo | Diamond Stone | Dante Exum | Andrew Wiggins | Ben McLemore
PIE available minutes weighted,risk,2,defense + motor_competitiveness,225,0.0015743078237657805,0.0034790286035349,0.0,0.44,0.56,0.0,-0.0031450988551743214,0.0,0.0,Gani Lawal | Arnoldas Kulboka | Fab Melo | Diamond Stone | Michael Gbinije
PIE available minutes weighted,risk,2,defense + size_frame,182,0.005172380219072619,0.00649057728949185,0.0,0.4065934065934066,0.5934065934065934,0.0,0.00045297354013251745,0.0,0.0,Arnoldas Kulboka | Fab Melo | Diamond Stone | Michael Gbinije | Leandro Bolmaro
PIE available minutes weighted,risk,2,defense + production_stats,187,0.003364253749149897,0.0031467396664601,0.0,0.44919786096256686,0.5508021390374331,0.0,-0.001355152929790205,0.0,0.0,Arnoldas Kulboka | Ben Bentil | Fab Melo | Diamond Stone | Michael Gbinije
PIE available minutes weighted,risk,2,defense + injury_medical,52,0.006097576797471429,0.0043800180819979,0.0,0.4423076923076923,0.5576923076923077,0.0,0.0013781701185313269,0.0,0.0,Anthony Bennett | Zhou Qi | Glen Rice | Rashad Vaughn | Victor Claver
PIE available minutes weighted,risk,2,defense + risk_uncertainty,93,0.004493131797792953,0.0051246903788358,0.0,0.43010752688172044,0.5698924731182796,0.0,-0.00022627488114714857,0.0,0.0,Arnoldas Kulboka | Fab Melo | Michael Gbinije | Zhou Qi | Erik Murphy
PIE available minutes weighted,risk,2,defense + intel_consensus,14,-0.02374263746999485,-0.01536219744434705,0.0,0.6428571428571429,0.35714285714285715,0.0,-0.02846204414893495,0.0,0.0,Fab Melo | Diamond Stone | Glen Rice | Dante Exum | Andrew Wiggins
PIE available minutes weighted,risk,2,motor_competitiveness + size_frame,137,0.00626473037412128,0.0096382978383082,0.0,0.3722627737226277,0.6277372262773723,0.0,0.0015453236951811777,0.0,0.0,Arnoldas Kulboka | Fab Melo | Grant Jerrett | Diamond Stone | Michael Gbinije
PIE available minutes weighted,risk,2,motor_competitiveness + production_stats,128,0.005699574635673513,0.00604168868189015,0.0,0.40625,0.59375,0.0,0.000980167956733411,0.0,0.0,Arnoldas Kulboka | Fab Melo | Grant Jerrett | Diamond Stone | Michael Gbinije
PIE available minutes weighted,risk,2,motor_competitiveness + injury_medical,39,0.006276350917406977,0.0058181917136046,0.0,0.4358974358974359,0.5641025641025641,0.0,0.001556944238466875,0.0,0.0,Anthony Bennett | Zhou Qi | Glen Rice | Victor Claver | Romeo Langford
PIE available minutes weighted,risk,2,motor_competitiveness + risk_uncertainty,64,0.0049014195958032,0.0071271127698049,0.0,0.421875,0.578125,0.0,0.0001820129168630981,0.0,0.0,Arnoldas Kulboka | Fab Melo | Michael Gbinije | Zhou Qi | Andrew Wiggins
PIE available minutes weighted,risk,2,motor_competitiveness + intel_consensus,16,-0.01958287669480173,-0.0208835722240178,0.0,0.625,0.375,0.0,-0.02430228337374183,0.0,0.0,Fab Melo | Diamond Stone | Glen Rice | Dante Exum | Andrew Wiggins
PIE available minutes weighted,risk,2,size_frame + production_stats,102,0.0034746276749388068,0.00881482223184985,0.0,0.38235294117647056,0.6176470588235294,0.0,-0.001244779004001295,0.0,0.0,Arnoldas Kulboka | Fab Melo | Grant Jerrett | Diamond Stone | Michael Gbinije
PIE available minutes weighted,risk,2,size_frame + injury_medical,32,0.006639834076689406,0.0110972027796995,0.0,0.34375,0.65625,0.0,0.0019204273977493046,0.0,0.0,Anthony Bennett | Zhou Qi | Johnny Davis | Victor Claver | Ziaire Williams
PIE available minutes weighted,risk,2,size_frame + risk_uncertainty,57,0.0026494509518338464,0.0113154851147843,0.0,0.38596491228070173,0.6140350877192983,0.0,-0.0020699557271062555,0.0,0.0,Arnoldas Kulboka | Royce White | Fab Melo | Michael Gbinije | Zhou Qi
PIE available minutes weighted,risk,2,size_frame + intel_consensus,12,-0.0126047149136624,-0.01072709932020055,0.0,0.5833333333333334,0.4166666666666667,0.0,-0.017324121592602503,0.0,0.0,Fab Melo | Diamond Stone | Dante Exum | De'Andre Hunter | Marcus Smart
PIE available minutes weighted,risk,2,production_stats + injury_medical,34,0.0036537694356391856,0.00395713905485745,0.0,0.4411764705882353,0.5588235294117647,0.0,-0.0010656372433009162,0.0,0.0,Zhou Qi | Rashad Vaughn | Victor Claver | Romeo Langford | Chris Singleton
PIE available minutes weighted,risk,2,production_stats + risk_uncertainty,62,-0.0013232806338877917,-0.0023883203161074998,0.0,0.532258064516129,0.46774193548387094,0.0,-0.0060426873128278935,0.0,0.0,Arnoldas Kulboka | Fab Melo | Michael Gbinije | Zhou Qi | Malachi Richardson
PIE available minutes weighted,risk,2,production_stats + intel_consensus,13,-0.021145626761137872,-0.0180448982018033,0.0,0.6153846153846154,0.38461538461538464,0.0,-0.025865033440077973,0.0,0.0,Fab Melo | Diamond Stone | Dante Exum | Andrew Wiggins | Patrick Williams
PIE available minutes weighted,risk,2,injury_medical + risk_uncertainty,32,0.009639316510277003,0.0136275056505336,0.0,0.375,0.625,0.0,0.004919909831336901,0.0,0.0,Zhou Qi | Victor Claver | C.J. Wilcox | Kris Dunn | Aaron Nesmith
PIE top15,risk,2,feel_iq_passing + shooting,114,0.0023617565182654315,0.00242007278632185,0.0,0.43859649122807015,0.5614035087719298,0.0,-0.000945484722812133,0.0,0.0,Hasheem Thabeet | Dante Exum | Isaac Okoro | Ekpe Udoh | Johnny Davis
PIE top15,risk,2,feel_iq_passing + creation_handle,64,-0.0033020240386593858,-0.0023086504242481,0.0,0.53125,0.46875,0.0,-0.00660926527973695,0.0,0.0,Hasheem Thabeet | Dante Exum | Isaac Okoro | Ekpe Udoh | Johnny Davis
PIE top15,risk,2,feel_iq_passing + finishing_touch,49,-0.0009539127741487224,-0.0019480557218348,0.0,0.5102040816326531,0.4897959183673469,0.0,-0.004261154015226287,0.0,0.0,Hasheem Thabeet | Dante Exum | Isaac Okoro | Jerome Robinson | Ekpe Udoh
PIE top15,risk,2,feel_iq_passing + athleticism_tools,121,0.0028030736817954258,0.0027763320264545,0.0,0.4380165289256198,0.5619834710743802,0.0,-0.0005041675592821386,0.0,0.0,Hasheem Thabeet | Dante Exum | Andrew Wiggins | Isaac Okoro | Jerome Robinson
PIE top15,risk,2,feel_iq_passing + upside_tools,45,-0.000165839581732789,0.0008454170941929,0.0,0.4666666666666667,0.5333333333333333,0.0,-0.0034730808228103536,0.0,0.0,Hasheem Thabeet | Dante Exum | Andrew Wiggins | Isaac Okoro | Ekpe Udoh
PIE top15,risk,2,feel_iq_passing + defense,96,0.002528220735429585,0.00196329266051585,0.0,0.4583333333333333,0.5416666666666666,0.0,-0.0007790205056479793,0.0,0.0,Dante Exum | Andrew Wiggins | Isaac Okoro | Jerome Robinson | Ekpe Udoh
PIE top15,risk,2,feel_iq_passing + motor_competitiveness,68,0.003145151971079589,0.00490230343102645,0.0,0.39705882352941174,0.6029411764705882,0.0,-0.0001620892699979756,0.0,0.0,Hasheem Thabeet | Dante Exum | Andrew Wiggins | Ekpe Udoh | Ben McLemore
PIE top15,risk,2,feel_iq_passing + size_frame,55,0.008806182614111261,0.0113154851147843,0.0,0.2909090909090909,0.7090909090909091,0.0,0.005498941373033696,0.0,0.0,Dante Exum | Johnny Davis | Frank Ntilikina | Jan Vesely | De'Andre Hunter
PIE top15,risk,2,feel_iq_passing + production_stats,55,-0.0019877962658969455,-0.0035027443005674,0.0,0.5454545454545454,0.45454545454545453,0.0,-0.00529503750697451,0.0,0.0,Dante Exum | Andrew Wiggins | Isaac Okoro | Wesley Johnson | Jan Vesely
PIE top15,risk,2,feel_iq_passing + injury_medical,17,0.010147988185833005,0.0134710463028263,0.0,0.35294117647058826,0.6470588235294118,0.0,0.0068407469447554405,0.0,0.0,Johnny Davis | Kris Dunn | James Wiseman | Cody Zeller | Alex Len
PIE top15,risk,2,feel_iq_passing + risk_uncertainty,33,0.008436967439945318,0.0124281061023716,0.0,0.36363636363636365,0.6363636363636364,0.0,0.005129726198867753,0.0,0.0,Andrew Wiggins | Ekpe Udoh | Ben McLemore | De'Andre Hunter | James Bouknight
PIE top15,risk,2,shooting + creation_handle,82,-0.004965005293030402,-0.0040358585302723,0.0,0.5853658536585366,0.4146341463414634,0.0,-0.008272246534107967,0.0,0.0,Hasheem Thabeet | Dante Exum | Dragan Bender | Isaac Okoro | Ekpe Udoh
PIE top15,risk,2,shooting + finishing_touch,69,0.001499529644770432,0.0021631896579724,0.0,0.4782608695652174,0.5217391304347826,0.0,-0.0018077115963071324,0.0,0.0,Hasheem Thabeet | Dante Exum | Dragan Bender | Isaac Okoro | Ekpe Udoh
PIE top15,risk,2,shooting + athleticism_tools,167,0.003961942854756782,0.0039120255229277,0.0,0.437125748502994,0.562874251497006,0.0,0.0006547016136792178,0.0,0.0,Hasheem Thabeet | Dante Exum | Dragan Bender | Isaac Okoro | Ekpe Udoh
PIE top15,risk,2,shooting + upside_tools,60,0.0017661406194578436,0.00057463266331455,0.0,0.48333333333333334,0.5166666666666667,0.0,-0.0015411006216197209,0.0,0.0,Hasheem Thabeet | Dante Exum | Isaac Okoro | Ekpe Udoh | Ben McLemore
PIE top15,risk,2,shooting + defense,132,0.003710370855534889,0.0025542571536591,0.0,0.45454545454545453,0.5454545454545454,0.0,0.00040312961445732477,0.0,0.0,Dante Exum | Dragan Bender | Isaac Okoro | Ekpe Udoh | Ben McLemore
PIE top15,risk,2,shooting + motor_competitiveness,90,0.005160819669654772,0.00572191163732535,0.0,0.4,0.6,0.0,0.0018535784285772078,0.0,0.0,Hasheem Thabeet | Dante Exum | Dragan Bender | Ekpe Udoh | Ben McLemore
PIE top15,risk,2,shooting + size_frame,65,0.00828210557542094,0.0103067085821028,0.0,0.3076923076923077,0.6923076923076923,0.0,0.004974864334343375,0.0,0.0,Dante Exum | Johnny Davis | Jarrett Culver | Frank Ntilikina | Jan Vesely
PIE top15,risk,2,shooting + production_stats,63,0.0008394690711817505,-0.0004478179262712,0.0,0.5238095238095238,0.47619047619047616,0.0,-0.002467772169895814,0.0,0.0,Dante Exum | Isaac Okoro | Wesley Johnson | Jan Vesely | Patrick Williams
PIE top15,risk,2,shooting + injury_medical,19,0.013413216549159711,0.0140353487114225,0.0,0.3157894736842105,0.6842105263157895,0.0,0.010105975308082146,0.0,0.0,Johnny Davis | Kris Dunn | James Wiseman | Jaylen Brown | Alex Len
PIE top15,risk,2,shooting + risk_uncertainty,37,0.008497709703976241,0.0113154851147843,0.0,0.35135135135135137,0.6486486486486487,0.0,0.005190468462898676,0.0,0.0,Ekpe Udoh | Ben McLemore | De'Andre Hunter | James Bouknight | Stanley Johnson
PIE top15,risk,2,creation_handle + finishing_touch,36,-0.008223352069755139,-0.0060897890921307995,0.0,0.6666666666666666,0.3333333333333333,0.0,-0.011530593310832704,0.0,0.0,Hasheem Thabeet | Dante Exum | Dragan Bender | Isaac Okoro | Ekpe Udoh
PIE top15,risk,2,creation_handle + athleticism_tools,91,-0.003634549344430569,-0.0026692451266614,0.0,0.5604395604395604,0.43956043956043955,0.0,-0.006941790585508133,0.0,0.0,Hasheem Thabeet | Dante Exum | Dragan Bender | Isaac Okoro | Ekpe Udoh
PIE top15,risk,2,creation_handle + upside_tools,32,-0.009365328696881616,-0.00677822021520535,0.0,0.6875,0.3125,0.0,-0.01267256993795918,0.0,0.0,Hasheem Thabeet | Dante Exum | Isaac Okoro | Ekpe Udoh | Ben McLemore
PIE top15,risk,2,creation_handle + defense,68,-0.0025617191634832634,-0.00281472135851375,0.0,0.5735294117647058,0.4264705882352941,0.0,-0.005868960404560828,0.0,0.0,Dante Exum | Dragan Bender | Isaac Okoro | Ekpe Udoh | Ben McLemore
PIE top15,risk,2,creation_handle + motor_competitiveness,51,-0.004976129356185303,-0.0019480557218348,0.0,0.5294117647058824,0.47058823529411764,0.0,-0.008283370597262868,0.0,0.0,Hasheem Thabeet | Dante Exum | Dragan Bender | Ekpe Udoh | Ben McLemore
PIE top15,risk,2,creation_handle + size_frame,31,-0.0011258336697947233,0.0023321822808637,0.0,0.41935483870967744,0.5806451612903226,0.0,-0.004433074910872288,0.0,0.0,Dante Exum | Johnny Davis | Jarrett Culver | Jan Vesely | Kevin Knox II
PIE top15,risk,2,creation_handle + production_stats,38,-0.0045021383317160315,-0.0051153605970756,0.0,0.6052631578947368,0.39473684210526316,0.0,-0.0078093795727935955,0.0,0.0,Dante Exum | Isaac Okoro | Wesley Johnson | Jan Vesely | Patrick Williams
PIE top15,risk,2,creation_handle + risk_uncertainty,17,0.004782482039829153,0.008916600249783,0.0,0.4117647058823529,0.5882352941176471,0.0,0.0014752407987515888,0.0,0.0,Ekpe Udoh | Ben McLemore | Kris Dunn | Marcus Smart | Lonzo Ball
PIE top15,risk,2,finishing_touch + athleticism_tools,76,0.0023112308757318395,0.0028211091307536497,0.0,0.47368421052631576,0.5263157894736842,0.0,-0.0009960103653457249,0.0,0.0,Hasheem Thabeet | Dante Exum | Dragan Bender | Isaac Okoro | Jerome Robinson
PIE top15,risk,2,finishing_touch + upside_tools,31,0.0006858436646021734,-0.0003976713578557,0.0,0.5161290322580645,0.4838709677419355,0.0,-0.002621397576475391,0.0,0.0,Hasheem Thabeet | Dante Exum | Isaac Okoro | Ekpe Udoh | Wesley Johnson
PIE top15,risk,2,finishing_touch + defense,60,0.0038710822538554806,0.0028211091307536497,0.0,0.4666666666666667,0.5333333333333333,0.0,0.0005638410127779161,0.0,0.0,Dante Exum | Dragan Bender | Isaac Okoro | Jerome Robinson | Ekpe Udoh
PIE top15,risk,2,finishing_touch + motor_competitiveness,46,0.003227519921764869,0.0036925084755186,0.0,0.43478260869565216,0.5652173913043478,0.0,-7.972131931269525e-05,0.0,0.0,Hasheem Thabeet | Dante Exum | Dragan Bender | Ekpe Udoh | Jan Vesely
PIE top15,risk,2,finishing_touch + size_frame,34,0.009226649576110373,0.007534124281493649,0.0,0.35294117647058826,0.6470588235294118,0.0,0.005919408335032808,0.0,0.0,Dante Exum | Frank Ntilikina | Jan Vesely | Kevin Knox II | Marcus Smart
PIE top15,risk,2,finishing_touch + production_stats,31,-0.0006431250748436873,-0.0035027443005674,0.0,0.5806451612903226,0.41935483870967744,0.0,-0.003950366315921251,0.0,0.0,Dante Exum | Isaac Okoro | Wesley Johnson | Jan Vesely | Patrick Williams
PIE top15,risk,2,finishing_touch + risk_uncertainty,17,0.013862115275817474,0.0124281061023716,0.0,0.29411764705882354,0.7058823529411765,0.0,0.01055487403473991,0.0,0.0,Ekpe Udoh | Stanley Johnson | Marcus Smart | James Wiseman | Harrison Barnes
PIE top15,risk,2,athleticism_tools + upside_tools,64,0.0010358621699009943,-0.00042274464206345,0.0,0.515625,0.484375,0.0,-0.0022713790711765703,0.0,0.0,Hasheem Thabeet | Dante Exum | Andrew Wiggins | Isaac Okoro | Ekpe Udoh
PIE top15,risk,2,athleticism_tools + defense,143,0.0034482500678658418,0.0021631896579724,0.0,0.46853146853146854,0.5314685314685315,0.0,0.00014100882678827736,0.0,0.0,Anthony Bennett | Dante Exum | Dragan Bender | Andrew Wiggins | Isaac Okoro
PIE top15,risk,2,athleticism_tools + motor_competitiveness,100,0.0046228098129067665,0.00490230343102645,0.0,0.41,0.59,0.0,0.001315568571829202,0.0,0.0,Hasheem Thabeet | Anthony Bennett | Dante Exum | Dragan Bender | Andrew Wiggins
PIE top15,risk,2,athleticism_tools + size_frame,74,0.008070663127913632,0.01059281451335875,0.0,0.3108108108108108,0.6891891891891891,0.0,0.004763421886836067,0.0,0.0,Anthony Bennett | Dante Exum | Johnny Davis | Jarrett Culver | Frank Ntilikina
PIE top15,risk,2,athleticism_tools + production_stats,69,0.0014812112294770583,-0.0003976713578557,0.0,0.5072463768115942,0.4927536231884058,0.0,-0.0018260300116005061,0.0,0.0,Dante Exum | Andrew Wiggins | Isaac Okoro | Wesley Johnson | Jan Vesely
PIE top15,risk,2,athleticism_tools + injury_medical,23,0.01027043363121824,0.0134710463028263,0.0,0.34782608695652173,0.6521739130434783,0.0,0.006963192390140675,0.0,0.0,Anthony Bennett | Johnny Davis | Kris Dunn | James Wiseman | Jaylen Brown
PIE top15,risk,2,athleticism_tools + risk_uncertainty,37,0.009033865724217903,0.0124281061023716,0.0,0.32432432432432434,0.6756756756756757,0.0,0.005726624483140338,0.0,0.0,Andrew Wiggins | Ekpe Udoh | Ben McLemore | De'Andre Hunter | James Bouknight
PIE top15,risk,2,upside_tools + defense,51,0.0006443062264314606,-0.0004478179262712,0.0,0.5294117647058824,0.47058823529411764,0.0,-0.0026629350146461037,0.0,0.0,Dante Exum | Andrew Wiggins | Isaac Okoro | Ekpe Udoh | Ben McLemore
PIE top15,risk,2,upside_tools + motor_competitiveness,38,0.000959439019814224,0.00019879958396085,0.0,0.5,0.5,0.0,-0.0023478022212633405,0.0,0.0,Hasheem Thabeet | Dante Exum | Andrew Wiggins | Ekpe Udoh | Ben McLemore
PIE top15,risk,2,upside_tools + size_frame,26,0.008385257085067311,0.0069138129783404,0.0,0.34615384615384615,0.6538461538461539,0.0,0.005078015843989746,0.0,0.0,Dante Exum | De'Andre Hunter | Kevin Knox II | James Wiseman | Otto Porter Jr.
PIE top15,risk,2,upside_tools + production_stats,32,-0.0022317203977140726,-0.0031607584248474997,0.0,0.59375,0.40625,0.0,-0.005538961638791637,0.0,0.0,Dante Exum | Andrew Wiggins | Isaac Okoro | Wesley Johnson | Patrick Williams
PIE top15,risk,2,upside_tools + risk_uncertainty,21,0.007990627329335639,0.0113154851147843,0.0,0.38095238095238093,0.6190476190476191,0.0,0.004683386088258074,0.0,0.0,Andrew Wiggins | Ekpe Udoh | Ben McLemore | De'Andre Hunter | James Bouknight
PIE top15,risk,2,defense + motor_competitiveness,77,0.003951666104897702,0.0034790286035349,0.0,0.42857142857142855,0.5714285714285714,0.0,0.0006444248638201376,0.0,0.0,Anthony Bennett | Dante Exum | Dragan Bender | Andrew Wiggins | Ekpe Udoh
PIE top15,risk,2,defense + size_frame,60,0.006731786295140265,0.009822583589160501,0.0,0.35,0.65,0.0,0.0034245450540627003,0.0,0.0,Anthony Bennett | Dante Exum | Jarrett Culver | Frank Ntilikina | Jan Vesely
PIE top15,risk,2,defense + production_stats,59,0.0016275285630244338,-0.0004478179262712,0.0,0.5254237288135594,0.4745762711864407,0.0,-0.0016797126780531307,0.0,0.0,Dante Exum | Andrew Wiggins | Isaac Okoro | Jan Vesely | Kevin Knox II
PIE top15,risk,2,defense + injury_medical,19,0.012718852976765678,0.0140353487114225,0.0,0.3157894736842105,0.6842105263157895,0.0,0.009411611735688113,0.0,0.0,Anthony Bennett | Kris Dunn | James Wiseman | Jaylen Brown | Cody Zeller
PIE top15,risk,2,defense + risk_uncertainty,31,0.006713948057397107,0.0113154851147843,0.0,0.3548387096774194,0.6451612903225806,0.0,0.0034067068163195426,0.0,0.0,Andrew Wiggins | Ekpe Udoh | Ben McLemore | James Bouknight | Stanley Johnson
PIE top15,risk,2,motor_competitiveness + size_frame,52,0.008853960218762927,0.0110972027796995,0.0,0.3076923076923077,0.6923076923076923,0.0,0.005546718977685362,0.0,0.0,Anthony Bennett | Dante Exum | Jarrett Culver | Jan Vesely | Kevin Knox II
PIE top15,risk,2,motor_competitiveness + production_stats,40,0.0060253329535179204,0.0024697608422134497,0.0,0.425,0.575,0.0,0.002718091712440356,0.0,0.0,Dante Exum | Andrew Wiggins | Jan Vesely | Patrick Williams | Kevin Knox II
PIE top15,risk,2,motor_competitiveness + injury_medical,16,0.01306945394162432,0.0137531975071244,0.0,0.3125,0.6875,0.0,0.009762212700546755,0.0,0.0,Anthony Bennett | James Wiseman | Jaylen Brown | Cody Zeller | Gary Harris
PIE top15,risk,2,motor_competitiveness + risk_uncertainty,25,0.007869783207087923,0.0124281061023716,0.0,0.32,0.68,0.0,0.004562541966010358,0.0,0.0,Andrew Wiggins | Ekpe Udoh | Ben McLemore | Stanley Johnson | Marcus Smart
PIE top15,risk,2,size_frame + production_stats,32,0.006021847043300704,0.0069637285356392,0.0,0.375,0.625,0.0,0.002714605802223139,0.0,0.0,Dante Exum | Jan Vesely | De'Andre Hunter | Kevin Knox II | Marcus Smart
PIE top15,risk,2,size_frame + injury_medical,13,0.006184852043470753,0.0113154851147843,0.0,0.3076923076923077,0.6923076923076923,0.0,0.002877610802393189,0.0,0.0,Anthony Bennett | Johnny Davis | James Wiseman | Alex Len | Kyrie Irving
PIE top15,risk,2,size_frame + risk_uncertainty,16,0.016427403520113237,0.0179598343957725,0.0,0.1875,0.8125,0.0,0.013120162279035672,0.0,0.0,De'Andre Hunter | Marcus Smart | James Wiseman | Rodney Hood | Kyrie Irving
PIE top15,risk,2,production_stats + risk_uncertainty,21,0.005793314433013537,0.0039205877312656,0.0,0.42857142857142855,0.5714285714285714,0.0,0.002486073191935973,0.0,0.0,Andrew Wiggins | De'Andre Hunter | Stanley Johnson | Kris Dunn | Marcus Smart
PIE top30,risk,2,feel_iq_passing + shooting,244,0.0014729555792528473,0.00264214765911725,0.0,0.45081967213114754,0.5491803278688525,0.0,-0.0015750500640452423,0.0,0.0,Gani Lawal | Fab Melo | Craig Brackins | Terrance Ferguson | Hasheem Thabeet
PIE top30,risk,2,feel_iq_passing + creation_handle,127,-9.932589036495708e-05,0.0009765618580845,0.0,0.4881889763779528,0.5118110236220472,0.0,-0.0031473315336630467,0.0,0.0,Terrance Ferguson | Hasheem Thabeet | Malachi Richardson | Dante Exum | Joshua Primo
PIE top30,risk,2,feel_iq_passing + finishing_touch,99,0.0038023457180662735,0.0039205877312656,0.0,0.4444444444444444,0.5555555555555556,0.0,0.0007543400747681839,0.0,0.0,Fab Melo | Craig Brackins | Hasheem Thabeet | Dante Exum | Joshua Primo
PIE top30,risk,2,feel_iq_passing + athleticism_tools,259,0.0026604721056558,0.0032460109090212,0.0,0.444015444015444,0.555984555984556,0.0,-0.00038753353764228943,0.0,0.0,Gani Lawal | Fab Melo | Craig Brackins | Terrance Ferguson | Hasheem Thabeet
PIE top30,risk,2,feel_iq_passing + upside_tools,99,-0.0016569978091975938,0.0008454170941929,0.0,0.48484848484848486,0.5151515151515151,0.0,-0.004705003452495683,0.0,0.0,Gani Lawal | Fab Melo | Hasheem Thabeet | Malachi Richardson | Dante Exum
PIE top30,risk,2,feel_iq_passing + defense,205,0.0016857918250244932,0.0027763320264545,0.0,0.45365853658536587,0.5463414634146342,0.0,-0.0013622138182735964,0.0,0.0,Gani Lawal | Fab Melo | Craig Brackins | Terrance Ferguson | Glen Rice
PIE top30,risk,2,feel_iq_passing + motor_competitiveness,149,0.0016373114621205855,0.0041893281183726,0.0,0.42953020134228187,0.5704697986577181,0.0,-0.001410694181177504,0.0,0.0,Gani Lawal | Fab Melo | Craig Brackins | Terrance Ferguson | Hasheem Thabeet
PIE top30,risk,2,feel_iq_passing + size_frame,111,0.007793544562353373,0.0058181917136046,0.0,0.36936936936936937,0.6306306306306306,0.0,0.004745538919055284,0.0,0.0,Fab Melo | Dante Exum | Johnny Davis | Frank Ntilikina | Jan Vesely
PIE top30,risk,2,feel_iq_passing + production_stats,116,-0.00041574534124613803,-0.0014137589022578,0.0,0.5172413793103449,0.4827586206896552,0.0,-0.0034637509845442276,0.0,0.0,Fab Melo | Craig Brackins | Rashad Vaughn | Malachi Richardson | Dante Exum
PIE top30,risk,2,feel_iq_passing + injury_medical,36,0.0028993952490352234,0.00051337357617735,0.0,0.5,0.5,0.0,-0.00014861039426286625,0.0,0.0,Glen Rice | Rashad Vaughn | Johnny Davis | Romeo Langford | Kris Dunn
PIE top30,risk,2,feel_iq_passing + risk_uncertainty,65,0.006198229008872476,0.0070521453928067,0.0,0.4307692307692308,0.5692307692307692,0.0,0.0031502233655743865,0.0,0.0,Fab Melo | Malachi Richardson | Andrew Wiggins | Joshua Primo | Ekpe Udoh
PIE top30,risk,2,feel_iq_passing + intel_consensus,15,-0.0153175003086554,-0.0237222462462323,0.0,0.6,0.4,0.0,-0.01836550595195349,0.0,0.0,Fab Melo | Glen Rice | Dante Exum | Andrew Wiggins | Ben McLemore
PIE top30,risk,2,shooting + creation_handle,160,-0.0013163055702990663,-0.0008518990788444,0.0,0.5125,0.4875,0.0,-0.004364311213597156,0.0,0.0,Royce White | Terrance Ferguson | Justin Harper | Hasheem Thabeet | Malachi Richardson
PIE top30,risk,2,shooting + finishing_touch,132,0.003989377801057303,0.0041721736937488495,0.0,0.4393939393939394,0.5606060606060606,0.0,0.000941372157759213,0.0,0.0,Fab Melo | Craig Brackins | Leandro Bolmaro | Justin Harper | Hasheem Thabeet
PIE top30,risk,2,shooting + athleticism_tools,340,0.002653762714078479,0.003454618790708,0.0,0.4470588235294118,0.5529411764705883,0.0,-0.0003942429292196105,0.0,0.0,Gani Lawal | Royce White | Fab Melo | Craig Brackins | Leandro Bolmaro
PIE top30,risk,2,shooting + upside_tools,123,-0.0012276592530122165,-0.0001232478739376,0.0,0.5040650406504065,0.4959349593495935,0.0,-0.004275664896310306,0.0,0.0,Gani Lawal | Fab Melo | Hasheem Thabeet | Malachi Richardson | Dante Exum
PIE top30,risk,2,shooting + defense,267,0.0016710233209463912,0.0023321822808637,0.0,0.46441947565543074,0.5355805243445693,0.0,-0.0013769823223516984,0.0,0.0,Gani Lawal | Fab Melo | Craig Brackins | Leandro Bolmaro | Terrance Ferguson
PIE top30,risk,2,shooting + motor_competitiveness,189,0.0032404615321066964,0.0051246903788358,0.0,0.42857142857142855,0.5714285714285714,0.0,0.0001924558888086068,0.0,0.0,Gani Lawal | Fab Melo | Craig Brackins | Terrance Ferguson | Hasheem Thabeet
PIE top30,risk,2,shooting + size_frame,136,0.0057090372793063395,0.00600310834875055,0.0,0.3897058823529412,0.6102941176470589,0.0,0.00266103163600825,0.0,0.0,Royce White | Fab Melo | Leandro Bolmaro | Justin Harper | Dante Exum
PIE top30,risk,2,shooting + production_stats,138,0.002863502417778602,0.0009109894761386999,0.0,0.4855072463768116,0.5144927536231884,0.0,-0.00018450322551948756,0.0,0.0,Fab Melo | Craig Brackins | Rashad Vaughn | Malachi Richardson | Dante Exum
PIE top30,risk,2,shooting + injury_medical,43,0.004792030786767467,0.0011961842938022,0.0,0.4883720930232558,0.5116279069767442,0.0,0.0017440251434693776,0.0,0.0,Glen Rice | Rashad Vaughn | Johnny Davis | Romeo Langford | C.J. Wilcox
PIE top30,risk,2,shooting + risk_uncertainty,79,0.004024948948914975,0.0039205877312656,0.0,0.4430379746835443,0.5569620253164557,0.0,0.0009769433056168852,0.0,0.0,Royce White | Fab Melo | Malachi Richardson | Joshua Primo | Ekpe Udoh
PIE top30,risk,2,shooting + intel_consensus,17,-0.011164553768291698,-0.0126794966868908,0.0,0.5882352941176471,0.4117647058823529,0.0,-0.014212559411589788,0.0,0.0,Fab Melo | Glen Rice | Dante Exum | Ben McLemore | Patrick Williams
PIE top30,risk,2,creation_handle + finishing_touch,72,7.416960846140095e-05,-0.00205817589548965,0.0,0.5277777777777778,0.4722222222222222,0.0,-0.0029738360348366888,0.0,0.0,Justin Harper | Hasheem Thabeet | Dante Exum | Dragan Bender | Joshua Primo
PIE top30,risk,2,creation_handle + athleticism_tools,170,-0.0004954173562775052,9.030017924930001e-05,0.0,0.5,0.5,0.0,-0.0035434229995755947,0.0,0.0,Royce White | Terrance Ferguson | Justin Harper | Hasheem Thabeet | Malachi Richardson
PIE top30,risk,2,creation_handle + upside_tools,59,-0.0039001761837335713,-0.0029601975903661,0.0,0.576271186440678,0.423728813559322,0.0,-0.006948181827031661,0.0,0.0,Hasheem Thabeet | Malachi Richardson | Dante Exum | Isaac Okoro | Ekpe Udoh
PIE top30,risk,2,creation_handle + defense,132,0.0005753190746414097,-0.00026045961589664997,0.0,0.5075757575757576,0.49242424242424243,0.0,-0.00247268656865668,0.0,0.0,Terrance Ferguson | Justin Harper | Dante Exum | Dragan Bender | Joshua Primo
PIE top30,risk,2,creation_handle + motor_competitiveness,92,0.000623126428662161,0.0017641832873329499,0.0,0.4782608695652174,0.5217391304347826,0.0,-0.0024248792146359284,0.0,0.0,Terrance Ferguson | Hasheem Thabeet | Dante Exum | Dragan Bender | Zhaire Smith
PIE top30,risk,2,creation_handle + size_frame,65,-0.0003050657077481233,0.0023321822808637,0.0,0.4461538461538462,0.5538461538461539,0.0,-0.003353071351046213,0.0,0.0,Royce White | Justin Harper | Dante Exum | Johnny Davis | Jarrett Culver
PIE top30,risk,2,creation_handle + production_stats,76,0.0004884248244866108,-0.0006627377135454,0.0,0.5131578947368421,0.4868421052631579,0.0,-0.002559580818811479,0.0,0.0,Malachi Richardson | Dante Exum | Isaac Okoro | Wesley Johnson | DaJuan Summers
PIE top30,risk,2,creation_handle + injury_medical,16,0.004994982406664257,0.003160437336319,0.0,0.4375,0.5625,0.0,0.0019469767633661676,0.0,0.0,Johnny Davis | Kris Dunn | Aaron Nesmith | Jaylen Brown | Cody Zeller
PIE top30,risk,2,creation_handle + risk_uncertainty,33,-0.0005329774872001514,0.0051246903788358,0.0,0.45454545454545453,0.5454545454545454,0.0,-0.003580983130498241,0.0,0.0,Royce White | Malachi Richardson | Joshua Primo | Ekpe Udoh | Ben McLemore
PIE top30,risk,2,finishing_touch + athleticism_tools,150,0.004791495815426867,0.00391630662709665,0.0,0.44,0.56,0.0,0.0017434901721287777,0.0,0.0,Fab Melo | Craig Brackins | Leandro Bolmaro | Justin Harper | Hasheem Thabeet
PIE top30,risk,2,finishing_touch + upside_tools,59,0.0036584202867510967,0.0030301969847133,0.0,0.4406779661016949,0.559322033898305,0.0,0.0006104146434530071,0.0,0.0,Fab Melo | Hasheem Thabeet | Dante Exum | Isaac Okoro | Ekpe Udoh
PIE top30,risk,2,finishing_touch + defense,112,0.003193417329474615,0.0036955270632313,0.0,0.45535714285714285,0.5446428571428571,0.0,0.00014541168617652556,0.0,0.0,Fab Melo | Craig Brackins | Leandro Bolmaro | Justin Harper | Dante Exum
PIE top30,risk,2,finishing_touch + motor_competitiveness,87,0.006596878884547053,0.0058181917136046,0.0,0.40229885057471265,0.5977011494252874,0.0,0.0035488732412489636,0.0,0.0,Fab Melo | Craig Brackins | Hasheem Thabeet | Dante Exum | Dragan Bender
PIE top30,risk,2,finishing_touch + size_frame,66,0.007180762319434916,0.0050037599159886,0.0,0.36363636363636365,0.6363636363636364,0.0,0.004132756676136827,0.0,0.0,Fab Melo | Leandro Bolmaro | Justin Harper | Dante Exum | Frank Ntilikina
PIE top30,risk,2,finishing_touch + production_stats,59,0.0031931266766035008,0.0011961842938022,0.0,0.4745762711864407,0.5254237288135594,0.0,0.00014512103330541117,0.0,0.0,Fab Melo | Craig Brackins | Dante Exum | Isaac Okoro | Wesley Johnson
PIE top30,risk,2,finishing_touch + injury_medical,17,0.006959062492246059,0.0039205877312656,0.0,0.4117647058823529,0.5882352941176471,0.0,0.00391105684894797,0.0,0.0,Romeo Langford | Aaron Nesmith | James Wiseman | Daniel Orton | Cody Zeller
PIE top30,risk,2,finishing_touch + risk_uncertainty,34,0.007600136859364556,0.0121884586360232,0.0,0.3235294117647059,0.6764705882352942,0.0,0.004552131216066466,0.0,0.0,Fab Melo | Joshua Primo | Ekpe Udoh | Stanley Johnson | Blake Wesley
PIE top30,risk,2,athleticism_tools + upside_tools,136,-0.00048234217139395255,-0.00014634250769255,0.0,0.5073529411764706,0.49264705882352944,0.0,-0.003530347814692042,0.0,0.0,Gani Lawal | Fab Melo | Hasheem Thabeet | Malachi Richardson | Dante Exum
PIE top30,risk,2,athleticism_tools + defense,296,0.002749969228446571,0.00228145252507495,0.0,0.46621621621621623,0.5337837837837838,0.0,-0.0002980364148515188,0.0,0.0,Gani Lawal | Fab Melo | Craig Brackins | Leandro Bolmaro | Terrance Ferguson
PIE top30,risk,2,athleticism_tools + motor_competitiveness,206,0.004250988272024022,0.005388111861320001,0.0,0.4223300970873786,0.5776699029126213,0.0,0.0012029826287259324,0.0,0.0,Gani Lawal | Fab Melo | Craig Brackins | Terrance Ferguson | Hasheem Thabeet
PIE top30,risk,2,athleticism_tools + size_frame,157,0.006150697541099986,0.0051246903788358,0.0,0.3885350318471338,0.6114649681528662,0.0,0.0031026918978018965,0.0,0.0,Royce White | Fab Melo | Leandro Bolmaro | Justin Harper | Anthony Bennett
PIE top30,risk,2,athleticism_tools + production_stats,150,0.002717124055596041,0.00057463266331455,0.0,0.49333333333333335,0.5066666666666667,0.0,-0.0003308815877020488,0.0,0.0,Fab Melo | Craig Brackins | Rashad Vaughn | Malachi Richardson | Dante Exum
PIE top30,risk,2,athleticism_tools + injury_medical,48,0.004691043864744975,0.0025583860125339,0.0,0.4791666666666667,0.5208333333333334,0.0,0.0016430382214468854,0.0,0.0,Anthony Bennett | Glen Rice | Rashad Vaughn | Johnny Davis | Romeo Langford
PIE top30,risk,2,athleticism_tools + risk_uncertainty,81,0.004936948796026113,0.0051246903788358,0.0,0.4074074074074074,0.5925925925925926,0.0,0.0018889431527280235,0.0,0.0,Royce White | Fab Melo | Malachi Richardson | Andrew Wiggins | Joshua Primo
PIE top30,risk,2,athleticism_tools + intel_consensus,18,-0.01289202854394019,-0.01536219744434705,0.0,0.6111111111111112,0.3888888888888889,0.0,-0.01594003418723828,0.0,0.0,Fab Melo | Glen Rice | Dante Exum | Andrew Wiggins | Ben McLemore
PIE top30,risk,2,upside_tools + defense,107,-0.0014005148483376972,-0.0001232478739376,0.0,0.5046728971962616,0.4953271028037383,0.0,-0.004448520491635787,0.0,0.0,Gani Lawal | Fab Melo | Dante Exum | Andrew Wiggins | Isaac Okoro
PIE top30,risk,2,upside_tools + motor_competitiveness,80,-0.0017114483868573768,0.00036108461012765,0.0,0.5,0.5,0.0,-0.004759454030155466,0.0,0.0,Gani Lawal | Fab Melo | Hasheem Thabeet | Dante Exum | Andrew Wiggins
PIE top30,risk,2,upside_tools + size_frame,56,0.0036870632564181536,0.00227494612209195,0.0,0.42857142857142855,0.5714285714285714,0.0,0.000639057613120064,0.0,0.0,Fab Melo | Dante Exum | De'Andre Hunter | Kevin Knox II | Tyler Bey
PIE top30,risk,2,upside_tools + production_stats,68,-0.0015150139400036454,-0.0025214833130821,0.0,0.5735294117647058,0.4264705882352941,0.0,-0.004563019583301735,0.0,0.0,Fab Melo | Malachi Richardson | Dante Exum | Andrew Wiggins | Isaac Okoro
PIE top30,risk,2,upside_tools + injury_medical,18,0.008017041513514305,0.0025583860125339,0.0,0.4444444444444444,0.5555555555555556,0.0,0.004969035870216215,0.0,0.0,C.J. Wilcox | Perry Jones III | Ziaire Williams | Quincy Miller | James Wiseman
PIE top30,risk,2,upside_tools + risk_uncertainty,43,0.004588810426351671,0.0022177099633202,0.0,0.4418604651162791,0.5581395348837209,0.0,0.001540804783053581,0.0,0.0,Fab Melo | Malachi Richardson | Andrew Wiggins | Ekpe Udoh | Ben McLemore
PIE top30,risk,2,upside_tools + intel_consensus,12,-0.013268588055348552,-0.0149608325533481,0.0,0.5,0.5,0.0,-0.01631659369864664,0.0,0.0,Fab Melo | Dante Exum | Andrew Wiggins | Ben McLemore | Patrick Williams
PIE top30,risk,2,defense + motor_competitiveness,170,0.001762928530257783,0.0032279528303022498,0.0,0.4470588235294118,0.5529411764705883,0.0,-0.0012850771130403066,0.0,0.0,Gani Lawal | Fab Melo | Craig Brackins | Terrance Ferguson | Anthony Bennett
PIE top30,risk,2,defense + size_frame,128,0.0055653680635079274,0.0049221767373996,0.0,0.40625,0.59375,0.0,0.002517362420209838,0.0,0.0,Fab Melo | Leandro Bolmaro | Justin Harper | Anthony Bennett | Dante Exum
PIE top30,risk,2,defense + production_stats,127,0.002124720275803289,-0.0003976713578557,0.0,0.5118110236220472,0.4881889763779528,0.0,-0.0009232853674948005,0.0,0.0,Fab Melo | Craig Brackins | Rashad Vaughn | Dante Exum | Andrew Wiggins
PIE top30,risk,2,defense + injury_medical,41,0.006169808813257332,0.0039205877312656,0.0,0.4634146341463415,0.5365853658536586,0.0,0.0031218031699592422,0.0,0.0,Anthony Bennett | Glen Rice | Rashad Vaughn | Romeo Langford | C.J. Wilcox
PIE top30,risk,2,defense + risk_uncertainty,64,0.005164436876374632,0.00391630662709665,0.0,0.421875,0.578125,0.0,0.0021164312330765427,0.0,0.0,Fab Melo | Andrew Wiggins | Joshua Primo | Ekpe Udoh | Ben McLemore
PIE top30,risk,2,defense + intel_consensus,12,-0.02209932065589877,-0.01536219744434705,0.0,0.6666666666666666,0.3333333333333333,0.0,-0.02514732629919686,0.0,0.0,Fab Melo | Glen Rice | Dante Exum | Andrew Wiggins | Ben McLemore
PIE top30,risk,2,motor_competitiveness + size_frame,103,0.009078912144498229,0.0096382978383082,0.0,0.36893203883495146,0.6310679611650486,0.0,0.0060309065012001395,0.0,0.0,Fab Melo | Anthony Bennett | Dante Exum | Jarrett Culver | Jan Vesely
PIE top30,risk,2,motor_competitiveness + production_stats,92,0.007692952090725915,0.0058233681222875,0.0,0.42391304347826086,0.5760869565217391,0.0,0.004644946447427825,0.0,0.0,Fab Melo | Craig Brackins | Dante Exum | Andrew Wiggins | DaJuan Summers
PIE top30,risk,2,motor_competitiveness + injury_medical,32,0.008517258800308944,0.00834855607910965,0.0,0.40625,0.59375,0.0,0.005469253157010854,0.0,0.0,Anthony Bennett | Glen Rice | Romeo Langford | Perry Jones III | Ziaire Williams
PIE top30,risk,2,motor_competitiveness + risk_uncertainty,46,0.00786498102651228,0.01187179560857795,0.0,0.391304347826087,0.6086956521739131,0.0,0.004816975383214191,0.0,0.0,Fab Melo | Andrew Wiggins | Ekpe Udoh | Ben McLemore | Stanley Johnson
PIE top30,risk,2,motor_competitiveness + intel_consensus,14,-0.017580067886263224,-0.0208835722240178,0.0,0.6428571428571429,0.35714285714285715,0.0,-0.020628073529561315,0.0,0.0,Fab Melo | Glen Rice | Dante Exum | Andrew Wiggins | Ben McLemore
PIE top30,risk,2,size_frame + production_stats,68,0.004752473389446689,0.0034487323941676,0.0,0.4264705882352941,0.5735294117647058,0.0,0.0017044677461485998,0.0,0.0,Fab Melo | Dante Exum | Jan Vesely | KZ Okpala | De'Andre Hunter
PIE top30,risk,2,size_frame + injury_medical,23,0.0070027808427444126,0.0058181917136046,0.0,0.34782608695652173,0.6521739130434783,0.0,0.003954775199446323,0.0,0.0,Anthony Bennett | Johnny Davis | Ziaire Williams | James Wiseman | Mfiondu Kabengele
PIE top30,risk,2,size_frame + risk_uncertainty,35,0.004293321624438651,0.0051246903788358,0.0,0.37142857142857144,0.6285714285714286,0.0,0.0012453159811405615,0.0,0.0,Royce White | Fab Melo | De'Andre Hunter | Marcus Smart | Ziaire Williams
PIE top30,risk,2,production_stats + injury_medical,25,0.0034132023594446036,0.0011961842938022,0.0,0.48,0.52,0.0,0.000365196716146514,0.0,0.0,Rashad Vaughn | Romeo Langford | Chris Singleton | Kris Dunn | Aaron Nesmith
PIE top30,risk,2,production_stats + risk_uncertainty,40,-8.474755480726258e-05,-0.004049793701889751,0.0,0.55,0.45,0.0,-0.0031327531981053523,0.0,0.0,Fab Melo | Malachi Richardson | Andrew Wiggins | De'Andre Hunter | Stanley Johnson
PIE top30,risk,2,injury_medical + risk_uncertainty,24,0.011212978829169272,0.0123932657088053,0.0,0.375,0.625,0.0,0.008164973185871182,0.0,0.0,C.J. Wilcox | Kris Dunn | Aaron Nesmith | Perry Jones III | Ziaire Williams
