slice,combo_kind,combo_size,combo,n,mean_surplus,median_surplus,bust_or_major_underperform_rate,underperform_rate,positive_surplus_rate,big_overperform_rate,mean_surplus_delta_vs_baseline,bust_rate_delta_vs_baseline,big_overperform_rate_delta_vs_baseline,example_players
xRAPM historical top15,risk,3,creation_handle + finishing_touch + upside_tools,14,-1.1309529600370614,-0.7412852022529443,0.5,0.5714285714285714,0.42857142857142855,0.07142857142857142,-1.2457050678440633,0.2027027027027027,-0.2799227799227799,Kevin Knox II | Jahlil Okafor | Patrick Williams | Hasheem Thabeet | Wesley Johnson
xRAPM historical mature,risk,3,upside_tools + motor_competitiveness + intel_consensus,10,-1.0446115378050862,-1.13484126984127,0.6,0.7,0.3,0.1,-1.1321193170227626,0.2586151368760064,-0.22367149758454105,Fab Melo | Patrick Williams | Diamond Stone | Arnett Moultrie | Andrew Wiggins
xRAPM historical top15,risk,3,creation_handle + upside_tools + production_stats,15,-1.0168613182137967,-0.1171031746031743,0.4,0.6,0.4,0.13333333333333333,-1.1316134260207986,0.10270270270270271,-0.21801801801801804,Kevin Knox II | Jahlil Okafor | Patrick Williams | Thomas Robinson | Wesley Johnson
xRAPM historical top15,risk,3,finishing_touch + upside_tools + production_stats,18,-1.0089353464584088,-0.14722222222222212,0.4444444444444444,0.6111111111111112,0.3888888888888889,0.05555555555555555,-1.1236874542654107,0.1471471471471471,-0.29579579579579585,James Wiseman | Kevin Knox II | Jahlil Okafor | Patrick Williams | Wesley Johnson
xRAPM historical top15,risk,3,creation_handle + finishing_touch + production_stats,16,-0.8571231973053923,-0.49488095238095225,0.5,0.5625,0.4375,0.1875,-0.9718753051123944,0.2027027027027027,-0.16385135135135137,Kevin Knox II | Jahlil Okafor | Patrick Williams | Jalen Green | Wesley Johnson
xRAPM historical top15,risk,3,upside_tools + motor_competitiveness + production_stats,20,-0.8438668412648594,-0.29830768486256276,0.45,0.6,0.4,0.1,-0.9586189490718615,0.1527027027027027,-0.25135135135135134,James Wiseman | Kevin Knox II | Patrick Williams | Jabari Parker | Marvin Bagley III
xRAPM historical top30,risk,3,creation_handle + finishing_touch + upside_tools,25,-0.8252592688338555,-0.5571031746031738,0.48,0.6,0.4,0.12,-0.905689896629341,0.1591044776119403,-0.2108457711442786,Kevin Knox II | Jahlil Okafor | Patrick Williams | Hasheem Thabeet | Vernon Carey Jr.
xRAPM historical top15,risk,2,upside_tools + production_stats,30,-0.8076349004916438,-0.19128968253968237,0.4,0.6,0.4,0.1,-0.9223870082986458,0.10270270270270271,-0.25135135135135134,James Wiseman | Kevin Knox II | Jahlil Okafor | Patrick Williams | Thomas Robinson
xRAPM historical top15,risk,3,athleticism_tools + upside_tools + production_stats,30,-0.8076349004916438,-0.19128968253968237,0.4,0.6,0.4,0.1,-0.9223870082986458,0.10270270270270271,-0.25135135135135134,James Wiseman | Kevin Knox II | Jahlil Okafor | Patrick Williams | Thomas Robinson
xRAPM historical top30,risk,3,finishing_touch + upside_tools + production_stats,31,-0.7847413076073546,-0.5412037037037041,0.45161290322580644,0.6129032258064516,0.3870967741935484,0.16129032258064516,-0.8651719354028402,0.13071738083774675,-0.16955544856363344,James Wiseman | Kevin Knox II | Jahlil Okafor | Fab Melo | Patrick Williams
xRAPM historical top15,risk,3,shooting + upside_tools + production_stats,29,-0.7836151953635505,-0.1171031746031743,0.3793103448275862,0.5862068965517241,0.41379310344827586,0.10344827586206896,-0.8983673031705526,0.08201304753028887,-0.24790307548928242,James Wiseman | Kevin Knox II | Jahlil Okafor | Patrick Williams | Thomas Robinson
xRAPM historical top15,risk,3,feel_iq_passing + finishing_touch + upside_tools,20,-0.7289825482164192,-0.016587301587301498,0.4,0.55,0.45,0.15,-0.8437346560234212,0.10270270270270271,-0.20135135135135138,James Wiseman | Kevin Knox II | Patrick Williams | Hasheem Thabeet | Wesley Johnson
xRAPM historical top15,risk,3,finishing_touch + upside_tools + motor_competitiveness,20,-0.7057631124457538,-0.20440215977101225,0.45,0.55,0.45,0.15,-0.8205152202527559,0.1527027027027027,-0.20135135135135138,James Wiseman | Kevin Knox II | Patrick Williams | Hasheem Thabeet | Jordan Hill
xRAPM historical top15,risk,3,shooting + finishing_touch + production_stats,30,-0.702556204223664,-0.4444246031746031,0.4666666666666667,0.6333333333333333,0.36666666666666664,0.16666666666666666,-0.8173083120306661,0.16936936936936936,-0.1846846846846847,James Wiseman | Kevin Knox II | Jahlil Okafor | Patrick Williams | Jalen Green
xRAPM historical mature,risk,2,upside_tools + intel_consensus,13,-0.6743186353670225,-0.7136021505376343,0.46153846153846156,0.6153846153846154,0.38461538461538464,0.15384615384615385,-0.7618264145846988,0.12015359841446799,-0.1698253437383872,Fab Melo | Patrick Williams | Diamond Stone | Arnett Moultrie | Andrew Wiggins
xRAPM historical mature,risk,3,athleticism_tools + upside_tools + intel_consensus,13,-0.6743186353670225,-0.7136021505376343,0.46153846153846156,0.6153846153846154,0.38461538461538464,0.15384615384615385,-0.7618264145846988,0.12015359841446799,-0.1698253437383872,Fab Melo | Patrick Williams | Diamond Stone | Arnett Moultrie | Andrew Wiggins
xRAPM historical top15,risk,3,finishing_touch + athleticism_tools + upside_tools,29,-0.6639634515504791,-0.0289682539682538,0.3793103448275862,0.5517241379310345,0.4482758620689655,0.13793103448275862,-0.7787155593574812,0.08201304753028887,-0.21342031686859275,James Wiseman | Kevin Knox II | Jahlil Okafor | Patrick Williams | Hasheem Thabeet
xRAPM historical top15,risk,3,upside_tools + defense + production_stats,25,-0.6586264479222819,-0.0042063492063492,0.36,0.52,0.48,0.12,-0.7733785557292839,0.06270270270270267,-0.23135135135135138,James Wiseman | Kevin Knox II | Jahlil Okafor | Thomas Robinson | Jabari Parker
xRAPM historical top15,risk,2,finishing_touch + production_stats,31,-0.6500092992660502,-0.2654761904761904,0.45161290322580644,0.6129032258064516,0.3870967741935484,0.1935483870967742,-0.7647614070730523,0.15431560592850913,-0.15780296425457718,James Wiseman | Kevin Knox II | Jahlil Okafor | Patrick Williams | Jalen Green
xRAPM historical top15,risk,3,finishing_touch + athleticism_tools + production_stats,31,-0.6500092992660502,-0.2654761904761904,0.45161290322580644,0.6129032258064516,0.3870967741935484,0.1935483870967742,-0.7647614070730523,0.15431560592850913,-0.15780296425457718,James Wiseman | Kevin Knox II | Jahlil Okafor | Patrick Williams | Jalen Green
xRAPM historical top15,risk,3,creation_handle + upside_tools + motor_competitiveness,17,-0.6428213954521399,-0.2336021505376344,0.35294117647058826,0.6470588235294118,0.35294117647058826,0.11764705882352941,-0.757573503259142,0.055643879173290944,-0.23370429252782196,Kevin Knox II | Patrick Williams | Hasheem Thabeet | Noah Vonleh | Tristan Thompson
xRAPM historical top15,risk,3,feel_iq_passing + upside_tools + motor_competitiveness,26,-0.6398590692781403,-0.17535266257040436,0.4230769230769231,0.5769230769230769,0.4230769230769231,0.15384615384615385,-0.7546111770851424,0.12577962577962576,-0.19750519750519752,James Wiseman | Kevin Knox II | Patrick Williams | Hasheem Thabeet | Jordan Hill
xRAPM historical top30,risk,3,defense + motor_competitiveness + intel_consensus,10,-0.6389758313605776,-0.5826561280249807,0.5,0.7,0.3,0.1,-0.7194064591560632,0.17910447761194032,-0.2308457711442786,Fab Melo | Arnett Moultrie | Glen Rice | Andrew Wiggins | Ben McLemore
xRAPM historical top15,risk,3,shooting + finishing_touch + upside_tools,28,-0.6302331213053998,-0.016587301587301498,0.39285714285714285,0.5357142857142857,0.4642857142857143,0.17857142857142858,-0.7449852291124018,0.09555984555984554,-0.1727799227799228,James Wiseman | Kevin Knox II | Jahlil Okafor | Patrick Williams | Hasheem Thabeet
xRAPM historical top30,risk,3,finishing_touch + upside_tools + size_frame,26,-0.6226463623853701,-0.427466931216931,0.4230769230769231,0.6153846153846154,0.38461538461538464,0.15384615384615385,-0.7030769901808556,0.10218140068886339,-0.17699961729812475,James Wiseman | Kevin Knox II | Fab Melo | Justin Patton | Vernon Carey Jr.
xRAPM historical top30,risk,3,upside_tools + production_stats + risk_uncertainty,23,-0.6206847098942505,-0.6578306878306881,0.43478260869565216,0.6521739130434783,0.34782608695652173,0.08695652173913043,-0.7011153376897361,0.11388708630759248,-0.24388924940514817,James Wiseman | Fab Melo | Tyler Honeycutt | Malachi Richardson | Marvin Bagley III
xRAPM historical top30,risk,3,feel_iq_passing + upside_tools + intel_consensus,11,-0.6076178063274837,-0.7136021505376343,0.45454545454545453,0.6363636363636364,0.36363636363636365,0.18181818181818182,-0.6880484341229693,0.13364993215739485,-0.14902758932609678,Fab Melo | Patrick Williams | Arnett Moultrie | Andrew Wiggins | Ben McLemore
xRAPM historical mature,risk,3,feel_iq_passing + upside_tools + intel_consensus,11,-0.6076178063274837,-0.7136021505376343,0.45454545454545453,0.6363636363636364,0.36363636363636365,0.18181818181818182,-0.69512558554516,0.11316059142146095,-0.14185331576635923,Fab Melo | Patrick Williams | Arnett Moultrie | Andrew Wiggins | Ben McLemore
xRAPM historical mature,risk,3,shooting + upside_tools + intel_consensus,12,-0.6051613258804119,-0.37128520225294404,0.4166666666666667,0.5833333333333334,0.4166666666666667,0.16666666666666666,-0.6926691050980882,0.07528180354267311,-0.1570048309178744,Fab Melo | Patrick Williams | Diamond Stone | Arnett Moultrie | Ben McLemore
xRAPM historical top30,risk,3,shooting + finishing_touch + production_stats,51,-0.5992296716076911,-0.5412037037037041,0.43137254901960786,0.6274509803921569,0.37254901960784315,0.19607843137254902,-0.6796602994031766,0.11047702663154818,-0.13476733977172958,James Wiseman | Kevin Knox II | Jahlil Okafor | Craig Brackins | Fab Melo
xRAPM historical top30,risk,3,feel_iq_passing + upside_tools + injury_medical,13,-0.5992267320493126,-0.5152116402116402,0.38461538461538464,0.6153846153846154,0.38461538461538464,0.07692307692307693,-0.6796573598447981,0.06371986222732495,-0.2539226942212017,James Wiseman | Kevin Seraphin | Arnett Moultrie | Damian Jones | Harry Giles III
xRAPM historical top15,risk,2,finishing_touch + upside_tools,30,-0.5879437703612302,-0.016587301587301498,0.36666666666666664,0.5333333333333333,0.4666666666666667,0.16666666666666666,-0.7026958781682323,0.06936936936936933,-0.1846846846846847,James Wiseman | Kevin Knox II | Jahlil Okafor | Patrick Williams | Hasheem Thabeet
xRAPM historical mature,risk,3,finishing_touch + upside_tools + production_stats,42,-0.5859240853603426,-0.44951719576719595,0.4523809523809524,0.6190476190476191,0.38095238095238093,0.19047619047619047,-0.6734318645780188,0.11099608925695881,-0.1331953071083506,James Wiseman | Kevin Knox II | Jahlil Okafor | Fab Melo | Patrick Williams
xRAPM historical top15,risk,3,feel_iq_passing + upside_tools + production_stats,25,-0.5838733876171327,-0.0289682539682538,0.32,0.56,0.44,0.12,-0.6986254954241348,0.022702702702702693,-0.23135135135135138,James Wiseman | Kevin Knox II | Patrick Williams | Wesley Johnson | Marvin Bagley III
xRAPM historical top15,risk,3,upside_tools + size_frame + production_stats,15,-0.5814459118099361,-0.0289682539682538,0.3333333333333333,0.6,0.4,0.2,-0.6961980196169382,0.036036036036036,-0.15135135135135136,James Wiseman | Kevin Knox II | Jabari Parker | John Henson | Julius Randle
xRAPM historical top30,risk,2,defense + intel_consensus,12,-0.573353302034139,-0.5826561280249807,0.5,0.6666666666666666,0.3333333333333333,0.08333333333333333,-0.6537839298296246,0.17910447761194032,-0.24751243781094528,Fab Melo | Arnett Moultrie | Glen Rice | Andrew Wiggins | Jordan Adams
xRAPM historical top30,risk,3,athleticism_tools + defense + intel_consensus,12,-0.573353302034139,-0.5826561280249807,0.5,0.6666666666666666,0.3333333333333333,0.08333333333333333,-0.6537839298296246,0.17910447761194032,-0.24751243781094528,Fab Melo | Arnett Moultrie | Glen Rice | Andrew Wiggins | Jordan Adams
xRAPM historical top15,risk,3,feel_iq_passing + finishing_touch + production_stats,26,-0.5728550389814271,-0.2195391705069123,0.4230769230769231,0.6153846153846154,0.38461538461538464,0.19230769230769232,-0.6876071467884292,0.12577962577962576,-0.15904365904365905,James Wiseman | Kevin Knox II | Patrick Williams | Jalen Green | Marquese Chriss
xRAPM historical top15,risk,3,shooting + creation_handle + finishing_touch,31,-0.5728018901617952,-0.0289682539682538,0.41935483870967744,0.5161290322580645,0.4838709677419355,0.22580645161290322,-0.6875539979687972,0.12205754141238012,-0.12554489973844815,Kevin Knox II | Jahlil Okafor | Patrick Williams | Jalen Green | Hasheem Thabeet
xRAPM historical top15,risk,3,finishing_touch + upside_tools + size_frame,14,-0.5725846318020716,-0.016587301587301498,0.42857142857142855,0.5714285714285714,0.42857142857142855,0.21428571428571427,-0.6873367396090737,0.13127413127413123,-0.1370656370656371,James Wiseman | Kevin Knox II | Jordan Hill | John Henson | Julius Randle
xRAPM historical top15,risk,3,upside_tools + defense + motor_competitiveness,26,-0.5707373007182438,-0.1312852022529441,0.38461538461538464,0.5384615384615384,0.46153846153846156,0.11538461538461539,-0.6854894085252459,0.08731808731808732,-0.23596673596673598,James Wiseman | Kevin Knox II | Jabari Parker | Marvin Bagley III | Noah Vonleh
xRAPM historical top30,risk,3,upside_tools + motor_competitiveness + production_stats,40,-0.566994273177399,-0.536157407407407,0.45,0.625,0.375,0.2,-0.6474249009728845,0.12910447761194033,-0.1308457711442786,James Wiseman | Kevin Knox II | Fab Melo | Patrick Williams | Justin Patton
xRAPM historical top30,risk,3,finishing_touch + upside_tools + motor_competitiveness,37,-0.5661094114239523,-0.3798360655737707,0.43243243243243246,0.5405405405405406,0.4594594594594595,0.21621621621621623,-0.6465400392194378,0.11153691004437277,-0.11462955492806237,James Wiseman | Kevin Knox II | Fab Melo | Patrick Williams | Justin Patton
xRAPM historical top15,risk,3,shooting + creation_handle + upside_tools,27,-0.5653804780199896,-0.1171031746031743,0.37037037037037035,0.5555555555555556,0.4444444444444444,0.18518518518518517,-0.6801325858269917,0.07307307307307304,-0.1661661661661662,Kevin Knox II | Jahlil Okafor | Patrick Williams | Hasheem Thabeet | Thomas Robinson
xRAPM historical mature,risk,3,defense + motor_competitiveness + intel_consensus,13,-0.5646260711255038,-0.3998360655737707,0.46153846153846156,0.6923076923076923,0.3076923076923077,0.15384615384615385,-0.65213385034318,0.12015359841446799,-0.1698253437383872,Fab Melo | Diamond Stone | Arnett Moultrie | Glen Rice | Andrew Wiggins
xRAPM historical top15,risk,3,shooting + creation_handle + production_stats,31,-0.5629132928530849,-0.4795121951219512,0.45161290322580644,0.6451612903225806,0.3548387096774194,0.22580645161290322,-0.677665400660087,0.15431560592850913,-0.12554489973844815,Kevin Knox II | Jahlil Okafor | Patrick Williams | Jalen Green | Thomas Robinson
xRAPM historical top30,risk,3,finishing_touch + defense + production_stats,47,-0.556341973404085,-0.1748360655737706,0.40425531914893614,0.5957446808510638,0.40425531914893614,0.19148936170212766,-0.6367726011995705,0.08335979676087646,-0.13935640944215094,James Wiseman | Kevin Knox II | Jahlil Okafor | Craig Brackins | Fab Melo
xRAPM historical top30,risk,3,feel_iq_passing + motor_competitiveness + intel_consensus,13,-0.5519652467764191,-0.7654761904761906,0.5384615384615384,0.6153846153846154,0.38461538461538464,0.23076923076923078,-0.6323958745719047,0.21756601607347875,-0.10007654037504782,Fab Melo | Patrick Williams | Elliot Williams | Arnett Moultrie | Glen Rice
xRAPM historical mature,risk,3,feel_iq_passing + motor_competitiveness + intel_consensus,13,-0.5519652467764191,-0.7654761904761906,0.5384615384615384,0.6153846153846154,0.38461538461538464,0.23076923076923078,-0.6394730259940954,0.19707667533754486,-0.09290226681531027,Fab Melo | Patrick Williams | Elliot Williams | Arnett Moultrie | Glen Rice
xRAPM historical top30,risk,2,upside_tools + injury_medical,18,-0.5515033685896031,-0.4544068953746373,0.3333333333333333,0.6666666666666666,0.3333333333333333,0.05555555555555555,-0.6319339963850887,0.01243781094527363,-0.275290215588723,James Wiseman | Kevin Seraphin | Arnett Moultrie | Damian Jones | Harry Giles III
xRAPM historical top30,risk,3,shooting + upside_tools + injury_medical,18,-0.5515033685896031,-0.4544068953746373,0.3333333333333333,0.6666666666666666,0.3333333333333333,0.05555555555555555,-0.6319339963850887,0.01243781094527363,-0.275290215588723,James Wiseman | Kevin Seraphin | Arnett Moultrie | Damian Jones | Harry Giles III
xRAPM historical top30,risk,3,upside_tools + defense + injury_medical,15,-0.5502132189793482,-0.5152116402116402,0.3333333333333333,0.6666666666666666,0.3333333333333333,0.06666666666666667,-0.6306438467748336,0.01243781094527363,-0.26417910447761195,James Wiseman | Kevin Seraphin | Arnett Moultrie | Damian Jones | C.J. Wilcox
xRAPM historical top30,risk,3,feel_iq_passing + production_stats + intel_consensus,10,-0.5459796893667861,-0.37128520225294404,0.4,0.6,0.4,0.2,-0.6264103171622717,0.07910447761194034,-0.1308457711442786,Fab Melo | Patrick Williams | Arnett Moultrie | Andrew Wiggins | De'Andre Hunter
xRAPM historical mature,risk,3,feel_iq_passing + production_stats + intel_consensus,10,-0.5459796893667861,-0.37128520225294404,0.4,0.6,0.4,0.2,-0.6334874685844624,0.058615136876006446,-0.12367149758454105,Fab Melo | Patrick Williams | Arnett Moultrie | Andrew Wiggins | De'Andre Hunter
xRAPM historical top15,risk,2,creation_handle + upside_tools,28,-0.5433967490040531,-0.07303571428571405,0.35714285714285715,0.5357142857142857,0.4642857142857143,0.17857142857142858,-0.6581488568110552,0.05984555984555984,-0.1727799227799228,Kevin Knox II | Jahlil Okafor | Patrick Williams | Hasheem Thabeet | Thomas Robinson
xRAPM historical top15,risk,3,creation_handle + athleticism_tools + upside_tools,28,-0.5433967490040531,-0.07303571428571405,0.35714285714285715,0.5357142857142857,0.4642857142857143,0.17857142857142858,-0.6581488568110552,0.05984555984555984,-0.1727799227799228,Kevin Knox II | Jahlil Okafor | Patrick Williams | Hasheem Thabeet | Thomas Robinson
xRAPM historical mature,risk,3,upside_tools + production_stats + risk_uncertainty,31,-0.5412028188480521,-0.6578306878306881,0.45161290322580644,0.6774193548387096,0.3225806451612903,0.0967741935483871,-0.6287105980657284,0.11022804010181286,-0.22689730403615396,James Wiseman | Fab Melo | Tyler Honeycutt | Malachi Richardson | Marvin Bagley III
xRAPM historical top30,risk,2,motor_competitiveness + intel_consensus,14,-0.5410988766905157,-0.5826561280249807,0.5,0.6428571428571429,0.35714285714285715,0.21428571428571427,-0.6215295044860012,0.17910447761194032,-0.11656005685856433,Fab Melo | Patrick Williams | Elliot Williams | Arnett Moultrie | Glen Rice
xRAPM historical top30,risk,3,athleticism_tools + motor_competitiveness + intel_consensus,14,-0.5410988766905157,-0.5826561280249807,0.5,0.6428571428571429,0.35714285714285715,0.21428571428571427,-0.6215295044860012,0.17910447761194032,-0.11656005685856433,Fab Melo | Patrick Williams | Elliot Williams | Arnett Moultrie | Glen Rice
xRAPM historical top15,risk,2,upside_tools + motor_competitiveness,35,-0.5390273960734873,-0.2336021505376344,0.4,0.5714285714285714,0.42857142857142855,0.17142857142857143,-0.6537795038804893,0.10270270270270271,-0.17992277992277994,James Wiseman | Kevin Knox II | Patrick Williams | Hasheem Thabeet | Jabari Parker
xRAPM historical top15,risk,3,athleticism_tools + upside_tools + motor_competitiveness,35,-0.5390273960734873,-0.2336021505376344,0.4,0.5714285714285714,0.42857142857142855,0.17142857142857143,-0.6537795038804893,0.10270270270270271,-0.17992277992277994,James Wiseman | Kevin Knox II | Patrick Williams | Hasheem Thabeet | Jabari Parker
xRAPM historical top15,risk,3,shooting + upside_tools + motor_competitiveness,33,-0.5353825917951127,-0.2336021505376344,0.3939393939393939,0.5757575757575758,0.42424242424242425,0.18181818181818182,-0.6501346996021148,0.09664209664209661,-0.16953316953316955,James Wiseman | Kevin Knox II | Patrick Williams | Hasheem Thabeet | Jabari Parker
xRAPM historical top30,risk,3,athleticism_tools + production_stats + intel_consensus,11,-0.5326939053856029,-0.3998360655737707,0.36363636363636365,0.6363636363636364,0.36363636363636365,0.18181818181818182,-0.6131245331810884,0.04274084124830396,-0.14902758932609678,Fab Melo | Patrick Williams | Arnett Moultrie | Andrew Wiggins | De'Andre Hunter
xRAPM historical mature,risk,3,defense + size_frame + injury_medical,25,-0.5311892007718731,-0.5681854838709683,0.48,0.6,0.4,0.2,-0.6186969799895494,0.1386151368760064,-0.12367149758454105,James Wiseman | Anthony Bennett | Stephen Zimmerman | Victor Claver | Demetrius Jackson
xRAPM historical top30,risk,3,shooting + upside_tools + production_stats,60,-0.5297389964762801,-0.5282076719576722,0.43333333333333335,0.6166666666666667,0.38333333333333336,0.2,-0.6101696242717656,0.11243781094527366,-0.1308457711442786,James Wiseman | Kevin Knox II | Jahlil Okafor | Fab Melo | Patrick Williams
xRAPM historical mature,risk,2,defense + intel_consensus,15,-0.5220413490290293,-0.3998360655737707,0.4666666666666667,0.6666666666666666,0.3333333333333333,0.13333333333333333,-0.6095491282467056,0.1252818035426731,-0.19033816425120773,Fab Melo | Diamond Stone | Arnett Moultrie | Glen Rice | Andrew Wiggins
xRAPM historical mature,risk,3,athleticism_tools + defense + intel_consensus,15,-0.5220413490290293,-0.3998360655737707,0.4666666666666667,0.6666666666666666,0.3333333333333333,0.13333333333333333,-0.6095491282467056,0.1252818035426731,-0.19033816425120773,Fab Melo | Diamond Stone | Arnett Moultrie | Glen Rice | Andrew Wiggins
xRAPM historical top30,risk,3,creation_handle + upside_tools + production_stats,30,-0.521979264731497,-0.29830768486256276,0.4,0.5666666666666667,0.43333333333333335,0.26666666666666666,-0.6024098925269825,0.07910447761194034,-0.06417910447761194,Kevin Knox II | Jahlil Okafor | Patrick Williams | Thomas Robinson | James Young
xRAPM historical top15,risk,3,upside_tools + motor_competitiveness + size_frame,20,-0.5208388032737068,-0.1312852022529441,0.4,0.55,0.45,0.2,-0.6355909110807089,0.10270270270270271,-0.15135135135135136,James Wiseman | Kevin Knox II | Jabari Parker | Jordan Hill | John Henson
xRAPM historical top30,risk,2,upside_tools + production_stats,64,-0.5172138919009969,-0.5282076719576722,0.4375,0.609375,0.390625,0.203125,-0.5976445196964824,0.11660447761194032,-0.1277207711442786,James Wiseman | Kevin Knox II | Jahlil Okafor | Fab Melo | Patrick Williams
xRAPM historical top30,risk,3,athleticism_tools + upside_tools + production_stats,64,-0.5172138919009969,-0.5282076719576722,0.4375,0.609375,0.390625,0.203125,-0.5976445196964824,0.11660447761194032,-0.1277207711442786,James Wiseman | Kevin Knox II | Jahlil Okafor | Fab Melo | Patrick Williams
xRAPM historical mature,risk,3,finishing_touch + upside_tools + injury_medical,10,-0.5161283602335365,-0.32967413034786086,0.4,0.7,0.3,0.1,-0.6036361394512127,0.058615136876006446,-0.22367149758454105,James Wiseman | Arnett Moultrie | Harry Giles III | Solomon Alabi | Ed Davis
xRAPM historical top30,risk,3,athleticism_tools + upside_tools + injury_medical,17,-0.5158370556930688,-0.3936021505376344,0.29411764705882354,0.6470588235294118,0.35294117647058826,0.058823529411764705,-0.5962676834885543,-0.026777875329236145,-0.2720222417325139,James Wiseman | Kevin Seraphin | Arnett Moultrie | Damian Jones | Harry Giles III
xRAPM historical top30,risk,3,motor_competitiveness + production_stats + intel_consensus,10,-0.5146030808703997,-0.21440215977101226,0.4,0.6,0.4,0.2,-0.5950337086658852,0.07910447761194034,-0.1308457711442786,Fab Melo | Patrick Williams | Arnett Moultrie | Andrew Wiggins | Justin Jackson
xRAPM historical top30,risk,2,finishing_touch + production_stats,55,-0.5101351772515403,-0.2654761904761904,0.41818181818181815,0.6,0.4,0.21818181818181817,-0.5905658050470259,0.09728629579375847,-0.11266395296246043,James Wiseman | Kevin Knox II | Jahlil Okafor | Craig Brackins | Fab Melo
xRAPM historical top30,risk,3,finishing_touch + athleticism_tools + production_stats,55,-0.5101351772515403,-0.2654761904761904,0.41818181818181815,0.6,0.4,0.21818181818181817,-0.5905658050470259,0.09728629579375847,-0.11266395296246043,James Wiseman | Kevin Knox II | Jahlil Okafor | Craig Brackins | Fab Melo
xRAPM historical top15,risk,3,feel_iq_passing + shooting + creation_handle,52,-0.5085890050284453,-0.43144260549748337,0.4230769230769231,0.6153846153846154,0.38461538461538464,0.21153846153846154,-0.6233411128354474,0.12577962577962576,-0.13981288981288983,Kevin Knox II | Jonny Flynn | Patrick Williams | Jalen Green | Hasheem Thabeet
xRAPM historical mature,risk,2,motor_competitiveness + intel_consensus,17,-0.5015155814525291,-0.3998360655737707,0.47058823529411764,0.6470588235294118,0.35294117647058826,0.23529411764705882,-0.5890233606702053,0.12920337217012406,-0.08837737993748224,Fab Melo | Patrick Williams | Diamond Stone | Elliot Williams | Arnett Moultrie
xRAPM historical mature,risk,3,athleticism_tools + motor_competitiveness + intel_consensus,17,-0.5015155814525291,-0.3998360655737707,0.47058823529411764,0.6470588235294118,0.35294117647058826,0.23529411764705882,-0.5890233606702053,0.12920337217012406,-0.08837737993748224,Fab Melo | Patrick Williams | Diamond Stone | Elliot Williams | Arnett Moultrie
xRAPM historical top30,risk,3,upside_tools + production_stats + injury_medical,12,-0.4990619844114468,-0.2597089947089947,0.3333333333333333,0.5833333333333334,0.4166666666666667,0.08333333333333333,-0.5794926122069324,0.01243781094527363,-0.24751243781094528,James Wiseman | Arnett Moultrie | Damian Jones | Harry Giles III | Perry Jones III
xRAPM historical top30,risk,2,upside_tools + intel_consensus,12,-0.49805153752062353,-0.37128520225294404,0.4166666666666667,0.5833333333333334,0.4166666666666667,0.16666666666666666,-0.5784821653161091,0.095771144278607,-0.16417910447761194,Fab Melo | Patrick Williams | Arnett Moultrie | Andrew Wiggins | Ben McLemore
xRAPM historical top30,risk,3,athleticism_tools + upside_tools + intel_consensus,12,-0.49805153752062353,-0.37128520225294404,0.4166666666666667,0.5833333333333334,0.4166666666666667,0.16666666666666666,-0.5784821653161091,0.095771144278607,-0.16417910447761194,Fab Melo | Patrick Williams | Arnett Moultrie | Andrew Wiggins | Ben McLemore
xRAPM historical top15,risk,3,upside_tools + production_stats + risk_uncertainty,12,-0.4941151789270069,-0.06065476190476175,0.3333333333333333,0.5833333333333334,0.4166666666666667,0.08333333333333333,-0.6088672867340089,0.036036036036036,-0.26801801801801806,James Wiseman | Marvin Bagley III | Julius Randle | Andrew Wiggins | De'Andre Hunter
xRAPM historical top30,risk,3,shooting + defense + intel_consensus,11,-0.4887302977457563,-0.3998360655737707,0.45454545454545453,0.6363636363636364,0.36363636363636365,0.09090909090909091,-0.5691609255412419,0.13364993215739485,-0.2399366802351877,Fab Melo | Arnett Moultrie | Glen Rice | Jordan Adams | Ben McLemore
xRAPM historical mature,risk,2,production_stats + intel_consensus,14,-0.486429540733386,-0.3027406134320466,0.35714285714285715,0.6428571428571429,0.35714285714285715,0.21428571428571427,-0.5739373199510623,0.015757994018863575,-0.10938578329882678,Fab Melo | Patrick Williams | Diamond Stone | Arnett Moultrie | Andrew Wiggins
xRAPM historical mature,risk,3,athleticism_tools + production_stats + intel_consensus,14,-0.486429540733386,-0.3027406134320466,0.35714285714285715,0.6428571428571429,0.35714285714285715,0.21428571428571427,-0.5739373199510623,0.015757994018863575,-0.10938578329882678,Fab Melo | Patrick Williams | Diamond Stone | Arnett Moultrie | Andrew Wiggins
xRAPM historical top30,risk,3,feel_iq_passing + finishing_touch + production_stats,47,-0.4852729978393175,-0.2654761904761904,0.40425531914893614,0.6170212765957447,0.3829787234042553,0.2127659574468085,-0.565703625634803,0.08335979676087646,-0.11807981369747009,James Wiseman | Kevin Knox II | Craig Brackins | Fab Melo | Patrick Williams
xRAPM historical top30,risk,3,shooting + finishing_touch + upside_tools,49,-0.4829551032422311,-0.0289682539682538,0.3877551020408163,0.5306122448979592,0.46938775510204084,0.20408163265306123,-0.5633857310377166,0.06685957965275663,-0.12676413849121737,James Wiseman | Kevin Knox II | Jahlil Okafor | Fab Melo | Patrick Williams
xRAPM historical mature,risk,3,creation_handle + finishing_touch + upside_tools,33,-0.4814432870514915,-0.5412037037037041,0.45454545454545453,0.5757575757575758,0.42424242424242425,0.18181818181818182,-0.5689510662691678,0.11316059142146095,-0.14185331576635923,Kevin Knox II | Jahlil Okafor | Patrick Williams | Hasheem Thabeet | Vernon Carey Jr.
xRAPM historical mature,risk,3,finishing_touch + size_frame + production_stats,44,-0.4783221640674157,-0.4574669312169308,0.45454545454545453,0.5909090909090909,0.4090909090909091,0.20454545454545456,-0.565829943285092,0.11316059142146095,-0.1191260430390865,James Wiseman | Kevin Knox II | Fab Melo | Justin Patton | Diamond Stone
xRAPM historical top30,risk,3,upside_tools + motor_competitiveness + size_frame,38,-0.4779028241359289,-0.3565571728297928,0.39473684210526316,0.6052631578947368,0.39473684210526316,0.21052631578947367,-0.5583334519314145,0.07384131971720348,-0.12031945535480493,James Wiseman | Kevin Knox II | Fab Melo | Justin Patton | Vernon Carey Jr.
xRAPM historical top30,risk,3,upside_tools + defense + production_stats,53,-0.4771152390274218,-0.4795121951219512,0.4339622641509434,0.5849056603773585,0.41509433962264153,0.20754716981132076,-0.5575458668229074,0.11306674176288373,-0.12329860133295784,James Wiseman | Kevin Knox II | Jahlil Okafor | Fab Melo | Justin Patton
xRAPM historical top30,risk,3,finishing_touch + athleticism_tools + upside_tools,55,-0.4767941024782763,-0.2976587301587303,0.38181818181818183,0.5636363636363636,0.43636363636363634,0.18181818181818182,-0.5572247302737618,0.06092265943012215,-0.14902758932609678,James Wiseman | Kevin Knox II | Jahlil Okafor | Fab Melo | Patrick Williams
xRAPM historical mature,risk,3,creation_handle + finishing_touch + production_stats,42,-0.4742250401377984,-0.3305198846387372,0.4523809523809524,0.5476190476190477,0.4523809523809524,0.19047619047619047,-0.5617328193554747,0.11099608925695881,-0.1331953071083506,Kevin Knox II | Jahlil Okafor | Patrick Williams | Jalen Green | Udoka Azubuike
xRAPM historical top15,risk,3,creation_handle + upside_tools + defense,22,-0.4738253189934129,0.0060317460317460495,0.3181818181818182,0.5,0.5,0.13636363636363635,-0.5885774268004149,0.020884520884520863,-0.21498771498771502,Kevin Knox II | Jahlil Okafor | Thomas Robinson | Noah Vonleh | Sekou Doumbouya
xRAPM historical top15,risk,3,finishing_touch + defense + production_stats,28,-0.4720574209177177,-0.101285202252944,0.39285714285714285,0.5714285714285714,0.42857142857142855,0.21428571428571427,-0.5868095287247197,0.09555984555984554,-0.1370656370656371,James Wiseman | Kevin Knox II | Jahlil Okafor | Jalen Green | Marquese Chriss
xRAPM historical top30,risk,3,upside_tools + size_frame + production_stats,30,-0.47092147334614537,-0.2778579494128274,0.36666666666666664,0.6,0.4,0.23333333333333334,-0.5513521011416309,0.04577114427860696,-0.09751243781094526,James Wiseman | Kevin Knox II | Fab Melo | Justin Patton | Jabari Parker
xRAPM historical top30,risk,3,upside_tools + injury_medical + risk_uncertainty,14,-0.47019506934626504,-0.44752385289270546,0.2857142857142857,0.6428571428571429,0.35714285714285715,0.07142857142857142,-0.5506256971417506,-0.035181236673773986,-0.2594171997157072,James Wiseman | Kevin Seraphin | Harry Giles III | C.J. Wilcox | Perry Jones III
xRAPM historical mature,risk,3,motor_competitiveness + production_stats + intel_consensus,13,-0.46895472459459775,-0.2056451612903225,0.38461538461538464,0.6153846153846154,0.38461538461538464,0.23076923076923078,-0.556462503812274,0.04323052149139106,-0.09290226681531027,Fab Melo | Patrick Williams | Diamond Stone | Arnett Moultrie | Andrew Wiggins
xRAPM historical top30,risk,3,shooting + motor_competitiveness + intel_consensus,13,-0.46701368649699,-0.3998360655737707,0.46153846153846156,0.6153846153846154,0.38461538461538464,0.23076923076923078,-0.5474443142924755,0.14064293915040188,-0.10007654037504782,Fab Melo | Patrick Williams | Elliot Williams | Arnett Moultrie | Glen Rice
xRAPM historical top30,risk,3,shooting + upside_tools + motor_competitiveness,70,-0.463354448649591,-0.4028526625704043,0.38571428571428573,0.6142857142857143,0.38571428571428573,0.22857142857142856,-0.5437850764450766,0.06481876332622605,-0.10227434257285004,James Wiseman | Kevin Knox II | Fab Melo | Patrick Williams | Justin Patton
xRAPM historical mature,risk,3,defense + production_stats + intel_consensus,11,-0.45683186718485497,-0.2056451612903225,0.36363636363636365,0.6363636363636364,0.36363636363636365,0.18181818181818182,-0.5443396464025313,0.02225150051237007,-0.14185331576635923,Fab Melo | Diamond Stone | Arnett Moultrie | Andrew Wiggins | Justin Jackson
xRAPM historical top15,risk,3,creation_handle + finishing_touch + defense,25,-0.45454225641369994,0.0410317460317459,0.36,0.48,0.52,0.2,-0.569294364220702,0.06270270270270267,-0.15135135135135136,Kevin Knox II | Jahlil Okafor | Jalen Green | Dragan Bender | RJ Barrett
xRAPM historical mature,risk,3,upside_tools + size_frame + production_stats,42,-0.4542316005845644,-0.3068276246170982,0.38095238095238093,0.6428571428571429,0.35714285714285715,0.21428571428571427,-0.5417393798022407,0.039567517828387355,-0.10938578329882678,James Wiseman | Kevin Knox II | Fab Melo | Justin Patton | Diamond Stone
xRAPM historical mature,risk,3,shooting + defense + intel_consensus,14,-0.4518867061592208,-0.3027406134320466,0.42857142857142855,0.6428571428571429,0.35714285714285715,0.14285714285714285,-0.539394485376897,0.08718656544743497,-0.1808143547273982,Fab Melo | Diamond Stone | Arnett Moultrie | Glen Rice | Jordan Adams
xRAPM historical top15,risk,3,athleticism_tools + upside_tools + defense,45,-0.4479321421684497,-0.0289682539682538,0.3333333333333333,0.5333333333333333,0.4666666666666667,0.13333333333333333,-0.5626842499754517,0.036036036036036,-0.21801801801801804,James Wiseman | Kevin Knox II | Jahlil Okafor | Thomas Robinson | Jabari Parker
xRAPM historical top30,risk,3,feel_iq_passing + finishing_touch + upside_tools,40,-0.4471957758513481,-0.14722222222222212,0.4,0.55,0.45,0.225,-0.5276264036468337,0.07910447761194034,-0.1058457711442786,James Wiseman | Kevin Knox II | Fab Melo | Patrick Williams | Rakeem Christmas
xRAPM historical top15,risk,3,feel_iq_passing + creation_handle + upside_tools,21,-0.4442892819302515,-0.0289682539682538,0.3333333333333333,0.5238095238095238,0.47619047619047616,0.19047619047619047,-0.5590413897372536,0.036036036036036,-0.1608751608751609,Kevin Knox II | Patrick Williams | Hasheem Thabeet | Wesley Johnson | Noah Vonleh
xRAPM historical mature,risk,3,creation_handle + upside_tools + production_stats,37,-0.4409671896713392,-0.4795121951219512,0.43243243243243246,0.5675675675675675,0.43243243243243246,0.2702702702702703,-0.5284749688890155,0.09104756930843888,-0.05340122731427077,Kevin Knox II | Jahlil Okafor | Patrick Williams | Thomas Robinson | James Young
xRAPM historical top30,risk,2,finishing_touch + upside_tools,56,-0.43941158307461076,-0.2815674603174604,0.375,0.5535714285714286,0.44642857142857145,0.19642857142857142,-0.5198422108700963,0.054104477611940316,-0.13441719971570718,James Wiseman | Kevin Knox II | Jahlil Okafor | Fab Melo | Patrick Williams
xRAPM historical mature,risk,3,shooting + motor_competitiveness + intel_consensus,16,-0.43884740846791526,-0.3027406134320466,0.4375,0.625,0.375,0.25,-0.5263551876855915,0.09611513687600642,-0.07367149758454106,Fab Melo | Patrick Williams | Diamond Stone | Elliot Williams | Arnett Moultrie
xRAPM historical top30,risk,3,finishing_touch + size_frame + production_stats,29,-0.43856215768602475,-0.5571031746031738,0.4482758620689655,0.6206896551724138,0.3793103448275862,0.2413793103448276,-0.5189927854815103,0.12738033968090584,-0.089466460799451,James Wiseman | Kevin Knox II | Fab Melo | Justin Patton | Marquese Chriss
xRAPM historical top30,risk,3,upside_tools + motor_competitiveness + injury_medical,13,-0.43613796996332704,-0.3936021505376344,0.23076923076923078,0.6153846153846154,0.38461538461538464,0.07692307692307693,-0.5165685977588126,-0.0901262916188289,-0.2539226942212017,James Wiseman | Arnett Moultrie | Damian Jones | Perry Jones III | Bol Bol
xRAPM historical top30,risk,3,shooting + production_stats + intel_consensus,10,-0.43554266100352834,-0.21440215977101226,0.3,0.6,0.4,0.2,-0.5159732887990138,-0.020895522388059695,-0.1308457711442786,Fab Melo | Patrick Williams | Arnett Moultrie | De'Andre Hunter | Justin Jackson
xRAPM historical top15,risk,3,finishing_touch + upside_tools + defense,22,-0.4344726412217156,0.042910052910052954,0.2727272727272727,0.45454545454545453,0.5454545454545454,0.13636363636363635,-0.5492247490287177,-0.024570024570024607,-0.21498771498771502,James Wiseman | Kevin Knox II | Jahlil Okafor | Noah Vonleh | John Henson
xRAPM historical mature,risk,3,finishing_touch + defense + injury_medical,16,-0.4339495689588278,-0.22717413034786083,0.4375,0.625,0.375,0.1875,-0.5214573481765041,0.09611513687600642,-0.13617149758454106,James Wiseman | Stephen Zimmerman | Victor Claver | Arnett Moultrie | Daniel Orton
xRAPM historical mature,risk,3,upside_tools + defense + injury_medical,19,-0.43076387085892326,-0.5152116402116402,0.3684210526315789,0.6842105263157895,0.3157894736842105,0.10526315789473684,-0.5182716500765996,0.02703618950758535,-0.21840833968980422,James Wiseman | Kevin Seraphin | Zhou Qi | Arnett Moultrie | Damian Jones
xRAPM historical top15,risk,3,shooting + creation_handle + defense,57,-0.4299377970026614,-0.2539682539682539,0.38596491228070173,0.5614035087719298,0.43859649122807015,0.19298245614035087,-0.5446899048096634,0.08866761498340442,-0.1583688952110005,Kevin Knox II | Jahlil Okafor | Jonny Flynn | Jalen Green | Thomas Robinson
xRAPM historical mature,risk,3,upside_tools + motor_competitiveness + production_stats,50,-0.42665643151341603,-0.536157407407407,0.44,0.6,0.4,0.24,-0.5141642107310923,0.09861513687600643,-0.08367149758454107,James Wiseman | Kevin Knox II | Fab Melo | Patrick Williams | Justin Patton
xRAPM historical top15,risk,2,shooting + creation_handle,75,-0.42574248506662066,-0.3833730158730155,0.4,0.5866666666666667,0.41333333333333333,0.22666666666666666,-0.5404945928736227,0.10270270270270271,-0.12468468468468472,Kevin Knox II | Jahlil Okafor | Josh Jackson | Jonny Flynn | Patrick Williams
xRAPM historical top15,risk,3,shooting + creation_handle + athleticism_tools,75,-0.42574248506662066,-0.3833730158730155,0.4,0.5866666666666667,0.41333333333333333,0.22666666666666666,-0.5404945928736227,0.10270270270270271,-0.12468468468468472,Kevin Knox II | Jahlil Okafor | Josh Jackson | Jonny Flynn | Patrick Williams
xRAPM historical mature,risk,3,defense + motor_competitiveness + injury_medical,32,-0.4237945787240234,-0.5416985620413043,0.4375,0.59375,0.40625,0.25,-0.5113023579416996,0.09611513687600642,-0.07367149758454106,James Wiseman | Anthony Bennett | Stephen Zimmerman | Brice Johnson | Victor Claver
xRAPM historical mature,risk,3,shooting + finishing_touch + intel_consensus,11,-0.4222158606029575,-0.0289682539682538,0.45454545454545453,0.5454545454545454,0.45454545454545453,0.2727272727272727,-0.5097236398206338,0.11316059142146095,-0.05094422485726835,Fab Melo | Patrick Williams | Diamond Stone | Arnett Moultrie | Jordan Adams
xRAPM historical mature,risk,3,finishing_touch + athleticism_tools + intel_consensus,11,-0.4222158606029575,-0.0289682539682538,0.45454545454545453,0.5454545454545454,0.45454545454545453,0.2727272727272727,-0.5097236398206338,0.11316059142146095,-0.05094422485726835,Fab Melo | Patrick Williams | Diamond Stone | Arnett Moultrie | Jordan Adams
xRAPM historical top30,risk,3,creation_handle + finishing_touch + production_stats,31,-0.4206553533688407,-0.1198360655737704,0.41935483870967744,0.5483870967741935,0.45161290322580644,0.22580645161290322,-0.5010859811643262,0.09845931632161775,-0.10503931953137538,Kevin Knox II | Jahlil Okafor | Patrick Williams | Jalen Green | James Young
xRAPM historical top30,risk,3,creation_handle + upside_tools + motor_competitiveness,32,-0.42025738769232446,-0.17535266257040436,0.34375,0.59375,0.40625,0.25,-0.50068801548781,0.022854477611940316,-0.0808457711442786,Kevin Knox II | Patrick Williams | Hasheem Thabeet | Vernon Carey Jr. | James Young
xRAPM historical top15,risk,3,feel_iq_passing + creation_handle + finishing_touch,24,-0.4159185086206172,0.0060317460317460495,0.4166666666666667,0.5,0.5,0.2916666666666667,-0.5306706164276193,0.11936936936936937,-0.059684684684684686,Kevin Knox II | Patrick Williams | Jalen Green | Hasheem Thabeet | Wesley Johnson
xRAPM historical top30,risk,3,shooting + upside_tools + size_frame,48,-0.41424560318068543,-0.19155717282979273,0.375,0.5833333333333334,0.4166666666666667,0.2708333333333333,-0.49467623097617097,0.054104477611940316,-0.060012437810945285,James Wiseman | Kevin Knox II | Fab Melo | Justin Patton | Tyler Bey
xRAPM historical top30,risk,2,feel_iq_passing + intel_consensus,15,-0.41351683394458116,-0.7136021505376343,0.4666666666666667,0.6,0.4,0.26666666666666666,-0.4939474617400667,0.145771144278607,-0.06417910447761194,Fab Melo | Patrick Williams | Elliot Williams | Arnett Moultrie | Glen Rice
xRAPM historical top30,risk,3,feel_iq_passing + athleticism_tools + intel_consensus,15,-0.41351683394458116,-0.7136021505376343,0.4666666666666667,0.6,0.4,0.26666666666666666,-0.4939474617400667,0.145771144278607,-0.06417910447761194,Fab Melo | Patrick Williams | Elliot Williams | Arnett Moultrie | Glen Rice
xRAPM historical mature,risk,2,feel_iq_passing + intel_consensus,15,-0.41351683394458116,-0.7136021505376343,0.4666666666666667,0.6,0.4,0.26666666666666666,-0.5010246131622574,0.1252818035426731,-0.057004830917874394,Fab Melo | Patrick Williams | Elliot Williams | Arnett Moultrie | Glen Rice
xRAPM historical mature,risk,3,feel_iq_passing + athleticism_tools + intel_consensus,15,-0.41351683394458116,-0.7136021505376343,0.4666666666666667,0.6,0.4,0.26666666666666666,-0.5010246131622574,0.1252818035426731,-0.057004830917874394,Fab Melo | Patrick Williams | Elliot Williams | Arnett Moultrie | Glen Rice
xRAPM historical top30,risk,3,upside_tools + defense + motor_competitiveness,61,-0.4091481702483048,-0.3936021505376344,0.39344262295081966,0.5901639344262295,0.4098360655737705,0.21311475409836064,-0.48957879804379034,0.07254710056275998,-0.11773101704591796,James Wiseman | Kevin Knox II | Fab Melo | Justin Patton | Rakeem Christmas
xRAPM historical mature,risk,3,shooting + production_stats + intel_consensus,13,-0.40813901700469657,-0.2056451612903225,0.3076923076923077,0.6153846153846154,0.38461538461538464,0.23076923076923078,-0.49564679622237284,-0.03369255543168587,-0.09290226681531027,Fab Melo | Patrick Williams | Diamond Stone | Arnett Moultrie | De'Andre Hunter
xRAPM historical top15,risk,3,shooting + upside_tools + defense,42,-0.4070116972473195,-0.016587301587301498,0.3333333333333333,0.5238095238095238,0.47619047619047616,0.16666666666666666,-0.5217638050543215,0.036036036036036,-0.1846846846846847,James Wiseman | Kevin Knox II | Jahlil Okafor | Thomas Robinson | Jabari Parker
xRAPM historical top15,risk,3,upside_tools + defense + size_frame,19,-0.4069803628031814,-0.0042063492063492,0.3157894736842105,0.5263157894736842,0.47368421052631576,0.21052631578947367,-0.5217324706101835,0.018492176386913195,-0.1408250355618777,James Wiseman | Kevin Knox II | Jabari Parker | John Henson | Zach LaVine
xRAPM historical top30,risk,3,shooting + upside_tools + intel_consensus,11,-0.40658291827646664,-0.0289682539682538,0.36363636363636365,0.5454545454545454,0.45454545454545453,0.18181818181818182,-0.4870135460719522,0.04274084124830396,-0.14902758932609678,Fab Melo | Patrick Williams | Arnett Moultrie | Ben McLemore | De'Andre Hunter
xRAPM historical top15,risk,3,shooting + creation_handle + size_frame,26,-0.4035111333254979,-0.29867063492063484,0.38461538461538464,0.6153846153846154,0.38461538461538464,0.23076923076923078,-0.5182632411324999,0.08731808731808732,-0.12058212058212059,Kevin Knox II | Jonny Flynn | RJ Barrett | Shabazz Muhammad | Doug McDermott
xRAPM historical top15,risk,2,upside_tools + defense,46,-0.40305042203159247,-0.016587301587301498,0.32608695652173914,0.5217391304347826,0.4782608695652174,0.15217391304347827,-0.5178025298385945,0.02878965922444182,-0.1991774383078731,James Wiseman | Kevin Knox II | Jahlil Okafor | Thomas Robinson | Jabari Parker
xRAPM historical mature,risk,2,size_frame + injury_medical,31,-0.4011630591281869,-0.4254320987654325,0.41935483870967744,0.5806451612903226,0.41935483870967744,0.25806451612903225,-0.4886708383458632,0.07796997558568386,-0.0656069814555088,James Wiseman | Anthony Bennett | Mfiondu Kabengele | Stephen Zimmerman | Victor Claver
xRAPM historical mature,risk,3,athleticism_tools + size_frame + injury_medical,31,-0.4011630591281869,-0.4254320987654325,0.41935483870967744,0.5806451612903226,0.41935483870967744,0.25806451612903225,-0.4886708383458632,0.07796997558568386,-0.0656069814555088,James Wiseman | Anthony Bennett | Mfiondu Kabengele | Stephen Zimmerman | Victor Claver
xRAPM historical top30,risk,2,athleticism_tools + intel_consensus,18,-0.39405943808591015,-0.5567191080557026,0.4444444444444444,0.6111111111111112,0.3888888888888889,0.2222222222222222,-0.4744900658813957,0.12354892205638474,-0.10862354892205639,Fab Melo | Patrick Williams | Elliot Williams | Arnett Moultrie | Glen Rice
xRAPM historical top30,risk,3,upside_tools + motor_competitiveness + risk_uncertainty,23,-0.39121544454563223,-0.5152116402116402,0.34782608695652173,0.6086956521739131,0.391304347826087,0.13043478260869565,-0.4716460723411178,0.026930564568462045,-0.20041098853558295,James Wiseman | Fab Melo | Tyler Honeycutt | Marvin Bagley III | Julius Randle
xRAPM historical top15,risk,3,finishing_touch + motor_competitiveness + production_stats,22,-0.39086088625419657,-0.101285202252944,0.4090909090909091,0.5454545454545454,0.45454545454545453,0.2727272727272727,-0.5056129940611986,0.1117936117936118,-0.07862407862407866,James Wiseman | Kevin Knox II | Patrick Williams | Marquese Chriss | Noah Vonleh
xRAPM historical top15,risk,3,feel_iq_passing + shooting + production_stats,44,-0.39049870233678163,-0.2195391705069123,0.38636363636363635,0.5909090909090909,0.4090909090909091,0.22727272727272727,-0.5052508101437837,0.08906633906633904,-0.1240786240786241,James Wiseman | Kevin Knox II | Patrick Williams | Jalen Green | Malik Monk
xRAPM historical top30,risk,3,feel_iq_passing + upside_tools + production_stats,55,-0.3846387292683354,-0.2654761904761904,0.38181818181818183,0.5818181818181818,0.41818181818181815,0.21818181818181817,-0.46506935706382097,0.06092265943012215,-0.11266395296246043,James Wiseman | Kevin Knox II | Fab Melo | Patrick Williams | James Young
xRAPM historical mature,risk,2,athleticism_tools + intel_consensus,21,-0.3830214522177217,-0.3998360655737707,0.42857142857142855,0.6190476190476191,0.38095238095238093,0.23809523809523808,-0.47052923143539804,0.08718656544743497,-0.08557625948930297,Fab Melo | Patrick Williams | Diamond Stone | Elliot Williams | Arnett Moultrie
xRAPM historical mature,risk,3,upside_tools + injury_medical + risk_uncertainty,18,-0.3694132990226819,-0.44752385289270546,0.3333333333333333,0.6666666666666666,0.3333333333333333,0.1111111111111111,-0.4569210782403582,-0.008051529790660261,-0.21256038647342995,James Wiseman | Kevin Seraphin | Zhou Qi | Harry Giles III | C.J. Wilcox
xRAPM historical top30,risk,3,finishing_touch + upside_tools + defense,41,-0.3678278842919114,0.0410317460317459,0.34146341463414637,0.4878048780487805,0.5121951219512195,0.1951219512195122,-0.4482585120873969,0.020567892246086683,-0.1357238199247664,James Wiseman | Kevin Knox II | Jahlil Okafor | Fab Melo | Justin Patton
xRAPM historical top15,risk,2,creation_handle + finishing_touch,34,-0.3671953129333288,0.07761904761904764,0.38235294117647056,0.47058823529411764,0.5294117647058824,0.29411764705882354,-0.4819474207403308,0.08505564387917325,-0.05723370429252783,Kevin Knox II | Jahlil Okafor | Patrick Williams | Jalen Green | Hasheem Thabeet
xRAPM historical top15,risk,3,creation_handle + finishing_touch + athleticism_tools,34,-0.3671953129333288,0.07761904761904764,0.38235294117647056,0.47058823529411764,0.5294117647058824,0.29411764705882354,-0.4819474207403308,0.08505564387917325,-0.05723370429252783,Kevin Knox II | Jahlil Okafor | Patrick Williams | Jalen Green | Hasheem Thabeet
xRAPM historical top30,risk,2,upside_tools + motor_competitiveness,74,-0.36686592704376453,-0.38671910805570253,0.3783783783783784,0.5945945945945946,0.40540540540540543,0.24324324324324326,-0.44729655483925007,0.057482855990318715,-0.08760252790103534,James Wiseman | Kevin Knox II | Fab Melo | Patrick Williams | Justin Patton
xRAPM historical top30,risk,3,athleticism_tools + upside_tools + motor_competitiveness,74,-0.36686592704376453,-0.38671910805570253,0.3783783783783784,0.5945945945945946,0.40540540540540543,0.24324324324324326,-0.44729655483925007,0.057482855990318715,-0.08760252790103534,James Wiseman | Kevin Knox II | Fab Melo | Patrick Williams | Justin Patton
xRAPM historical top30,risk,3,upside_tools + defense + risk_uncertainty,29,-0.36483826627255317,-0.5152116402116402,0.41379310344827586,0.6206896551724138,0.3793103448275862,0.13793103448275862,-0.4452688940680387,0.09289758106021617,-0.19291473666151998,James Wiseman | Fab Melo | James Bouknight | Tyler Honeycutt | Kevin Seraphin
xRAPM historical top30,risk,3,shooting + creation_handle + intel_consensus,10,-0.3598448540706607,-0.3972222222222222,0.5,0.6,0.4,0.2,-0.44027548186614623,0.17910447761194032,-0.1308457711442786,Patrick Williams | Elliot Williams | Arnett Moultrie | Jordan Adams | Ben McLemore
xRAPM historical top30,risk,3,creation_handle + athleticism_tools + intel_consensus,10,-0.3598448540706607,-0.3972222222222222,0.5,0.6,0.4,0.2,-0.44027548186614623,0.17910447761194032,-0.1308457711442786,Patrick Williams | Elliot Williams | Arnett Moultrie | Jordan Adams | Ben McLemore
xRAPM historical mature,risk,3,shooting + creation_handle + intel_consensus,10,-0.3598448540706607,-0.3972222222222222,0.5,0.6,0.4,0.2,-0.44735263328833696,0.15861513687600642,-0.12367149758454105,Patrick Williams | Elliot Williams | Arnett Moultrie | Jordan Adams | Ben McLemore
xRAPM historical mature,risk,3,creation_handle + athleticism_tools + intel_consensus,10,-0.3598448540706607,-0.3972222222222222,0.5,0.6,0.4,0.2,-0.44735263328833696,0.15861513687600642,-0.12367149758454105,Patrick Williams | Elliot Williams | Arnett Moultrie | Jordan Adams | Ben McLemore
xRAPM historical mature,risk,3,feel_iq_passing + creation_handle + production_stats,80,-0.35934863048544863,-0.3695121951219513,0.4375,0.6,0.4,0.2625,-0.4468564097031249,0.09611513687600642,-0.061171497584541046,Kevin Knox II | Josh Christopher | Patrick Williams | Tyler Lydon | Jalen Green
xRAPM historical mature,risk,3,upside_tools + defense + production_stats,73,-0.3587558491427173,-0.3578306878306878,0.4383561643835616,0.6027397260273972,0.3972602739726027,0.2328767123287671,-0.44626362836039357,0.09697130125956804,-0.09079478525577395,James Wiseman | Kevin Knox II | Jahlil Okafor | Fab Melo | Justin Patton
xRAPM historical top15,risk,3,finishing_touch + size_frame + production_stats,17,-0.3557919843417711,-0.0289682539682538,0.47058823529411764,0.5882352941176471,0.4117647058823529,0.29411764705882354,-0.47054409214877313,0.17329093799682033,-0.05723370429252783,James Wiseman | Kevin Knox II | Marquese Chriss | John Henson | Julius Randle
xRAPM historical top30,risk,3,finishing_touch + motor_competitiveness + production_stats,43,-0.3554381975860072,-0.1736021505376342,0.3953488372093023,0.5581395348837209,0.4418604651162791,0.27906976744186046,-0.43586882538149274,0.07445331482124262,-0.05177600370241814,James Wiseman | Kevin Knox II | Craig Brackins | Fab Melo | Patrick Williams
xRAPM historical top30,risk,3,creation_handle + finishing_touch + defense,48,-0.35454378017595944,-0.0744021597710121,0.375,0.5208333333333334,0.4791666666666667,0.1875,-0.434974407971445,0.054104477611940316,-0.1433457711442786,Kevin Knox II | Jahlil Okafor | Justin Harper | Jalen Green | Vernon Carey Jr.
xRAPM historical top15,risk,2,creation_handle + production_stats,35,-0.3543178063912074,-0.47521164021164,0.42857142857142855,0.6,0.4,0.2857142857142857,-0.4690699141982094,0.13127413127413123,-0.06563706563706567,Kevin Knox II | Jahlil Okafor | Patrick Williams | Jalen Green | Thomas Robinson
xRAPM historical top15,risk,3,creation_handle + athleticism_tools + production_stats,35,-0.3543178063912074,-0.47521164021164,0.42857142857142855,0.6,0.4,0.2857142857142857,-0.4690699141982094,0.13127413127413123,-0.06563706563706567,Kevin Knox II | Jahlil Okafor | Patrick Williams | Jalen Green | Thomas Robinson
xRAPM historical mature,risk,3,upside_tools + defense + risk_uncertainty,37,-0.3536686060833442,-0.5152116402116402,0.43243243243243246,0.6486486486486487,0.35135135135135137,0.13513513513513514,-0.44117638530102055,0.09104756930843888,-0.18853636244940591,James Wiseman | Fab Melo | James Bouknight | Tyler Honeycutt | Kevin Seraphin
xRAPM historical top15,risk,3,upside_tools + defense + risk_uncertainty,14,-0.35152408323238377,0.0814814814814814,0.35714285714285715,0.5,0.5,0.14285714285714285,-0.4662761910393858,0.05984555984555984,-0.20849420849420852,James Wiseman | James Bouknight | Marvin Bagley III | Andrew Wiggins | Ben McLemore
xRAPM historical top15,risk,2,shooting + production_stats,57,-0.3514929737001095,-0.2654761904761904,0.38596491228070173,0.5964912280701754,0.40350877192982454,0.24561403508771928,-0.4662450815071115,0.08866761498340442,-0.10573731626363209,James Wiseman | Kevin Knox II | Jahlil Okafor | Patrick Williams | Jalen Green
xRAPM historical top15,risk,3,shooting + athleticism_tools + production_stats,57,-0.3514929737001095,-0.2654761904761904,0.38596491228070173,0.5964912280701754,0.40350877192982454,0.24561403508771928,-0.4662450815071115,0.08866761498340442,-0.10573731626363209,James Wiseman | Kevin Knox II | Jahlil Okafor | Patrick Williams | Jalen Green
xRAPM historical top30,risk,3,upside_tools + defense + size_frame,43,-0.3502451368353377,-0.1495121951219511,0.37209302325581395,0.5813953488372093,0.4186046511627907,0.23255813953488372,-0.43067576463082324,0.051197500867754264,-0.09828763160939488,James Wiseman | Kevin Knox II | Fab Melo | Justin Patton | Vernon Carey Jr.
xRAPM historical mature,risk,3,shooting + upside_tools + production_stats,82,-0.35008071567560045,-0.4186714414763195,0.4146341463414634,0.6219512195121951,0.3780487804878049,0.23170731707317074,-0.4375884948932768,0.07324928321746982,-0.09196418051137031,James Wiseman | Kevin Knox II | Jahlil Okafor | Fab Melo | Patrick Williams
xRAPM historical mature,risk,3,shooting + finishing_touch + production_stats,76,-0.34837029532441904,-0.2724941927990707,0.40789473684210525,0.5789473684210527,0.42105263157894735,0.23684210526315788,-0.4358780745420954,0.06650987371811168,-0.08682939232138318,James Wiseman | Kevin Knox II | Jahlil Okafor | Craig Brackins | Fab Melo
xRAPM historical top30,risk,3,feel_iq_passing + shooting + injury_medical,31,-0.3470296042152212,-0.5152116402116402,0.41935483870967744,0.5806451612903226,0.41935483870967744,0.22580645161290322,-0.42746023201070676,0.09845931632161775,-0.10503931953137538,James Wiseman | Mfiondu Kabengele | Brice Johnson | Rashad Vaughn | Shabazz Muhammad
xRAPM historical top15,risk,3,upside_tools + motor_competitiveness + risk_uncertainty,13,-0.3458135676631182,-0.1171031746031743,0.38461538461538464,0.5384615384615384,0.46153846153846156,0.15384615384615385,-0.46056567547012023,0.08731808731808732,-0.19750519750519752,James Wiseman | Marvin Bagley III | Julius Randle | Andrew Wiggins | Ben McLemore
xRAPM historical top15,risk,2,athleticism_tools + upside_tools,59,-0.3399590545954777,-0.0661788617886176,0.3389830508474576,0.5423728813559322,0.4576271186440678,0.2033898305084746,-0.4547111624024797,0.0416857535501603,-0.14796152084287678,James Wiseman | Kevin Knox II | Jahlil Okafor | Patrick Williams | Hasheem Thabeet
xRAPM historical top15,risk,3,creation_handle + defense + production_stats,29,-0.3398974961457053,-0.3433730158730157,0.41379310344827586,0.5517241379310345,0.4482758620689655,0.3103448275862069,-0.4546496039527073,0.11649580615097854,-0.041006523765144465,Kevin Knox II | Jahlil Okafor | Jalen Green | Thomas Robinson | Malik Monk
xRAPM historical mature,risk,3,finishing_touch + upside_tools + size_frame,38,-0.3395420651138937,-0.32783068783068803,0.42105263157894735,0.5789473684210527,0.42105263157894735,0.21052631578947367,-0.42704984433157,0.07966776845495377,-0.11314518179506738,James Wiseman | Kevin Knox II | Fab Melo | Justin Patton | Diamond Stone
xRAPM historical top15,risk,3,shooting + athleticism_tools + upside_tools,55,-0.33839556531031545,-0.0661788617886176,0.34545454545454546,0.5454545454545454,0.45454545454545453,0.21818181818181817,-0.45314767311731746,0.048157248157248145,-0.1331695331695332,James Wiseman | Kevin Knox II | Jahlil Okafor | Patrick Williams | Hasheem Thabeet
xRAPM historical mature,risk,3,motor_competitiveness + size_frame + injury_medical,24,-0.33808566900679954,-0.4703218694885364,0.4166666666666667,0.5416666666666666,0.4583333333333333,0.2916666666666667,-0.42559344822447587,0.07528180354267311,-0.03200483091787437,James Wiseman | Anthony Bennett | Stephen Zimmerman | Victor Claver | Demetrius Jackson
xRAPM historical top30,risk,3,feel_iq_passing + shooting + intel_consensus,14,-0.335610439997312,-0.37128520225294404,0.42857142857142855,0.5714285714285714,0.42857142857142855,0.2857142857142857,-0.41604106779279754,0.10767590618336886,-0.0451314854299929,Fab Melo | Patrick Williams | Elliot Williams | Arnett Moultrie | Glen Rice
xRAPM historical mature,risk,3,feel_iq_passing + shooting + intel_consensus,14,-0.335610439997312,-0.37128520225294404,0.42857142857142855,0.5714285714285714,0.42857142857142855,0.2857142857142857,-0.42311821921498827,0.08718656544743497,-0.03795721187025536,Fab Melo | Patrick Williams | Elliot Williams | Arnett Moultrie | Glen Rice
xRAPM historical top30,risk,3,feel_iq_passing + upside_tools + motor_competitiveness,60,-0.33517279754812146,-0.3228526625704043,0.38333333333333336,0.6,0.4,0.25,-0.415603425343607,0.062437810945273675,-0.0808457711442786,James Wiseman | Kevin Knox II | Fab Melo | Patrick Williams | Rakeem Christmas
xRAPM historical mature,risk,3,finishing_touch + defense + production_stats,70,-0.33471055998184096,-0.22015612802498052,0.4,0.5714285714285714,0.42857142857142855,0.22857142857142856,-0.42221833919951723,0.058615136876006446,-0.09510006901311249,James Wiseman | Kevin Knox II | Jahlil Okafor | Craig Brackins | Fab Melo
xRAPM historical top15,risk,3,shooting + defense + production_stats,49,-0.3346513752636261,-0.1736021505376342,0.3877551020408163,0.5510204081632653,0.4489795918367347,0.2653061224489796,-0.4494034830706281,0.090457804743519,-0.08604522890237176,James Wiseman | Kevin Knox II | Jahlil Okafor | Jalen Green | Thomas Robinson
xRAPM historical mature,risk,3,upside_tools + size_frame + injury_medical,13,-0.33402485109474367,-0.2254320987654323,0.3076923076923077,0.6153846153846154,0.38461538461538464,0.15384615384615385,-0.42153263031241994,-0.03369255543168587,-0.1698253437383872,James Wiseman | Zhou Qi | Arnett Moultrie | Solomon Alabi | Bol Bol
xRAPM historical top30,risk,3,feel_iq_passing + creation_handle + upside_tools,41,-0.3327089211147806,-0.1056451612903224,0.36585365853658536,0.5365853658536586,0.4634146341463415,0.2926829268292683,-0.41313954891026616,0.044958136148525674,-0.038162844315010325,Kevin Knox II | Patrick Williams | Hasheem Thabeet | Vernon Carey Jr. | James Young
xRAPM historical top15,risk,3,feel_iq_passing + creation_handle + production_stats,30,-0.33088650490762334,-0.29830768486256276,0.43333333333333335,0.5666666666666667,0.43333333333333335,0.3,-0.44563861271462535,0.13603603603603603,-0.05135135135135138,Kevin Knox II | Patrick Williams | Jalen Green | Malik Monk | Wesley Johnson
xRAPM historical mature,risk,3,finishing_touch + motor_competitiveness + production_stats,58,-0.32979390962667426,-0.1742191080557024,0.41379310344827586,0.5517241379310345,0.4482758620689655,0.27586206896551724,-0.4173016888443506,0.07240824032428228,-0.04780942861902382,James Wiseman | Kevin Knox II | Craig Brackins | Fab Melo | Patrick Williams
xRAPM historical top15,risk,3,feel_iq_passing + motor_competitiveness + production_stats,32,-0.3291306695234518,-0.14535266257040425,0.40625,0.5625,0.4375,0.28125,-0.44388277733045384,0.10895270270270269,-0.07010135135135137,James Wiseman | Kevin Knox II | Patrick Williams | Marquese Chriss | Shabazz Muhammad
xRAPM historical top30,risk,2,shooting + intel_consensus,17,-0.32875667860823715,-0.3998360655737707,0.4117647058823529,0.5882352941176471,0.4117647058823529,0.23529411764705882,-0.4091873064037227,0.09086918349429324,-0.09555165349721978,Fab Melo | Patrick Williams | Elliot Williams | Arnett Moultrie | Glen Rice
xRAPM historical top30,risk,3,shooting + athleticism_tools + intel_consensus,17,-0.32875667860823715,-0.3998360655737707,0.4117647058823529,0.5882352941176471,0.4117647058823529,0.23529411764705882,-0.4091873064037227,0.09086918349429324,-0.09555165349721978,Fab Melo | Patrick Williams | Elliot Williams | Arnett Moultrie | Glen Rice
xRAPM historical mature,risk,3,shooting + creation_handle + defense,163,-0.3282563222202277,-0.3812037037037039,0.4171779141104294,0.6012269938650306,0.3987730061349693,0.2085889570552147,-0.415764101437904,0.07579305098643585,-0.11508254052932634,Kevin Knox II | Jahlil Okafor | Jonny Flynn | Tyler Lydon | Justin Harper
xRAPM historical mature,risk,3,feel_iq_passing + finishing_touch + production_stats,64,-0.3274341836735037,-0.31867144147631943,0.40625,0.609375,0.390625,0.234375,-0.41494196289118,0.06486513687600642,-0.08929649758454106,James Wiseman | Kevin Knox II | Craig Brackins | Fab Melo | Patrick Williams
xRAPM historical mature,risk,2,shooting + intel_consensus,20,-0.3269622073682903,-0.3027406134320466,0.4,0.6,0.4,0.25,-0.41446998658596657,0.058615136876006446,-0.07367149758454106,Fab Melo | Patrick Williams | Diamond Stone | Elliot Williams | Arnett Moultrie
xRAPM historical mature,risk,3,shooting + athleticism_tools + intel_consensus,20,-0.3269622073682903,-0.3027406134320466,0.4,0.6,0.4,0.25,-0.41446998658596657,0.058615136876006446,-0.07367149758454106,Fab Melo | Patrick Williams | Diamond Stone | Elliot Williams | Arnett Moultrie
xRAPM historical mature,risk,3,feel_iq_passing + creation_handle + motor_competitiveness,88,-0.32424914877595523,-0.24462365591397833,0.4318181818181818,0.6022727272727273,0.3977272727272727,0.26136363636363635,-0.4117569279936315,0.09043331869418825,-0.0623078612209047,Kevin Knox II | Jonny Flynn | Patrick Williams | Tyler Lydon | Melvin Frazier Jr.
xRAPM historical top15,risk,2,feel_iq_passing + creation_handle,57,-0.32373072012170917,-0.2539682539682539,0.40350877192982454,0.5789473684210527,0.42105263157894735,0.2631578947368421,-0.4384828279287112,0.10621147463252723,-0.08819345661450928,Kevin Knox II | Jonny Flynn | Patrick Williams | Jalen Green | Hasheem Thabeet
xRAPM historical top15,risk,3,feel_iq_passing + creation_handle + athleticism_tools,57,-0.32373072012170917,-0.2539682539682539,0.40350877192982454,0.5789473684210527,0.42105263157894735,0.2631578947368421,-0.4384828279287112,0.10621147463252723,-0.08819345661450928,Kevin Knox II | Jonny Flynn | Patrick Williams | Jalen Green | Hasheem Thabeet
xRAPM historical mature,risk,3,upside_tools + defense + size_frame,60,-0.3233251793080834,-0.20955107526881728,0.38333333333333336,0.6,0.4,0.23333333333333334,-0.41083295852575974,0.04194847020933978,-0.09033816425120772,James Wiseman | Kevin Knox II | Fab Melo | Elijah Hughes | Justin Patton
xRAPM historical mature,risk,3,creation_handle + finishing_touch + defense,70,-0.321338915271063,-0.1558245614035089,0.4,0.5571428571428572,0.44285714285714284,0.18571428571428572,-0.40884669448873934,0.058615136876006446,-0.13795721187025534,Kevin Knox II | Jahlil Okafor | Justin Harper | Jalen Green | Vernon Carey Jr.
xRAPM historical mature,risk,3,motor_competitiveness + size_frame + production_stats,71,-0.3208548576731865,-0.3998360655737707,0.43661971830985913,0.5633802816901409,0.43661971830985913,0.28169014084507044,-0.40836263689086283,0.09523485518586555,-0.04198135673947062,James Wiseman | Kevin Knox II | Fab Melo | Justin Patton | Tyler Lydon
xRAPM historical top30,risk,3,shooting + upside_tools + defense,91,-0.3173349282006264,-0.188185483870968,0.38461538461538464,0.5824175824175825,0.4175824175824176,0.23076923076923078,-0.39776555599611196,0.06371986222732495,-0.10007654037504782,James Wiseman | Kevin Knox II | Jahlil Okafor | Fab Melo | Justin Patton
xRAPM historical top30,risk,2,creation_handle + upside_tools,53,-0.3148934217883306,-0.1056451612903224,0.3584905660377358,0.5283018867924528,0.4716981132075472,0.2830188679245283,-0.3953240495838161,0.03759504364967614,-0.047826903219750305,Kevin Knox II | Jahlil Okafor | Patrick Williams | Hasheem Thabeet | Thomas Robinson
xRAPM historical top30,risk,3,creation_handle + athleticism_tools + upside_tools,53,-0.3148934217883306,-0.1056451612903224,0.3584905660377358,0.5283018867924528,0.4716981132075472,0.2830188679245283,-0.3953240495838161,0.03759504364967614,-0.047826903219750305,Kevin Knox II | Jahlil Okafor | Patrick Williams | Hasheem Thabeet | Thomas Robinson
xRAPM historical mature,risk,3,shooting + creation_handle + production_stats,92,-0.30718019247711753,-0.27144260549748334,0.42391304347826086,0.5760869565217391,0.42391304347826086,0.2717391304347826,-0.39468797169479386,0.08252818035426729,-0.05193236714975846,Kevin Knox II | Jahlil Okafor | Josh Christopher | Patrick Williams | Tyler Lydon
xRAPM historical mature,risk,3,finishing_touch + size_frame + injury_medical,13,-0.30703048793917836,-0.0042063492063492,0.46153846153846156,0.5384615384615384,0.46153846153846156,0.3076923076923077,-0.3945382671568547,0.12015359841446799,-0.015979189892233348,James Wiseman | Stephen Zimmerman | Victor Claver | Arnett Moultrie | Dzanan Musa
xRAPM historical top30,risk,3,shooting + creation_handle + upside_tools,49,-0.30610176066568257,-0.1056451612903224,0.3469387755102041,0.5306122448979592,0.46938775510204084,0.2857142857142857,-0.3865323884611681,0.026043253122144394,-0.0451314854299929,Kevin Knox II | Jahlil Okafor | Patrick Williams | Hasheem Thabeet | Thomas Robinson
xRAPM historical top15,risk,3,creation_handle + defense + size_frame,26,-0.3039664650308296,-0.24378520225294414,0.38461538461538464,0.5769230769230769,0.4230769230769231,0.2692307692307692,-0.4187185728378316,0.08731808731808732,-0.08212058212058215,Kevin Knox II | Jonny Flynn | RJ Barrett | Shabazz Muhammad | Doug McDermott
xRAPM historical top15,risk,2,shooting + upside_tools,56,-0.303484448356078,-0.047573557878435695,0.3392857142857143,0.5357142857142857,0.4642857142857143,0.23214285714285715,-0.41823655616308003,0.04198841698841699,-0.11920849420849422,James Wiseman | Kevin Knox II | Jahlil Okafor | Patrick Williams | Hasheem Thabeet
xRAPM historical top15,risk,3,shooting + upside_tools + size_frame,24,-0.30221408636010805,-0.016587301587301498,0.3333333333333333,0.5416666666666666,0.4583333333333333,0.2916666666666667,-0.41696619416711006,0.036036036036036,-0.059684684684684686,James Wiseman | Kevin Knox II | Jabari Parker | Jordan Hill | John Henson
xRAPM historical mature,risk,3,feel_iq_passing + size_frame + injury_medical,23,-0.30147026882754474,-0.4254320987654325,0.43478260869565216,0.6086956521739131,0.391304347826087,0.2608695652173913,-0.38897804804522107,0.09339774557165859,-0.06280193236714976,James Wiseman | Mfiondu Kabengele | Victor Claver | Demetrius Jackson | Shabazz Muhammad
xRAPM historical top15,risk,3,shooting + creation_handle + motor_competitiveness,45,-0.3010509756462285,-0.1171031746031743,0.35555555555555557,0.5555555555555556,0.4444444444444444,0.24444444444444444,-0.4158030834532305,0.058258258258258255,-0.10690690690690693,Kevin Knox II | Josh Jackson | Jonny Flynn | Patrick Williams | Hasheem Thabeet
xRAPM historical mature,risk,3,defense + motor_competitiveness + production_stats,101,-0.30003752608124823,-0.4558245614035097,0.43564356435643564,0.5841584158415841,0.4158415841584158,0.25742574257425743,-0.3875453052989245,0.09425870123244207,-0.06624575501028362,James Wiseman | Kevin Knox II | Craig Brackins | Fab Melo | Justin Patton
xRAPM historical top30,risk,3,shooting + athleticism_tools + upside_tools,113,-0.2991698142500717,-0.2336021505376344,0.37168141592920356,0.584070796460177,0.415929203539823,0.24778761061946902,-0.37960044204555726,0.05078589354114388,-0.08305816052480958,James Wiseman | Kevin Knox II | Jahlil Okafor | Fab Melo | Patrick Williams
xRAPM historical mature,risk,3,upside_tools + motor_competitiveness + size_frame,48,-0.29788735129350036,-0.19155717282979273,0.3958333333333333,0.5625,0.4375,0.25,-0.3853951305111767,0.05444847020933974,-0.07367149758454106,James Wiseman | Kevin Knox II | Fab Melo | Justin Patton | Diamond Stone
xRAPM historical mature,risk,3,finishing_touch + production_stats + risk_uncertainty,25,-0.2948675810415437,-0.6233730158730157,0.48,0.56,0.44,0.24,-0.38237536025922003,0.1386151368760064,-0.08367149758454107,James Wiseman | Fab Melo | Victor Claver | Bismack Biyombo | Thon Maker
xRAPM historical mature,risk,2,upside_tools + production_stats,91,-0.29299704153082956,-0.3578306878306878,0.4175824175824176,0.6043956043956044,0.3956043956043956,0.25274725274725274,-0.3805048207485059,0.07619755445842402,-0.07092424483728832,James Wiseman | Kevin Knox II | Jahlil Okafor | Fab Melo | Patrick Williams
xRAPM historical mature,risk,3,athleticism_tools + upside_tools + production_stats,91,-0.29299704153082956,-0.3578306878306878,0.4175824175824176,0.6043956043956044,0.3956043956043956,0.25274725274725274,-0.3805048207485059,0.07619755445842402,-0.07092424483728832,James Wiseman | Kevin Knox II | Jahlil Okafor | Fab Melo | Patrick Williams
xRAPM historical top30,risk,2,shooting + upside_tools,115,-0.2899773279474939,-0.2336021505376344,0.3739130434782609,0.5826086956521739,0.41739130434782606,0.25217391304347825,-0.37040795574297947,0.05301752109020119,-0.07867185810080035,James Wiseman | Kevin Knox II | Jahlil Okafor | Fab Melo | Patrick Williams
xRAPM historical mature,risk,3,shooting + finishing_touch + upside_tools,65,-0.2897546896677287,-0.101155913978495,0.38461538461538464,0.5384615384615384,0.46153846153846156,0.23076923076923078,-0.37726246888540504,0.04323052149139106,-0.09290226681531027,James Wiseman | Kevin Knox II | Jahlil Okafor | Fab Melo | Patrick Williams
xRAPM historical mature,risk,3,finishing_touch + upside_tools + motor_competitiveness,46,-0.28756804486750537,0.0426190476190478,0.391304347826087,0.5,0.5,0.2608695652173913,-0.3750758240851817,0.0499194847020934,-0.06280193236714976,James Wiseman | Kevin Knox II | Fab Melo | Patrick Williams | Justin Patton
xRAPM historical mature,risk,3,feel_iq_passing + size_frame + production_stats,72,-0.28646301034994576,-0.2124721469436916,0.4027777777777778,0.5972222222222222,0.4027777777777778,0.2638888888888889,-0.3739707895676221,0.061392914653784214,-0.05978260869565216,James Wiseman | Kevin Knox II | Fab Melo | Tyler Lydon | Victor Claver
xRAPM historical mature,risk,3,feel_iq_passing + shooting + creation_handle,151,-0.2852837930182869,-0.3833730158730155,0.4304635761589404,0.6026490066225165,0.3973509933774834,0.2582781456953642,-0.37279157223596315,0.0890787130349468,-0.06539335188917683,Kevin Knox II | Josh Christopher | Jonny Flynn | Patrick Williams | Travis Leslie
xRAPM historical top15,risk,2,creation_handle + defense,62,-0.2830177683866468,-0.03396825396825385,0.3548387096774194,0.5161290322580645,0.4838709677419355,0.22580645161290322,-0.3977698761936488,0.05754141238012206,-0.12554489973844815,Kevin Knox II | Jahlil Okafor | Jonny Flynn | Jalen Green | Thomas Robinson
xRAPM historical top15,risk,3,creation_handle + athleticism_tools + defense,62,-0.2830177683866468,-0.03396825396825385,0.3548387096774194,0.5161290322580645,0.4838709677419355,0.22580645161290322,-0.3977698761936488,0.05754141238012206,-0.12554489973844815,Kevin Knox II | Jahlil Okafor | Jonny Flynn | Jalen Green | Thomas Robinson
xRAPM historical mature,risk,3,feel_iq_passing + creation_handle + defense,122,-0.28064346891624314,-0.25757867820613684,0.4262295081967213,0.5983606557377049,0.4016393442622951,0.2540983606557377,-0.3681512481339194,0.08484464507272771,-0.06957313692880335,Kevin Knox II | Jonny Flynn | Tyler Lydon | Jalen Green | Nemanja Nedovic
xRAPM historical top15,risk,3,feel_iq_passing + upside_tools + defense,29,-0.2802505339125363,0.0410317460317459,0.3103448275862069,0.4827586206896552,0.5172413793103449,0.1724137931034483,-0.3950026417195383,0.013047530288909592,-0.17893755824790308,James Wiseman | Kevin Knox II | James Bouknight | Marvin Bagley III | Noah Vonleh
xRAPM historical mature,risk,3,shooting + upside_tools + size_frame,71,-0.28008316984130566,-0.2254320987654323,0.38028169014084506,0.5915492957746479,0.4084507042253521,0.2676056338028169,-0.36759094905898193,0.03889682701685149,-0.05606586378172418,James Wiseman | Kevin Knox II | Fab Melo | Elijah Hughes | Justin Patton
xRAPM historical top30,risk,3,athleticism_tools + upside_tools + defense,98,-0.2795103379388242,-0.16884883949645957,0.37755102040816324,0.5714285714285714,0.42857142857142855,0.22448979591836735,-0.3599409657343097,0.056655498020103556,-0.10635597522591125,James Wiseman | Kevin Knox II | Jahlil Okafor | Fab Melo | Justin Patton
xRAPM historical top15,risk,3,feel_iq_passing + athleticism_tools + production_stats,49,-0.27830531423002786,-0.1736021505376342,0.3877551020408163,0.5714285714285714,0.42857142857142855,0.2653061224489796,-0.39305742203702987,0.090457804743519,-0.08604522890237176,James Wiseman | Kevin Knox II | Patrick Williams | Jalen Green | Malik Monk
xRAPM historical top15,risk,2,upside_tools + size_frame,25,-0.2778906022707831,-0.0042063492063492,0.32,0.52,0.48,0.28,-0.3926427100777851,0.022702702702702693,-0.07135135135135134,James Wiseman | Kevin Knox II | Jabari Parker | Jordan Hill | John Henson
xRAPM historical top15,risk,3,athleticism_tools + upside_tools + size_frame,25,-0.2778906022707831,-0.0042063492063492,0.32,0.52,0.48,0.28,-0.3926427100777851,0.022702702702702693,-0.07135135135135134,James Wiseman | Kevin Knox II | Jabari Parker | Jordan Hill | John Henson
xRAPM historical top15,risk,2,feel_iq_passing + production_stats,50,-0.27784344074966016,-0.21440689537463709,0.38,0.58,0.42,0.26,-0.3925955485566622,0.08270270270270269,-0.09135135135135136,James Wiseman | Kevin Knox II | Patrick Williams | Jalen Green | Malik Monk
xRAPM historical top30,risk,2,upside_tools + risk_uncertainty,40,-0.27659849641599255,-0.44752385289270546,0.375,0.65,0.35,0.15,-0.3570291242114781,0.054104477611940316,-0.1808457711442786,James Wiseman | Fab Melo | James Bouknight | Tyler Honeycutt | Kevin Seraphin
xRAPM historical mature,risk,3,defense + size_frame + production_stats,84,-0.2747912615344738,-0.22766837826272976,0.38095238095238093,0.5833333333333334,0.4166666666666667,0.25,-0.36229904075215014,0.039567517828387355,-0.07367149758454106,James Wiseman | Kevin Knox II | Fab Melo | Justin Patton | Tyler Lydon
xRAPM historical mature,risk,3,upside_tools + defense + motor_competitiveness,72,-0.27291359210861993,-0.19155717282979273,0.3888888888888889,0.5694444444444444,0.4305555555555556,0.25,-0.36042137132629626,0.04750402576489532,-0.07367149758454106,James Wiseman | Kevin Knox II | Fab Melo | Justin Patton | Diamond Stone
xRAPM historical mature,risk,2,finishing_touch + injury_medical,22,-0.27236829587652706,-0.22717413034786083,0.4090909090909091,0.5909090909090909,0.4090909090909091,0.2727272727272727,-0.3598760750942034,0.06770604596691554,-0.05094422485726835,James Wiseman | Stephen Zimmerman | Victor Claver | Arnett Moultrie | Tibor Pleiss
xRAPM historical mature,risk,3,finishing_touch + athleticism_tools + injury_medical,22,-0.27236829587652706,-0.22717413034786083,0.4090909090909091,0.5909090909090909,0.4090909090909091,0.2727272727272727,-0.3598760750942034,0.06770604596691554,-0.05094422485726835,James Wiseman | Stephen Zimmerman | Victor Claver | Arnett Moultrie | Tibor Pleiss
xRAPM historical top30,risk,2,upside_tools + size_frame,55,-0.2720779856888414,-0.1495121951219511,0.34545454545454546,0.5636363636363636,0.43636363636363634,0.2727272727272727,-0.35250861348432694,0.024559023066485774,-0.05811849841700589,James Wiseman | Kevin Knox II | Fab Melo | Justin Patton | Tyler Bey
xRAPM historical top30,risk,3,athleticism_tools + upside_tools + size_frame,55,-0.2720779856888414,-0.1495121951219511,0.34545454545454546,0.5636363636363636,0.43636363636363634,0.2727272727272727,-0.35250861348432694,0.024559023066485774,-0.05811849841700589,James Wiseman | Kevin Knox II | Fab Melo | Justin Patton | Tyler Bey
xRAPM historical mature,risk,3,creation_handle + defense + production_stats,80,-0.2718330177703879,-0.22951219512195115,0.4375,0.5625,0.4375,0.2625,-0.3593407969880642,0.09611513687600642,-0.061171497584541046,Kevin Knox II | Jahlil Okafor | Tyler Lydon | Jalen Green | Trey Thompkins
xRAPM historical top30,risk,2,upside_tools + defense,100,-0.26933216821708483,-0.16884883949645957,0.38,0.57,0.43,0.23,-0.3497627960125704,0.05910447761194032,-0.10084577114427859,James Wiseman | Kevin Knox II | Jahlil Okafor | Fab Melo | Justin Patton
xRAPM historical top15,risk,2,creation_handle + athleticism_tools,83,-0.26538213480362116,-0.2336021505376344,0.37349397590361444,0.5421686746987951,0.4578313253012048,0.26506024096385544,-0.3801342426106232,0.07619667860631713,-0.08629111038749593,Kevin Knox II | Jahlil Okafor | Josh Jackson | Jonny Flynn | Patrick Williams
xRAPM historical mature,risk,3,shooting + production_stats + risk_uncertainty,55,-0.2650961448128782,-0.5152116402116402,0.41818181818181815,0.6181818181818182,0.38181818181818183,0.23636363636363636,-0.3526039240305545,0.07679695505782458,-0.0873078612209047,James Wiseman | Fab Melo | Tyler Lydon | Victor Claver | Bismack Biyombo
xRAPM historical top30,risk,3,feel_iq_passing + shooting + production_stats,98,-0.26145881532040477,-0.22128968253968234,0.37755102040816324,0.5918367346938775,0.40816326530612246,0.24489795918367346,-0.3418894431158903,0.056655498020103556,-0.08594781196060514,James Wiseman | Kevin Knox II | Craig Brackins | Fab Melo | Patrick Williams
xRAPM historical mature,risk,3,size_frame + production_stats + risk_uncertainty,34,-0.26117781890955033,-0.32930074883626836,0.4117647058823529,0.6176470588235294,0.38235294117647056,0.29411764705882354,-0.34868559812722666,0.07037984275835935,-0.029553850525717518,James Wiseman | Fab Melo | Tyler Lydon | Victor Claver | Bismack Biyombo
xRAPM historical mature,risk,3,creation_handle + defense + motor_competitiveness,89,-0.2590214997702817,-0.1558245614035089,0.38202247191011235,0.5617977528089888,0.43820224719101125,0.2247191011235955,-0.34652927898795804,0.04063760878611877,-0.09895239646094556,Kevin Knox II | Jonny Flynn | Tyler Lydon | Trey Thompkins | Vernon Carey Jr.
xRAPM historical top30,risk,2,size_frame + injury_medical,21,-0.2590083653670255,-0.0042063492063492,0.38095238095238093,0.5238095238095238,0.47619047619047616,0.2857142857142857,-0.339438993162511,0.06005685856432125,-0.0451314854299929,James Wiseman | Anthony Bennett | Mfiondu Kabengele | Shabazz Muhammad | Alex Len
xRAPM historical top30,risk,3,athleticism_tools + size_frame + injury_medical,21,-0.2590083653670255,-0.0042063492063492,0.38095238095238093,0.5238095238095238,0.47619047619047616,0.2857142857142857,-0.339438993162511,0.06005685856432125,-0.0451314854299929,James Wiseman | Anthony Bennett | Mfiondu Kabengele | Shabazz Muhammad | Alex Len
xRAPM historical mature,risk,3,shooting + creation_handle + athleticism_tools,211,-0.25748290937362484,-0.3433730158730157,0.3981042654028436,0.5829383886255924,0.41706161137440756,0.2559241706161137,-0.3449906885913011,0.05671940227885003,-0.06774732696842733,Kevin Knox II | Jahlil Okafor | Josh Jackson | Josh Christopher | Royce White
xRAPM historical mature,risk,3,shooting + creation_handle + motor_competitiveness,108,-0.2567806109112723,-0.21655717282979264,0.4074074074074074,0.5740740740740741,0.42592592592592593,0.26851851851851855,-0.34428839012894863,0.06602254428341381,-0.05515297906602251,Kevin Knox II | Josh Jackson | Jonny Flynn | Patrick Williams | Tyler Lydon
xRAPM historical mature,risk,3,finishing_touch + athleticism_tools + upside_tools,75,-0.25634582901399067,-0.279512195121951,0.38666666666666666,0.56,0.44,0.22666666666666666,-0.343853608231667,0.04528180354267308,-0.0970048309178744,James Wiseman | Kevin Knox II | Jahlil Okafor | Fab Melo | Patrick Williams
xRAPM historical top30,risk,3,feel_iq_passing + creation_handle + finishing_touch,49,-0.25539089325414555,-0.1198360655737704,0.3877551020408163,0.5306122448979592,0.46938775510204084,0.2653061224489796,-0.3358215210496311,0.06685957965275663,-0.06553964869529899,Kevin Knox II | Patrick Williams | Jalen Green | Hasheem Thabeet | Vernon Carey Jr.
xRAPM historical top30,risk,3,athleticism_tools + upside_tools + risk_uncertainty,39,-0.25400279920023106,-0.3798360655737707,0.358974358974359,0.6410256410256411,0.358974358974359,0.15384615384615385,-0.3344334269957166,0.03807883658629929,-0.17699961729812475,James Wiseman | Fab Melo | James Bouknight | Tyler Honeycutt | Kevin Seraphin
xRAPM historical mature,risk,3,shooting + upside_tools + defense,120,-0.2528685694581717,-0.2606503759398495,0.4,0.6,0.4,0.24166666666666667,-0.340376348675848,0.058615136876006446,-0.08200483091787439,James Wiseman | Kevin Knox II | Jahlil Okafor | Fab Melo | Elijah Hughes
xRAPM historical top30,risk,3,creation_handle + upside_tools + defense,42,-0.25042000742717724,0.0060317460317460495,0.3333333333333333,0.5,0.5,0.2619047619047619,-0.3308506352226628,0.01243781094527363,-0.06894100923951668,Kevin Knox II | Jahlil Okafor | Thomas Robinson | Vernon Carey Jr. | James Young
xRAPM historical mature,risk,2,finishing_touch + production_stats,83,-0.24981608324385837,-0.1748360655737706,0.39759036144578314,0.5542168674698795,0.4457831325301205,0.26506024096385544,-0.3373238624615347,0.05620549832178956,-0.058611256620685614,James Wiseman | Kevin Knox II | Jahlil Okafor | Craig Brackins | Fab Melo
xRAPM historical mature,risk,3,finishing_touch + athleticism_tools + production_stats,83,-0.24981608324385837,-0.1748360655737706,0.39759036144578314,0.5542168674698795,0.4457831325301205,0.26506024096385544,-0.3373238624615347,0.05620549832178956,-0.058611256620685614,James Wiseman | Kevin Knox II | Jahlil Okafor | Craig Brackins | Fab Melo
xRAPM historical top30,risk,3,feel_iq_passing + upside_tools + risk_uncertainty,33,-0.24788532229947075,-0.5152116402116402,0.3939393939393939,0.6060606060606061,0.3939393939393939,0.18181818181818182,-0.3283159500949563,0.07304387155133424,-0.14902758932609678,James Wiseman | Fab Melo | James Bouknight | Tyler Honeycutt | Kevin Seraphin
xRAPM historical mature,risk,3,feel_iq_passing + creation_handle + athleticism_tools,157,-0.24763217456905248,-0.2595121951219514,0.42038216560509556,0.5923566878980892,0.40764331210191085,0.27388535031847133,-0.3351399537867288,0.07899730248110198,-0.049786147266069725,Kevin Knox II | Josh Christopher | Jonny Flynn | Patrick Williams | Travis Leslie
xRAPM historical top30,risk,2,shooting + injury_medical,41,-0.24580579905087918,-0.3936021505376344,0.3902439024390244,0.5853658536585366,0.4146341463414634,0.21951219512195122,-0.3262364268463647,0.06934838005096472,-0.11133357602232738,James Wiseman | Mfiondu Kabengele | Brice Johnson | Rashad Vaughn | Shabazz Muhammad
xRAPM historical top15,risk,3,feel_iq_passing + finishing_touch + motor_competitiveness,29,-0.24566709635159995,-0.0289682539682538,0.3793103448275862,0.5172413793103449,0.4827586206896552,0.3448275862068966,-0.36041920415860196,0.08201304753028887,-0.006523765144454796,James Wiseman | Kevin Knox II | Patrick Williams | Hasheem Thabeet | Marquese Chriss
xRAPM historical top30,risk,3,feel_iq_passing + motor_competitiveness + production_stats,71,-0.2445027549740124,-0.1748360655737706,0.4084507042253521,0.5774647887323944,0.4225352112676056,0.2676056338028169,-0.3249333827694979,0.08755518183729244,-0.06324013734146172,James Wiseman | Kevin Knox II | Craig Brackins | Fab Melo | Patrick Williams
xRAPM historical top30,risk,3,feel_iq_passing + shooting + creation_handle,105,-0.24259274037847045,-0.2539682539682539,0.38095238095238093,0.5714285714285714,0.42857142857142855,0.26666666666666666,-0.323023368173956,0.06005685856432125,-0.06417910447761194,Kevin Knox II | Jonny Flynn | Patrick Williams | Jalen Green | Trey Thompkins
xRAPM historical top30,risk,2,athleticism_tools + upside_tools,127,-0.2423806492520278,-0.2336021505376344,0.36220472440944884,0.5748031496062992,0.4251968503937008,0.25196850393700787,-0.32281127704751333,0.04130920202138916,-0.07887726720727073,James Wiseman | Kevin Knox II | Jahlil Okafor | Fab Melo | Patrick Williams
xRAPM historical mature,risk,3,shooting + finishing_touch + injury_medical,18,-0.24065746809915486,-0.22717413034786083,0.3888888888888889,0.6111111111111112,0.3888888888888889,0.2222222222222222,-0.32816524731683117,0.04750402576489532,-0.10144927536231885,James Wiseman | Victor Claver | Arnett Moultrie | Harry Giles III | Daniel Orton
xRAPM historical mature,risk,3,creation_handle + motor_competitiveness + production_stats,56,-0.24062363107366386,-0.3395121951219511,0.4642857142857143,0.5714285714285714,0.42857142857142855,0.30357142857142855,-0.3281314102913402,0.12290085116172073,-0.02010006901311251,Kevin Knox II | Patrick Williams | Tyler Lydon | Tony Mitchell | Trey Thompkins
xRAPM historical mature,risk,3,feel_iq_passing + motor_competitiveness + production_stats,92,-0.23936846022826258,-0.46766837826273044,0.43478260869565216,0.5869565217391305,0.41304347826086957,0.2826086956521739,-0.3268762394459389,0.09339774557165859,-0.041062801932367166,James Wiseman | Kevin Knox II | Craig Brackins | Fab Melo | Patrick Williams
xRAPM historical top15,risk,2,feel_iq_passing + upside_tools,41,-0.23885013661539242,-0.0042063492063492,0.34146341463414637,0.5121951219512195,0.4878048780487805,0.24390243902439024,-0.35360224442239446,0.04416611733684905,-0.10744891232696113,James Wiseman | Kevin Knox II | Patrick Williams | Hasheem Thabeet | Wesley Johnson
xRAPM historical top15,risk,3,feel_iq_passing + athleticism_tools + upside_tools,41,-0.23885013661539242,-0.0042063492063492,0.34146341463414637,0.5121951219512195,0.4878048780487805,0.24390243902439024,-0.35360224442239446,0.04416611733684905,-0.10744891232696113,James Wiseman | Kevin Knox II | Patrick Williams | Hasheem Thabeet | Wesley Johnson
xRAPM historical top30,risk,3,shooting + creation_handle + production_stats,63,-0.23859809490839143,-0.3433730158730157,0.3968253968253968,0.5714285714285714,0.42857142857142855,0.2857142857142857,-0.31902872270387694,0.07592987443733712,-0.0451314854299929,Kevin Knox II | Jahlil Okafor | Patrick Williams | Jalen Green | Tony Mitchell
xRAPM historical top30,risk,3,shooting + creation_handle + finishing_touch,60,-0.23796283378183117,0.0060317460317460495,0.36666666666666664,0.5,0.5,0.26666666666666666,-0.31839346157731674,0.04577114427860696,-0.06417910447761194,Kevin Knox II | Jahlil Okafor | Patrick Williams | Justin Harper | Jalen Green
xRAPM historical mature,risk,3,creation_handle + upside_tools + defense,54,-0.2376744644902675,-0.0650620839733744,0.37037037037037035,0.5185185185185185,0.48148148148148145,0.25925925925925924,-0.3251822437079438,0.028985507246376774,-0.06441223832528181,Kevin Knox II | Jahlil Okafor | Thomas Robinson | Vernon Carey Jr. | James Young
xRAPM historical top30,risk,3,shooting + creation_handle + size_frame,56,-0.23760136038664784,-0.29867063492063484,0.375,0.5714285714285714,0.42857142857142855,0.2857142857142857,-0.3180319881821334,0.054104477611940316,-0.0451314854299929,Kevin Knox II | Royce White | Jonny Flynn | Justin Harper | Vernon Carey Jr.
xRAPM historical mature,risk,3,shooting + size_frame + injury_medical,27,-0.23737220683844076,-0.4254320987654325,0.4074074074074074,0.5925925925925926,0.4074074074074074,0.25925925925925924,-0.32487998605611706,0.06602254428341381,-0.06441223832528181,James Wiseman | Mfiondu Kabengele | Victor Claver | Demetrius Jackson | Shabazz Muhammad
xRAPM historical top15,risk,2,athleticism_tools + production_stats,64,-0.23695569845538483,-0.14535266257040425,0.375,0.5625,0.4375,0.28125,-0.35170780626238685,0.07770270270270269,-0.07010135135135137,James Wiseman | Kevin Knox II | Jahlil Okafor | Patrick Williams | Jalen Green
xRAPM historical top15,risk,3,feel_iq_passing + shooting + finishing_touch,41,-0.2358769477360105,-0.0042063492063492,0.36585365853658536,0.5121951219512195,0.4878048780487805,0.2682926829268293,-0.35062905554301255,0.06855636123928804,-0.08305866842452209,James Wiseman | Kevin Knox II | Patrick Williams | Jalen Green | Hasheem Thabeet
xRAPM historical mature,risk,2,shooting + creation_handle,224,-0.23429140953997402,-0.2548067076292881,0.39285714285714285,0.5758928571428571,0.42410714285714285,0.2544642857142857,-0.32179918875765035,0.05147227973314927,-0.06920721187025536,Kevin Knox II | Jahlil Okafor | Josh Jackson | Josh Christopher | Royce White
xRAPM historical top30,risk,3,shooting + creation_handle + defense,107,-0.23329676349500308,-0.2336021505376344,0.3644859813084112,0.5420560747663551,0.45794392523364486,0.2336448598130841,-0.31372739129048866,0.043590458920351516,-0.09720091133119449,Kevin Knox II | Jahlil Okafor | Jonny Flynn | Justin Harper | Jalen Green
xRAPM historical top30,risk,3,feel_iq_passing + creation_handle + motor_competitiveness,66,-0.23248334028685327,-0.11137416794674836,0.3787878787878788,0.5454545454545454,0.45454545454545453,0.2878787878787879,-0.31291396808233884,0.0578923563998191,-0.0429669832654907,Kevin Knox II | Jonny Flynn | Patrick Williams | Trey Thompkins | Hasheem Thabeet
xRAPM historical top30,risk,3,feel_iq_passing + size_frame + injury_medical,16,-0.23243457198747064,-0.2597089947089947,0.4375,0.5625,0.4375,0.25,-0.3128651997829562,0.11660447761194032,-0.0808457711442786,James Wiseman | Mfiondu Kabengele | Shabazz Muhammad | Alex Len | Arnett Moultrie
xRAPM historical mature,risk,2,finishing_touch + upside_tools,76,-0.23170144989371472,-0.2724941927990707,0.3815789473684211,0.5526315789473685,0.4473684210526316,0.23684210526315788,-0.31920922911139105,0.0401940842444275,-0.08682939232138318,James Wiseman | Kevin Knox II | Jahlil Okafor | Fab Melo | Patrick Williams
xRAPM historical mature,risk,2,upside_tools + injury_medical,25,-0.23130681715480172,-0.3798360655737707,0.32,0.64,0.36,0.16,-0.318814596372478,-0.02138486312399357,-0.16367149758454105,James Wiseman | Kevin Seraphin | Zhou Qi | Arnett Moultrie | Damian Jones
xRAPM historical mature,risk,3,shooting + upside_tools + injury_medical,25,-0.23130681715480172,-0.3798360655737707,0.32,0.64,0.36,0.16,-0.318814596372478,-0.02138486312399357,-0.16367149758454105,James Wiseman | Kevin Seraphin | Zhou Qi | Arnett Moultrie | Damian Jones
xRAPM historical mature,risk,3,feel_iq_passing + creation_handle + finishing_touch,63,-0.23080304349117378,-0.1198360655737704,0.4126984126984127,0.5396825396825397,0.4603174603174603,0.25396825396825395,-0.3183108227088501,0.0713135495744191,-0.0697032436162871,Kevin Knox II | Patrick Williams | Jalen Green | Hasheem Thabeet | Vernon Carey Jr.
xRAPM historical top30,risk,3,shooting + upside_tools + risk_uncertainty,37,-0.22934321934862054,-0.3798360655737707,0.35135135135135137,0.6216216216216216,0.3783783783783784,0.16216216216216217,-0.30977384714410605,0.030455828963291687,-0.16868360898211643,James Wiseman | Fab Melo | James Bouknight | Tyler Honeycutt | Kevin Seraphin
xRAPM historical top30,risk,3,feel_iq_passing + athleticism_tools + production_stats,106,-0.2282840199990619,-0.21830768486256286,0.37735849056603776,0.5849056603773585,0.41509433962264153,0.25471698113207547,-0.30871464779454744,0.05646296817797808,-0.07612879001220313,James Wiseman | Kevin Knox II | Craig Brackins | Fab Melo | Patrick Williams
xRAPM historical top15,risk,3,feel_iq_passing + creation_handle + defense,43,-0.2256702369402128,-0.0389682539682539,0.37209302325581395,0.5348837209302325,0.46511627906976744,0.2558139534883721,-0.34042234474721483,0.07479572595851663,-0.09553739786297927,Kevin Knox II | Jonny Flynn | Jalen Green | Malik Monk | Jimmer Fredette
xRAPM historical mature,risk,3,creation_handle + defense + size_frame,78,-0.2237576921652638,-0.21655717282979264,0.3717948717948718,0.5769230769230769,0.4230769230769231,0.24358974358974358,-0.31126547138294014,0.03041000867087823,-0.08008175399479747,Kevin Knox II | Jonny Flynn | Tyler Lydon | Justin Harper | Vernon Carey Jr.
xRAPM historical top30,risk,3,shooting + athleticism_tools + injury_medical,40,-0.22300517683138396,-0.38671910805570253,0.375,0.575,0.425,0.225,-0.3034358046268695,0.054104477611940316,-0.1058457711442786,James Wiseman | Mfiondu Kabengele | Brice Johnson | Rashad Vaughn | Shabazz Muhammad
xRAPM historical top30,risk,3,feel_iq_passing + creation_handle + production_stats,60,-0.2228661844743243,-0.1896741303478609,0.4,0.5666666666666667,0.43333333333333335,0.3,-0.30329681226980987,0.07910447761194034,-0.03084577114427861,Kevin Knox II | Patrick Williams | Jalen Green | Trey Thompkins | Malik Monk
xRAPM historical top15,risk,3,creation_handle + defense + motor_competitiveness,35,-0.22087734369105597,-0.0289682539682538,0.3142857142857143,0.5142857142857142,0.4857142857142857,0.22857142857142856,-0.335629451498058,0.016988416988416966,-0.1227799227799228,Kevin Knox II | Jonny Flynn | Dragan Bender | Shabazz Muhammad | Noah Vonleh
xRAPM historical mature,risk,2,feel_iq_passing + creation_handle,163,-0.2200534821872818,-0.2595121951219514,0.4233128834355828,0.588957055214724,0.4110429447852761,0.27607361963190186,-0.3075612614049581,0.08192802031158924,-0.0475978779526392,Kevin Knox II | Josh Christopher | Jonny Flynn | Patrick Williams | Travis Leslie
xRAPM historical mature,risk,3,feel_iq_passing + upside_tools + production_stats,72,-0.21965056611455858,-0.24545414462081136,0.375,0.5833333333333334,0.4166666666666667,0.25,-0.30715834533223485,0.033615136876006424,-0.07367149758454106,James Wiseman | Kevin Knox II | Fab Melo | Patrick Williams | James Young
xRAPM historical top15,risk,3,feel_iq_passing + creation_handle + motor_competitiveness,34,-0.21913678792711896,-0.03396825396825385,0.3235294117647059,0.5294117647058824,0.47058823529411764,0.29411764705882354,-0.333888895734121,0.026232114467408585,-0.05723370429252783,Kevin Knox II | Jonny Flynn | Patrick Williams | Hasheem Thabeet | Killian Hayes
xRAPM historical mature,risk,2,creation_handle + defense,181,-0.21748957273259617,-0.2336021505376344,0.39226519337016574,0.569060773480663,0.430939226519337,0.23204419889502761,-0.30499735195027244,0.05088033024617217,-0.09162729868951344,Kevin Knox II | Jahlil Okafor | Jonny Flynn | Tyler Lydon | Justin Harper
xRAPM historical mature,risk,3,shooting + upside_tools + motor_competitiveness,87,-0.2172765571041289,-0.2336021505376344,0.367816091954023,0.5747126436781609,0.42528735632183906,0.27586206896551724,-0.30478433632180524,0.026431228830029407,-0.04780942861902382,James Wiseman | Kevin Knox II | Fab Melo | Patrick Williams | Justin Patton
xRAPM historical top30,risk,3,defense + size_frame + injury_medical,19,-0.21595285495453198,-0.0042063492063492,0.3684210526315789,0.5263157894736842,0.47368421052631576,0.2631578947368421,-0.2963834827500175,0.04752553024351924,-0.06768787640743651,James Wiseman | Anthony Bennett | Shabazz Muhammad | Alex Len | Arnett Moultrie
xRAPM historical mature,risk,2,creation_handle + production_stats,101,-0.21491392482712587,-0.1995121951219509,0.4158415841584158,0.5643564356435643,0.43564356435643564,0.2871287128712871,-0.3024217040448022,0.07445672103442225,-0.03654278471325395,Kevin Knox II | Jahlil Okafor | Josh Christopher | Patrick Williams | Tyler Lydon
xRAPM historical top30,risk,3,creation_handle + athleticism_tools + production_stats,68,-0.21309818541685663,-0.3014426054974836,0.39705882352941174,0.5735294117647058,0.4264705882352941,0.29411764705882354,-0.29352881321234214,0.07616330114135206,-0.03672812408545506,Kevin Knox II | Jahlil Okafor | Patrick Williams | Jalen Green | Tony Mitchell
xRAPM historical top30,risk,2,feel_iq_passing + production_stats,109,-0.21278929962328308,-0.25521164021164,0.3761467889908257,0.5871559633027523,0.41284403669724773,0.25688073394495414,-0.2932199274187686,0.055251266602766025,-0.07396503719932446,James Wiseman | Kevin Knox II | Craig Brackins | Fab Melo | Patrick Williams
xRAPM historical mature,risk,3,finishing_touch + upside_tools + defense,56,-0.212410069808417,-0.016587301587301498,0.35714285714285715,0.5178571428571429,0.48214285714285715,0.23214285714285715,-0.2999178490260933,0.015757994018863575,-0.0915286404416839,James Wiseman | Kevin Knox II | Jahlil Okafor | Fab Melo | Justin Patton
xRAPM historical mature,risk,3,finishing_touch + injury_medical + risk_uncertainty,12,-0.21115859350964838,-0.19202120739005996,0.4166666666666667,0.5833333333333334,0.4166666666666667,0.25,-0.29866637272732466,0.07528180354267311,-0.07367149758454106,James Wiseman | Victor Claver | Tibor Pleiss | Harry Giles III | Solomon Alabi
xRAPM historical mature,risk,3,creation_handle + athleticism_tools + production_stats,98,-0.21087835013869508,-0.1903579494128271,0.40816326530612246,0.5612244897959183,0.4387755102040816,0.2857142857142857,-0.2983861293563714,0.06677840218212888,-0.03795721187025536,Kevin Knox II | Jahlil Okafor | Josh Christopher | Patrick Williams | Tyler Lydon
xRAPM historical mature,risk,3,feel_iq_passing + shooting + production_stats,142,-0.21056690610030676,-0.2724941927990707,0.39436619718309857,0.6056338028169014,0.39436619718309857,0.2605633802816901,-0.2980746853179831,0.05298133405910499,-0.06310811730285093,James Wiseman | Kevin Knox II | Craig Brackins | Josh Christopher | Fab Melo
xRAPM historical top15,risk,2,defense + production_stats,54,-0.2098438378563097,-0.016587301587301498,0.37037037037037035,0.5185185185185185,0.48148148148148145,0.2962962962962963,-0.32459594566331174,0.07307307307307304,-0.05505505505505509,James Wiseman | Kevin Knox II | Jahlil Okafor | Jalen Green | Thomas Robinson
xRAPM historical top15,risk,3,athleticism_tools + defense + production_stats,54,-0.2098438378563097,-0.016587301587301498,0.37037037037037035,0.5185185185185185,0.48148148148148145,0.2962962962962963,-0.32459594566331174,0.07307307307307304,-0.05505505505505509,James Wiseman | Kevin Knox II | Jahlil Okafor | Jalen Green | Thomas Robinson
xRAPM historical top30,risk,3,feel_iq_passing + shooting + motor_competitiveness,132,-0.20956178120933905,-0.30740292712066913,0.38636363636363635,0.5833333333333334,0.4166666666666667,0.2803030303030303,-0.2899924090048246,0.06546811397557667,-0.050542740841248324,James Wiseman | Kevin Knox II | Craig Brackins | Jonny Flynn | Fab Melo
xRAPM historical mature,risk,3,creation_handle + upside_tools + motor_competitiveness,40,-0.20914847480320037,-0.11137416794674836,0.35,0.575,0.425,0.275,-0.2966562540208767,0.008615136876006402,-0.048671497584541035,Kevin Knox II | Patrick Williams | Hasheem Thabeet | Vernon Carey Jr. | James Young
xRAPM historical top15,risk,3,feel_iq_passing + shooting + upside_tools,40,-0.20721623130061845,0.01841269841269835,0.325,0.5,0.5,0.25,-0.32196833910762046,0.027702702702702697,-0.10135135135135137,James Wiseman | Kevin Knox II | Patrick Williams | Hasheem Thabeet | Wesley Johnson
xRAPM historical mature,risk,3,shooting + size_frame + production_stats,92,-0.20693672541991645,-0.19250609756097553,0.3695652173913043,0.5652173913043478,0.43478260869565216,0.29347826086956524,-0.29444450463759275,0.028180354267310748,-0.030193236714975813,James Wiseman | Kevin Knox II | Fab Melo | Justin Patton | Tyler Lydon
xRAPM historical mature,risk,3,creation_handle + athleticism_tools + defense,177,-0.2066337902087491,-0.1995121951219509,0.384180790960452,0.5649717514124294,0.4350282485875706,0.23163841807909605,-0.29414156942642544,0.042795927836458414,-0.09203307950544501,Kevin Knox II | Jahlil Okafor | Jonny Flynn | Tyler Lydon | Justin Harper
xRAPM historical top30,risk,3,upside_tools + size_frame + risk_uncertainty,17,-0.20660543057156436,-0.2978306878306882,0.29411764705882354,0.5882352941176471,0.4117647058823529,0.23529411764705882,-0.28703605836704993,-0.026777875329236145,-0.09555165349721978,James Wiseman | Fab Melo | Tyler Honeycutt | Julius Randle | Shane Larkin
xRAPM historical top30,risk,3,feel_iq_passing + shooting + upside_tools,87,-0.20557939042380835,-0.1171031746031743,0.3563218390804598,0.5632183908045977,0.4367816091954023,0.27586206896551724,-0.2860100182192939,0.035426316692400095,-0.05498370217876136,James Wiseman | Kevin Knox II | Fab Melo | Patrick Williams | Rakeem Christmas
xRAPM historical mature,risk,3,upside_tools + motor_competitiveness + risk_uncertainty,29,-0.20464174341801838,-0.3798360655737707,0.3448275862068966,0.5862068965517241,0.41379310344827586,0.1724137931034483,-0.2921495226356947,0.0034427230829029987,-0.15125770448109277,James Wiseman | Fab Melo | Tyler Honeycutt | Marvin Bagley III | Julius Randle
xRAPM historical top30,risk,2,shooting + creation_handle,147,-0.20334510921229548,-0.2336021505376344,0.36054421768707484,0.54421768707483,0.4557823129251701,0.2653061224489796,-0.283775737007781,0.03964869529901516,-0.06553964869529899,Kevin Knox II | Jahlil Okafor | Josh Jackson | Royce White | Jonny Flynn
xRAPM historical top30,risk,3,shooting + creation_handle + athleticism_tools,139,-0.20296072683228883,-0.2336021505376344,0.3597122302158273,0.5467625899280576,0.45323741007194246,0.2733812949640288,-0.28339135462777437,0.03881670782776764,-0.0574644761802498,Kevin Knox II | Jahlil Okafor | Josh Jackson | Royce White | Jonny Flynn
xRAPM historical top30,risk,3,shooting + creation_handle + motor_competitiveness,81,-0.20293189057990388,-0.1171031746031743,0.37037037037037035,0.5432098765432098,0.4567901234567901,0.2839506172839506,-0.2833625183753894,0.049474847982310666,-0.046895153860328,Kevin Knox II | Josh Jackson | Jonny Flynn | Patrick Williams | Tony Mitchell
xRAPM historical mature,risk,3,size_frame + production_stats + injury_medical,17,-0.20143544722274212,-0.2254320987654323,0.4117647058823529,0.5882352941176471,0.4117647058823529,0.29411764705882354,-0.2889432264404184,0.07037984275835935,-0.029553850525717518,James Wiseman | Victor Claver | Shabazz Muhammad | Zhou Qi | Arnett Moultrie
xRAPM historical mature,risk,2,size_frame + production_stats,99,-0.19963692722498946,-0.1995121951219509,0.37373737373737376,0.5656565656565656,0.43434343434343436,0.2828282828282828,-0.28714470644266576,0.03235251061338018,-0.04084321475625824,James Wiseman | Kevin Knox II | Fab Melo | Justin Patton | Tyler Lydon
xRAPM historical mature,risk,3,feel_iq_passing + athleticism_tools + production_stats,151,-0.1990982011166584,-0.2654761904761904,0.3973509933774834,0.6026490066225165,0.3973509933774834,0.26490066225165565,-0.2866059803343347,0.05596613025348984,-0.05877083533288541,James Wiseman | Kevin Knox II | Craig Brackins | Josh Christopher | Fab Melo
xRAPM historical mature,risk,3,feel_iq_passing + production_stats + risk_uncertainty,51,-0.19783989999306986,-0.5152116402116402,0.4117647058823529,0.5882352941176471,0.4117647058823529,0.2549019607843137,-0.28534767921074616,0.07037984275835935,-0.06876953680022735,James Wiseman | Fab Melo | Tyler Lydon | Victor Claver | Bismack Biyombo
xRAPM historical mature,risk,3,athleticism_tools + upside_tools + defense,134,-0.19675737538259508,-0.2447133559705715,0.39552238805970147,0.5895522388059702,0.41044776119402987,0.2462686567164179,-0.28426515460027135,0.05413752493570789,-0.07740284086812316,James Wiseman | Kevin Knox II | Jahlil Okafor | Fab Melo | Elijah Hughes
xRAPM historical top30,risk,3,shooting + production_stats + injury_medical,21,-0.1963224102340469,-0.1748360655737706,0.3333333333333333,0.5714285714285714,0.42857142857142855,0.19047619047619047,-0.27675303802953244,0.01243781094527363,-0.14036958066808813,James Wiseman | Rashad Vaughn | Shabazz Muhammad | Arnett Moultrie | Damian Jones
xRAPM historical top30,risk,3,motor_competitiveness + size_frame + production_stats,52,-0.19527974255274055,-0.25983606557377054,0.40384615384615385,0.5576923076923077,0.4423076923076923,0.28846153846153844,-0.2757103703482261,0.08295063145809417,-0.042384232682740164,James Wiseman | Kevin Knox II | Fab Melo | Justin Patton | Marquese Chriss
xRAPM historical top30,risk,3,creation_handle + defense + size_frame,52,-0.1933375118334643,-0.24378520225294414,0.36538461538461536,0.5576923076923077,0.4423076923076923,0.2692307692307692,-0.27376813962894986,0.04448909299655568,-0.06161500191350938,Kevin Knox II | Jonny Flynn | Justin Harper | Vernon Carey Jr. | Archie Goodwin
xRAPM historical top30,risk,3,shooting + defense + injury_medical,36,-0.1929407925793481,-0.4544068953746373,0.3888888888888889,0.5833333333333334,0.4166666666666667,0.2222222222222222,-0.27337142037483364,0.06799336650082921,-0.10862354892205639,James Wiseman | Brice Johnson | Rashad Vaughn | Shabazz Muhammad | Kevin Seraphin
xRAPM historical mature,risk,3,athleticism_tools + upside_tools + injury_medical,24,-0.19270165587663982,-0.32967413034786086,0.2916666666666667,0.625,0.375,0.16666666666666666,-0.2802094350943161,-0.04971819645732689,-0.1570048309178744,James Wiseman | Kevin Seraphin | Zhou Qi | Arnett Moultrie | Damian Jones
xRAPM historical top30,risk,3,defense + motor_competitiveness + production_stats,77,-0.19147660066825342,-0.1736021505376342,0.38961038961038963,0.5454545454545454,0.45454545454545453,0.2857142857142857,-0.27190722846373894,0.06871486722232995,-0.0451314854299929,James Wiseman | Kevin Knox II | Craig Brackins | Fab Melo | Justin Patton
xRAPM historical mature,risk,3,feel_iq_passing + defense + production_stats,126,-0.191414645544053,-0.2724941927990707,0.4126984126984127,0.5952380952380952,0.40476190476190477,0.2619047619047619,-0.2789224247617293,0.0713135495744191,-0.06176673567977914,James Wiseman | Kevin Knox II | Craig Brackins | Fab Melo | Tyler Lydon
xRAPM historical mature,risk,2,upside_tools + defense,136,-0.1904903823894959,-0.2447133559705715,0.39705882352941174,0.5882352941176471,0.4117647058823529,0.25,-0.27799816160717217,0.055673960405418166,-0.07367149758454106,James Wiseman | Kevin Knox II | Jahlil Okafor | Fab Melo | Elijah Hughes
xRAPM historical top30,risk,3,feel_iq_passing + finishing_touch + motor_competitiveness,58,-0.1894297081852127,-0.0744021597710121,0.3620689655172414,0.5172413793103449,0.4827586206896552,0.3275862068965517,-0.26986033598069825,0.0411734431291817,-0.003259564247726887,James Wiseman | Kevin Knox II | Craig Brackins | Fab Melo | Patrick Williams
xRAPM historical top30,risk,2,creation_handle + production_stats,70,-0.18901989295959865,-0.3014426054974836,0.4,0.5714285714285714,0.42857142857142855,0.3,-0.2694505207550842,0.07910447761194034,-0.03084577114427861,Kevin Knox II | Jahlil Okafor | Patrick Williams | Jalen Green | Tony Mitchell
xRAPM historical mature,risk,2,feel_iq_passing + production_stats,154,-0.1886997136860566,-0.26249419279907094,0.3961038961038961,0.6038961038961039,0.3961038961038961,0.2662337662337662,-0.2762074929037329,0.05471903297990255,-0.057437731350774845,James Wiseman | Kevin Knox II | Craig Brackins | Josh Christopher | Fab Melo
xRAPM historical mature,risk,3,athleticism_tools + size_frame + production_stats,98,-0.1873933020423674,-0.19250609756097553,0.3673469387755102,0.5612244897959183,0.4387755102040816,0.2857142857142857,-0.2749010812600437,0.025962075651516647,-0.03795721187025536,James Wiseman | Kevin Knox II | Fab Melo | Justin Patton | Tyler Lydon
xRAPM historical top15,risk,3,shooting + production_stats + risk_uncertainty,17,-0.18607026411246097,-0.1171031746031743,0.23529411764705882,0.5882352941176471,0.4117647058823529,0.17647058823529413,-0.300822371919463,-0.062003179650238494,-0.17488076311605724,James Wiseman | Shabazz Muhammad | Marvin Bagley III | Julius Randle | De'Andre Hunter
xRAPM historical mature,risk,3,upside_tools + motor_competitiveness + injury_medical,16,-0.18480259545354086,-0.38671910805570253,0.25,0.5625,0.4375,0.1875,-0.27231037467121716,-0.09138486312399358,-0.13617149758454106,James Wiseman | Zhou Qi | Arnett Moultrie | Damian Jones | Perry Jones III
xRAPM historical mature,risk,3,feel_iq_passing + shooting + motor_competitiveness,173,-0.18437177292675036,-0.4121031746031742,0.41040462427745666,0.5953757225433526,0.4046242774566474,0.2832369942196532,-0.27187955214442666,0.06901976115346309,-0.04043450336488785,James Wiseman | Kevin Knox II | Craig Brackins | Jonny Flynn | Fab Melo
xRAPM historical mature,risk,2,production_stats + risk_uncertainty,59,-0.18337737350879163,-0.47521164021164,0.4067796610169492,0.6101694915254238,0.3898305084745763,0.2542372881355932,-0.27088515272646796,0.0653947978929556,-0.06943420944894785,James Wiseman | Fab Melo | Tyler Lydon | Victor Claver | Bismack Biyombo
xRAPM historical mature,risk,3,feel_iq_passing + finishing_touch + upside_tools,53,-0.18295341474975285,-0.101155913978495,0.37735849056603776,0.5471698113207547,0.4528301886792453,0.2641509433962264,-0.2704611939674292,0.03597362744204419,-0.059520554188314645,James Wiseman | Kevin Knox II | Fab Melo | Patrick Williams | Rakeem Christmas
xRAPM historical top15,risk,3,shooting + motor_competitiveness + production_stats,36,-0.18290965217713334,-0.07303571428571405,0.3888888888888889,0.5277777777777778,0.4722222222222222,0.3055555555555556,-0.29766175998413535,0.09159159159159158,-0.04579579579579579,James Wiseman | Kevin Knox II | Patrick Williams | Marquese Chriss | Jabari Parker
xRAPM historical top15,risk,3,feel_iq_passing + shooting + motor_competitiveness,59,-0.18275096833209342,-0.1171031746031743,0.3728813559322034,0.5423728813559322,0.4576271186440678,0.3050847457627119,-0.29750307613909543,0.07558405863490608,-0.04626660558863949,James Wiseman | Kevin Knox II | Jonny Flynn | Patrick Williams | Hasheem Thabeet
xRAPM historical top15,risk,3,feel_iq_passing + defense + motor_competitiveness,50,-0.18149782380613208,-0.10628520225294405,0.38,0.54,0.46,0.28,-0.2962499316131341,0.08270270270270269,-0.07135135135135134,James Wiseman | Kevin Knox II | Jonny Flynn | Derrick Williams | Mario Hezonja
xRAPM historical top30,risk,3,defense + motor_competitiveness + injury_medical,28,-0.18092421443084933,-0.2842191080557025,0.35714285714285715,0.5357142857142857,0.4642857142857143,0.2857142857142857,-0.26135484222633487,0.03624733475479747,-0.0451314854299929,James Wiseman | Anthony Bennett | Brice Johnson | Shabazz Muhammad | Arnett Moultrie
xRAPM historical top30,risk,3,creation_handle + defense + production_stats,55,-0.18030880167909874,-0.1198360655737704,0.4,0.5272727272727272,0.4727272727272727,0.3090909090909091,-0.2607394294745843,0.07910447761194034,-0.021754862053369517,Kevin Knox II | Jahlil Okafor | Jalen Green | Trey Thompkins | Thomas Robinson
xRAPM historical mature,risk,3,shooting + creation_handle + finishing_touch,84,-0.17958504441131862,-0.1104959897761327,0.38095238095238093,0.5238095238095238,0.47619047619047616,0.25,-0.2670928236289949,0.039567517828387355,-0.07367149758454106,Kevin Knox II | Jahlil Okafor | Patrick Williams | Justin Harper | Jalen Green
xRAPM historical top15,risk,2,creation_handle + size_frame,30,-0.17806282348527275,-0.24378520225294414,0.36666666666666664,0.5666666666666667,0.43333333333333335,0.3,-0.29281493129227476,0.06936936936936933,-0.05135135135135138,Kevin Knox II | Jonny Flynn | RJ Barrett | Shabazz Muhammad | Doug McDermott
xRAPM historical top15,risk,3,creation_handle + athleticism_tools + size_frame,30,-0.17806282348527275,-0.24378520225294414,0.36666666666666664,0.5666666666666667,0.43333333333333335,0.3,-0.29281493129227476,0.06936936936936933,-0.05135135135135138,Kevin Knox II | Jonny Flynn | RJ Barrett | Shabazz Muhammad | Doug McDermott
xRAPM historical mature,risk,3,feel_iq_passing + defense + motor_competitiveness,150,-0.17676299902858347,-0.3184244324970131,0.42,0.5866666666666667,0.41333333333333333,0.2733333333333333,-0.2642707782462598,0.07861513687600641,-0.05033816425120774,James Wiseman | Kevin Knox II | Craig Brackins | Jonny Flynn | Fab Melo
xRAPM historical mature,risk,3,shooting + creation_handle + size_frame,84,-0.17556077835152215,-0.1903579494128271,0.36904761904761907,0.5595238095238095,0.44047619047619047,0.27380952380952384,-0.26306855756919845,0.027662755923625493,-0.04986197377501722,Kevin Knox II | Royce White | Jonny Flynn | Tyler Lydon | Justin Harper
xRAPM historical mature,risk,2,upside_tools + size_frame,81,-0.17478164597191426,-0.1855000000000002,0.35802469135802467,0.5802469135802469,0.41975308641975306,0.2716049382716049,-0.26228942518959053,0.016639828234031095,-0.052066559312936134,James Wiseman | Kevin Knox II | Fab Melo | Elijah Hughes | Justin Patton
xRAPM historical mature,risk,3,athleticism_tools + upside_tools + size_frame,81,-0.17478164597191426,-0.1855000000000002,0.35802469135802467,0.5802469135802469,0.41975308641975306,0.2716049382716049,-0.26228942518959053,0.016639828234031095,-0.052066559312936134,James Wiseman | Kevin Knox II | Fab Melo | Elijah Hughes | Justin Patton
xRAPM historical mature,risk,3,shooting + defense + production_stats,156,-0.1704244705290617,-0.2606503759398495,0.3974358974358974,0.5769230769230769,0.4230769230769231,0.28205128205128205,-0.257932249746738,0.056051034311903836,-0.04162021553325901,James Wiseman | Kevin Knox II | Jahlil Okafor | Craig Brackins | Fab Melo
xRAPM historical mature,risk,3,feel_iq_passing + creation_handle + upside_tools,52,-0.17001452993764968,-0.1034005376344087,0.38461538461538464,0.5384615384615384,0.46153846153846156,0.3076923076923077,-0.257522309155326,0.04323052149139106,-0.015979189892233348,Kevin Knox II | Patrick Williams | Hasheem Thabeet | Vernon Carey Jr. | James Young
xRAPM historical top30,risk,3,creation_handle + finishing_touch + athleticism_tools,65,-0.16730951288002663,0.0410317460317459,0.36923076923076925,0.49230769230769234,0.5076923076923077,0.2923076923076923,-0.24774014067551217,0.04833524684270957,-0.038538078836586276,Kevin Knox II | Jahlil Okafor | Patrick Williams | Justin Harper | Jalen Green
xRAPM historical top30,risk,3,shooting + athleticism_tools + production_stats,125,-0.16686656833221655,-0.1771031746031743,0.368,0.576,0.424,0.28,-0.2472971961277021,0.04710447761194031,-0.05084577114427857,James Wiseman | Kevin Knox II | Jahlil Okafor | Craig Brackins | Fab Melo
xRAPM historical mature,risk,3,shooting + motor_competitiveness + production_stats,115,-0.16551695715044984,-0.1995121951219509,0.40869565217391307,0.5565217391304348,0.4434782608695652,0.2956521739130435,-0.25302473636812617,0.0673107890499195,-0.028019323671497565,James Wiseman | Kevin Knox II | Craig Brackins | Fab Melo | Patrick Williams
xRAPM historical mature,risk,3,shooting + creation_handle + upside_tools,65,-0.16373112189542408,-0.1056451612903224,0.36923076923076925,0.5384615384615384,0.46153846153846156,0.2923076923076923,-0.2512389011131004,0.027845906106775675,-0.03136380527684873,Kevin Knox II | Jahlil Okafor | Patrick Williams | Hasheem Thabeet | Thomas Robinson
xRAPM historical top30,risk,2,creation_handle + finishing_touch,66,-0.16348984814262682,0.0507539682539681,0.36363636363636365,0.48484848484848486,0.5151515151515151,0.2878787878787879,-0.24392047593811236,0.04274084124830396,-0.0429669832654907,Kevin Knox II | Jahlil Okafor | Patrick Williams | Justin Harper | Jalen Green
xRAPM historical mature,risk,3,athleticism_tools + production_stats + risk_uncertainty,58,-0.16240953175684064,-0.43752385289270534,0.39655172413793105,0.603448275862069,0.39655172413793105,0.25862068965517243,-0.24991731097451694,0.055166861013937474,-0.06505080792936863,James Wiseman | Fab Melo | Tyler Lydon | Victor Claver | Bismack Biyombo
xRAPM historical mature,risk,3,feel_iq_passing + shooting + size_frame,134,-0.1610257225267839,-0.230893817204301,0.39552238805970147,0.5895522388059702,0.41044776119402987,0.29850746268656714,-0.2485335017444602,0.05413752493570789,-0.02516403489797392,James Wiseman | Kevin Knox II | Jonny Flynn | Fab Melo | Elijah Hughes
xRAPM historical top15,risk,3,feel_iq_passing + creation_handle + size_frame,25,-0.16101246271247427,-0.2336021505376344,0.36,0.56,0.44,0.32,-0.2757645705194763,0.06270270270270267,-0.031351351351351364,Kevin Knox II | Jonny Flynn | RJ Barrett | Shabazz Muhammad | Doug McDermott
xRAPM historical top30,risk,3,shooting + defense + production_stats,106,-0.1598167615422988,-0.1742191080557024,0.37735849056603776,0.5471698113207547,0.4528301886792453,0.29245283018867924,-0.24024738933778433,0.05646296817797808,-0.038392940955599364,James Wiseman | Kevin Knox II | Jahlil Okafor | Craig Brackins | Fab Melo
xRAPM historical top15,risk,3,defense + size_frame + injury_medical,11,-0.15796399504093858,0.1142063492063494,0.36363636363636365,0.45454545454545453,0.5454545454545454,0.36363636363636365,-0.2727161028479406,0.06633906633906633,0.012285012285012276,James Wiseman | Anthony Bennett | Shabazz Muhammad | Alex Len | Kyrie Irving
xRAPM historical top30,risk,2,feel_iq_passing + creation_handle,117,-0.1560948939359403,-0.2336021505376344,0.37606837606837606,0.5555555555555556,0.4444444444444444,0.2905982905982906,-0.23652552173142585,0.05517285368031638,-0.04024748054598798,Kevin Knox II | Jonny Flynn | Patrick Williams | Jalen Green | Trey Thompkins
xRAPM historical mature,risk,2,creation_handle + athleticism_tools,234,-0.15557278189956614,-0.1903579494128271,0.3803418803418803,0.5555555555555556,0.4444444444444444,0.2777777777777778,-0.24308056111724244,0.03895701721788675,-0.04589371980676327,Kevin Knox II | Jahlil Okafor | Josh Jackson | Josh Christopher | Royce White
xRAPM historical mature,risk,2,motor_competitiveness + injury_medical,39,-0.1547157579208541,-0.3798360655737707,0.358974358974359,0.5384615384615384,0.46153846153846156,0.3333333333333333,-0.2422235371385304,0.0175894958503654,0.009661835748792258,James Wiseman | Anthony Bennett | Stephen Zimmerman | Brice Johnson | Victor Claver
xRAPM historical mature,risk,3,athleticism_tools + motor_competitiveness + injury_medical,39,-0.1547157579208541,-0.3798360655737707,0.358974358974359,0.5384615384615384,0.46153846153846156,0.3333333333333333,-0.2422235371385304,0.0175894958503654,0.009661835748792258,James Wiseman | Anthony Bennett | Stephen Zimmerman | Brice Johnson | Victor Claver
xRAPM historical mature,risk,3,defense + motor_competitiveness + size_frame,109,-0.15447389998243752,-0.1495121951219511,0.4036697247706422,0.5321100917431193,0.46788990825688076,0.3119266055045872,-0.24198167920011382,0.06228486164664865,-0.011744892079953884,James Wiseman | Anthony Bennett | Kevin Knox II | Jonny Flynn | Fab Melo
xRAPM historical top30,risk,2,shooting + production_stats,127,-0.15432312551458832,-0.1771031746031743,0.3700787401574803,0.5748031496062992,0.4251968503937008,0.28346456692913385,-0.23475375331007386,0.04918321776942064,-0.047381204215144745,James Wiseman | Kevin Knox II | Jahlil Okafor | Craig Brackins | Fab Melo
xRAPM historical mature,risk,3,size_frame + injury_medical + risk_uncertainty,20,-0.15408673849115423,-0.3254320987654324,0.35,0.6,0.4,0.25,-0.24159451770883053,0.008615136876006402,-0.07367149758454106,James Wiseman | Mfiondu Kabengele | Victor Claver | Demetrius Jackson | Shabazz Muhammad
xRAPM historical top30,risk,2,feel_iq_passing + upside_tools,94,-0.15340332192207037,-0.11137416794674836,0.3617021276595745,0.5531914893617021,0.44680851063829785,0.2872340425531915,-0.23383394971755592,0.040806605271514806,-0.043611728591087084,James Wiseman | Kevin Knox II | Fab Melo | Patrick Williams | Tyler Bey
xRAPM historical top30,risk,3,feel_iq_passing + athleticism_tools + upside_tools,94,-0.15340332192207037,-0.11137416794674836,0.3617021276595745,0.5531914893617021,0.44680851063829785,0.2872340425531915,-0.23383394971755592,0.040806605271514806,-0.043611728591087084,James Wiseman | Kevin Knox II | Fab Melo | Patrick Williams | Tyler Bey
xRAPM historical top30,risk,3,creation_handle + defense + motor_competitiveness,68,-0.15292618833539443,-0.03396825396825385,0.3382352941176471,0.5147058823529411,0.4852941176470588,0.25,-0.23335681613087997,0.017339771729587394,-0.0808457711442786,Kevin Knox II | Jonny Flynn | Trey Thompkins | Vernon Carey Jr. | James Young
xRAPM historical top30,risk,3,feel_iq_passing + creation_handle + athleticism_tools,112,-0.15205774186741075,-0.1767191080557024,0.36607142857142855,0.5535714285714286,0.44642857142857145,0.29464285714285715,-0.2324883696628963,0.045175906183368864,-0.03620291400142145,Kevin Knox II | Jonny Flynn | Patrick Williams | Jalen Green | Trey Thompkins
xRAPM historical mature,risk,3,defense + production_stats + risk_uncertainty,48,-0.15177913247427896,-0.4575238528927055,0.4166666666666667,0.5833333333333334,0.4166666666666667,0.2708333333333333,-0.23928691169195526,0.07528180354267311,-0.05283816425120774,James Wiseman | Fab Melo | Tyler Lydon | Victor Claver | Bismack Biyombo
xRAPM historical mature,risk,3,finishing_touch + production_stats + injury_medical,14,-0.15126738342082202,-0.08952120739005989,0.35714285714285715,0.5714285714285714,0.42857142857142855,0.2857142857142857,-0.23877516263849832,0.015757994018863575,-0.03795721187025536,James Wiseman | Victor Claver | Arnett Moultrie | Harry Giles III | Solomon Alabi
xRAPM historical top30,risk,3,shooting + creation_handle + injury_medical,11,-0.15003964025182956,-0.3936021505376344,0.2727272727272727,0.5454545454545454,0.45454545454545453,0.18181818181818182,-0.2304702680473151,-0.04816824966078698,-0.14902758932609678,Shabazz Muhammad | Alex Len | Arnett Moultrie | Kris Dunn | Bol Bol
xRAPM historical top30,risk,3,feel_iq_passing + defense + motor_competitiveness,119,-0.14989702874242541,-0.1748360655737706,0.3949579831932773,0.5630252100840336,0.4369747899159664,0.2773109243697479,-0.23032765653791096,0.07406246080521761,-0.05353484677453069,James Wiseman | Kevin Knox II | Craig Brackins | Jonny Flynn | Fab Melo
xRAPM historical top30,risk,3,shooting + production_stats + risk_uncertainty,36,-0.14969287248120614,-0.43752385289270534,0.3333333333333333,0.5833333333333334,0.4166666666666667,0.2222222222222222,-0.23012350027669168,0.01243781094527363,-0.10862354892205639,James Wiseman | Fab Melo | Bismack Biyombo | Shabazz Muhammad | Tyler Honeycutt
xRAPM historical mature,risk,2,creation_handle + upside_tools,70,-0.1487727387009907,-0.1034005376344087,0.37142857142857144,0.5285714285714286,0.4714285714285714,0.3,-0.236280517918667,0.030043708304577865,-0.023671497584541068,Kevin Knox II | Jahlil Okafor | Patrick Williams | Hasheem Thabeet | Thomas Robinson
xRAPM historical mature,risk,3,creation_handle + athleticism_tools + upside_tools,70,-0.1487727387009907,-0.1034005376344087,0.37142857142857144,0.5285714285714286,0.4714285714285714,0.3,-0.236280517918667,0.030043708304577865,-0.023671497584541068,Kevin Knox II | Jahlil Okafor | Patrick Williams | Hasheem Thabeet | Thomas Robinson
xRAPM historical mature,risk,3,feel_iq_passing + defense + size_frame,112,-0.14838726247136957,-0.230893817204301,0.4017857142857143,0.5803571428571429,0.41964285714285715,0.29464285714285715,-0.23589504168904588,0.060400851161720726,-0.029028640441683906,James Wiseman | Kevin Knox II | Jonny Flynn | Fab Melo | Elijah Hughes
xRAPM historical mature,risk,2,creation_handle + motor_competitiveness,117,-0.14829442115178298,-0.1171031746031743,0.38461538461538464,0.5384615384615384,0.46153846153846156,0.29914529914529914,-0.23580220036945929,0.04323052149139106,-0.02452619843924192,Kevin Knox II | Josh Jackson | Jonny Flynn | Patrick Williams | Tyler Lydon
xRAPM historical top30,risk,3,feel_iq_passing + defense + production_stats,91,-0.14825665268704177,-0.1736021505376342,0.37362637362637363,0.5494505494505495,0.45054945054945056,0.27472527472527475,-0.22868728048252732,0.05273085123831395,-0.05612049641900385,James Wiseman | Kevin Knox II | Craig Brackins | Fab Melo | Jalen Green
xRAPM historical top30,risk,3,athleticism_tools + defense + production_stats,116,-0.14766468282177628,-0.1467191080557023,0.3706896551724138,0.5344827586206896,0.46551724137931033,0.28448275862068967,-0.22809531061726182,0.04979413278435413,-0.04636301252358893,James Wiseman | Kevin Knox II | Jahlil Okafor | Craig Brackins | Fab Melo
xRAPM historical top30,risk,3,shooting + motor_competitiveness + production_stats,81,-0.1473690317437427,-0.1736021505376342,0.3950617283950617,0.5555555555555556,0.4444444444444444,0.2962962962962963,-0.22779965953922823,0.07416620600700202,-0.03454947484798232,James Wiseman | Kevin Knox II | Craig Brackins | Fab Melo | Patrick Williams
xRAPM historical top30,risk,2,creation_handle + defense,119,-0.14442507908077248,-0.0389682539682539,0.3445378151260504,0.5126050420168067,0.48739495798319327,0.25210084033613445,-0.22485570687625803,0.023642292737990733,-0.07874493080814415,Kevin Knox II | Jahlil Okafor | Jonny Flynn | Justin Harper | Jalen Green
xRAPM historical top30,risk,3,creation_handle + athleticism_tools + defense,116,-0.14391952420760834,-0.03396825396825385,0.33620689655172414,0.5086206896551724,0.49137931034482757,0.25,-0.22435015200309388,0.01531137416366446,-0.0808457711442786,Kevin Knox II | Jahlil Okafor | Jonny Flynn | Justin Harper | Jalen Green
xRAPM historical mature,risk,2,upside_tools + risk_uncertainty,51,-0.1427577426002848,-0.2978306878306882,0.37254901960784315,0.6470588235294118,0.35294117647058826,0.17647058823529413,-0.2302655218179611,0.03116415648384957,-0.14720090934924693,James Wiseman | Fab Melo | James Bouknight | Tyler Honeycutt | Kevin Seraphin
xRAPM historical top15,risk,3,defense + motor_competitiveness + production_stats,35,-0.13880608819549733,0.1142063492063494,0.37142857142857144,0.4857142857142857,0.5142857142857142,0.34285714285714286,-0.25355819600249935,0.07413127413127413,-0.00849420849420851,James Wiseman | Kevin Knox II | Marquese Chriss | Jabari Parker | Shabazz Muhammad
xRAPM historical top30,risk,3,feel_iq_passing + creation_handle + defense,88,-0.13860080475753966,-0.1127406134320464,0.36363636363636365,0.5340909090909091,0.4659090909090909,0.2840909090909091,-0.2190314325530252,0.04274084124830396,-0.046754862053369484,Kevin Knox II | Jonny Flynn | Jalen Green | Trey Thompkins | Vernon Carey Jr.
xRAPM historical top30,risk,3,feel_iq_passing + shooting + finishing_touch,82,-0.13858930979544817,-0.016587301587301498,0.34146341463414637,0.5121951219512195,0.4878048780487805,0.2926829268292683,-0.21901993759093372,0.020567892246086683,-0.038162844315010325,James Wiseman | Kevin Knox II | Craig Brackins | Fab Melo | Patrick Williams
xRAPM historical top30,risk,3,shooting + finishing_touch + injury_medical,14,-0.13793185127626467,-0.08952120739005989,0.35714285714285715,0.5714285714285714,0.42857142857142855,0.21428571428571427,-0.21836247907175022,0.03624733475479747,-0.11656005685856433,James Wiseman | Arnett Moultrie | Harry Giles III | Daniel Orton | Dzanan Musa
xRAPM historical mature,risk,3,shooting + athleticism_tools + upside_tools,155,-0.13744543923302882,-0.2336021505376344,0.36774193548387096,0.5870967741935483,0.4129032258064516,0.2709677419354839,-0.22495321845070512,0.026357072359877387,-0.05270375564905716,James Wiseman | Kevin Knox II | Jahlil Okafor | Fab Melo | Elijah Hughes
xRAPM historical top15,risk,3,shooting + size_frame + production_stats,30,-0.13648703121015912,-0.016587301587301498,0.36666666666666664,0.5333333333333333,0.4666666666666667,0.36666666666666664,-0.25123913901716116,0.06936936936936933,0.01531531531531527,James Wiseman | Kevin Knox II | Marquese Chriss | Jabari Parker | Shabazz Muhammad
xRAPM historical mature,risk,3,shooting + injury_medical + risk_uncertainty,32,-0.136083864770279,-0.4026340821696016,0.34375,0.59375,0.40625,0.21875,-0.2235916439879553,0.002365136876006424,-0.10492149758454106,James Wiseman | Mfiondu Kabengele | Victor Claver | Demetrius Jackson | Shabazz Muhammad
xRAPM historical top30,risk,3,creation_handle + motor_competitiveness + production_stats,40,-0.1335657088696353,-0.11846962008847235,0.425,0.55,0.45,0.325,-0.21399633666512086,0.1041044776119403,-0.005845771144278589,Kevin Knox II | Patrick Williams | Tony Mitchell | Trey Thompkins | James Young
xRAPM historical mature,risk,3,shooting + defense + injury_medical,45,-0.1320271535088478,-0.3936021505376344,0.4,0.5777777777777777,0.4222222222222222,0.24444444444444444,-0.2195349327265241,0.058615136876006446,-0.07922705314009662,James Wiseman | Brice Johnson | Victor Claver | Demetrius Jackson | Rashad Vaughn
xRAPM historical mature,risk,3,feel_iq_passing + finishing_touch + injury_medical,16,-0.1310486099641187,-0.08952120739005989,0.375,0.5625,0.4375,0.3125,-0.218556389181795,0.033615136876006424,-0.011171497584541057,James Wiseman | Victor Claver | Arnett Moultrie | Harry Giles III | Dzanan Musa
xRAPM historical mature,risk,2,motor_competitiveness + production_stats,121,-0.13083131866580322,-0.1748360655737706,0.4049586776859504,0.5454545454545454,0.45454545454545453,0.30578512396694213,-0.21833909788347952,0.06357381456195682,-0.017886373617598927,James Wiseman | Kevin Knox II | Craig Brackins | Fab Melo | Patrick Williams
xRAPM historical mature,risk,3,feel_iq_passing + upside_tools + risk_uncertainty,41,-0.13078937073766966,-0.1855000000000002,0.36585365853658536,0.6097560975609756,0.3902439024390244,0.1951219512195122,-0.21829714995534596,0.02446879541259178,-0.12854954636502886,James Wiseman | Fab Melo | James Bouknight | Tyler Honeycutt | Kevin Seraphin
xRAPM historical mature,risk,3,creation_handle + athleticism_tools + motor_competitiveness,114,-0.13026508053342994,-0.11137416794674836,0.37719298245614036,0.5350877192982456,0.4649122807017544,0.2982456140350877,-0.21777285975110625,0.03580811933214678,-0.025425883549453354,Kevin Knox II | Josh Jackson | Jonny Flynn | Patrick Williams | Tyler Lydon
xRAPM historical mature,risk,2,shooting + upside_tools,158,-0.12848779333054863,-0.22951712465153334,0.3670886075949367,0.5822784810126582,0.4177215189873418,0.2721518987341772,-0.21599557254822493,0.025703744470943146,-0.051519598850363835,James Wiseman | Kevin Knox II | Jahlil Okafor | Fab Melo | Elijah Hughes
xRAPM historical top30,risk,3,feel_iq_passing + size_frame + production_stats,53,-0.12812380111122357,-0.0762037037037035,0.37735849056603776,0.5471698113207547,0.4528301886792453,0.3018867924528302,-0.2085544289067091,0.05646296817797808,-0.028958978691448423,James Wiseman | Kevin Knox II | Fab Melo | Marquese Chriss | Bismack Biyombo
xRAPM historical mature,risk,3,feel_iq_passing + finishing_touch + motor_competitiveness,74,-0.12777423754295167,-0.1104959897761327,0.3783783783783784,0.527027027027027,0.47297297297297297,0.32432432432432434,-0.21528201676062797,0.03699351525438482,0.0006528267397832854,James Wiseman | Kevin Knox II | Craig Brackins | Fab Melo | Patrick Williams
xRAPM historical mature,risk,2,upside_tools + motor_competitiveness,92,-0.12714708008184916,-0.1333076848625627,0.358695652173913,0.5543478260869565,0.44565217391304346,0.29347826086956524,-0.21465485929952546,0.01731078904991945,-0.030193236714975813,James Wiseman | Kevin Knox II | Fab Melo | Patrick Williams | Justin Patton
xRAPM historical mature,risk,3,athleticism_tools + upside_tools + motor_competitiveness,92,-0.12714708008184916,-0.1333076848625627,0.358695652173913,0.5543478260869565,0.44565217391304346,0.29347826086956524,-0.21465485929952546,0.01731078904991945,-0.030193236714975813,James Wiseman | Kevin Knox II | Fab Melo | Patrick Williams | Justin Patton
xRAPM historical top15,risk,2,motor_competitiveness + production_stats,39,-0.12712224662390834,-0.0289682539682538,0.38461538461538464,0.5128205128205128,0.48717948717948717,0.3333333333333333,-0.24187435443091038,0.08731808731808732,-0.018018018018018056,James Wiseman | Kevin Knox II | Patrick Williams | Marquese Chriss | Jabari Parker
xRAPM historical top15,risk,3,athleticism_tools + motor_competitiveness + production_stats,39,-0.12712224662390834,-0.0289682539682538,0.38461538461538464,0.5128205128205128,0.48717948717948717,0.3333333333333333,-0.24187435443091038,0.08731808731808732,-0.018018018018018056,James Wiseman | Kevin Knox II | Patrick Williams | Marquese Chriss | Jabari Parker
xRAPM historical top15,risk,3,feel_iq_passing + upside_tools + size_frame,20,-0.12599470011449254,0.0550000000000001,0.25,0.5,0.5,0.35,-0.24074680792149455,-0.047297297297297314,-0.001351351351351393,James Wiseman | Kevin Knox II | Jordan Hill | Julius Randle | Zach LaVine
xRAPM historical top30,risk,2,defense + injury_medical,40,-0.125849571962903,-0.2842191080557025,0.375,0.55,0.45,0.275,-0.20628019975838854,0.054104477611940316,-0.05584577114427858,James Wiseman | Anthony Bennett | Brice Johnson | Rashad Vaughn | Shabazz Muhammad
xRAPM historical top15,risk,2,feel_iq_passing + motor_competitiveness,65,-0.1256540627410988,-0.0389682539682539,0.36923076923076925,0.5230769230769231,0.47692307692307695,0.3384615384615385,-0.24040617054810082,0.07193347193347194,-0.01288981288981289,James Wiseman | Kevin Knox II | Jonny Flynn | Patrick Williams | Derrick Williams
xRAPM historical top30,risk,3,defense + size_frame + production_stats,59,-0.1255207759583499,-0.0762037037037035,0.3559322033898305,0.5423728813559322,0.4576271186440678,0.3050847457627119,-0.20595140375383544,0.03503668100177082,-0.025761025381566716,James Wiseman | Kevin Knox II | Fab Melo | Justin Patton | Marquese Chriss
xRAPM historical top15,risk,2,creation_handle + motor_competitiveness,49,-0.12388342018386637,-0.0289682539682538,0.32653061224489793,0.5102040816326531,0.4897959183673469,0.30612244897959184,-0.2386355279908684,0.02923331494760062,-0.04522890237175953,Kevin Knox II | Josh Jackson | Jonny Flynn | Patrick Williams | Hasheem Thabeet
xRAPM historical top15,risk,3,creation_handle + athleticism_tools + motor_competitiveness,49,-0.12388342018386637,-0.0289682539682538,0.32653061224489793,0.5102040816326531,0.4897959183673469,0.30612244897959184,-0.2386355279908684,0.02923331494760062,-0.04522890237175953,Kevin Knox II | Josh Jackson | Jonny Flynn | Patrick Williams | Hasheem Thabeet
xRAPM historical top30,risk,2,defense + production_stats,117,-0.12367783684640815,-0.1198360655737704,0.36752136752136755,0.5299145299145299,0.4700854700854701,0.2905982905982906,-0.2041084646418937,0.046625845133307864,-0.04024748054598798,James Wiseman | Kevin Knox II | Jahlil Okafor | Craig Brackins | Fab Melo
xRAPM historical mature,risk,3,shooting + defense + size_frame,153,-0.12286073229348733,-0.2336021505376344,0.39215686274509803,0.5751633986928104,0.42483660130718953,0.3006535947712418,-0.21036851151116365,0.05077199962110446,-0.02301790281329924,James Wiseman | Kevin Knox II | Jonny Flynn | Fab Melo | Elijah Hughes
xRAPM historical mature,risk,3,athleticism_tools + upside_tools + risk_uncertainty,50,-0.12245628369567671,-0.2616313932980603,0.36,0.64,0.36,0.18,-0.209964062913353,0.01861513687600641,-0.14367149758454106,James Wiseman | Fab Melo | James Bouknight | Tyler Honeycutt | Kevin Seraphin
xRAPM historical mature,risk,2,defense + injury_medical,51,-0.12202288036703982,-0.279512195121951,0.39215686274509803,0.5490196078431373,0.45098039215686275,0.27450980392156865,-0.20953065958471612,0.05077199962110446,-0.049161693662972406,James Wiseman | Anthony Bennett | Stephen Zimmerman | Brice Johnson | Victor Claver
xRAPM historical top30,risk,2,creation_handle + athleticism_tools,155,-0.12161448123567857,-0.1056451612903224,0.34838709677419355,0.5225806451612903,0.4774193548387097,0.2903225806451613,-0.20204510903116413,0.027491574386133866,-0.04052319049911729,Kevin Knox II | Jahlil Okafor | Josh Jackson | Royce White | Jonny Flynn
xRAPM historical top15,risk,2,feel_iq_passing + finishing_touch,45,-0.12100532520298661,0.0410317460317459,0.35555555555555557,0.4888888888888889,0.5111111111111111,0.3111111111111111,-0.23575743300998864,0.058258258258258255,-0.040240240240240255,James Wiseman | Kevin Knox II | Patrick Williams | Jalen Green | Hasheem Thabeet
xRAPM historical top15,risk,3,feel_iq_passing + finishing_touch + athleticism_tools,45,-0.12100532520298661,0.0410317460317459,0.35555555555555557,0.4888888888888889,0.5111111111111111,0.3111111111111111,-0.23575743300998864,0.058258258258258255,-0.040240240240240255,James Wiseman | Kevin Knox II | Patrick Williams | Jalen Green | Hasheem Thabeet
xRAPM historical mature,risk,3,motor_competitiveness + production_stats + risk_uncertainty,41,-0.12098002903057567,-0.5152116402116402,0.43902439024390244,0.5609756097560976,0.43902439024390244,0.3170731707317073,-0.20848780824825197,0.09763952711990886,-0.006598326852833736,James Wiseman | Fab Melo | Tyler Lydon | Victor Claver | Bismack Biyombo
xRAPM historical mature,risk,3,athleticism_tools + motor_competitiveness + production_stats,120,-0.12025897802866868,-0.1742191080557024,0.4,0.5416666666666666,0.4583333333333333,0.30833333333333335,-0.20776675724634497,0.058615136876006446,-0.015338164251207709,James Wiseman | Kevin Knox II | Craig Brackins | Fab Melo | Patrick Williams
xRAPM historical top30,risk,2,athleticism_tools + injury_medical,47,-0.12002848734132311,-0.1748360655737706,0.3617021276595745,0.5319148936170213,0.46808510638297873,0.2978723404255319,-0.20045911513680864,0.040806605271514806,-0.0329734307187467,James Wiseman | Anthony Bennett | Mfiondu Kabengele | Brice Johnson | Rashad Vaughn
xRAPM historical top30,risk,3,motor_competitiveness + size_frame + injury_medical,17,-0.11904036792459516,0.1142063492063494,0.35294117647058826,0.47058823529411764,0.5294117647058824,0.29411764705882354,-0.1994709957200807,0.032045654082528574,-0.03672812408545506,James Wiseman | Anthony Bennett | Shabazz Muhammad | Arnett Moultrie | Guerschon Yabusele
xRAPM historical mature,risk,3,feel_iq_passing + size_frame + risk_uncertainty,42,-0.1189019912343201,-0.20546604938271623,0.40476190476190477,0.5476190476190477,0.4523809523809524,0.3333333333333333,-0.2064097704519964,0.06337704163791119,0.009661835748792258,James Wiseman | Fab Melo | Tyler Lydon | Mfiondu Kabengele | Victor Claver
xRAPM historical top30,risk,2,feel_iq_passing + motor_competitiveness,143,-0.11521517532160587,-0.1748360655737706,0.3776223776223776,0.5594405594405595,0.4405594405594406,0.3076923076923077,-0.1956458031170914,0.05672685523431792,-0.02315346345197089,James Wiseman | Kevin Knox II | Craig Brackins | Jonny Flynn | Fab Melo
xRAPM historical top30,risk,3,feel_iq_passing + upside_tools + defense,71,-0.11393883099357648,-0.0289682539682538,0.352112676056338,0.5352112676056338,0.4647887323943662,0.28169014084507044,-0.19436945878906203,0.03121715366827832,-0.049155630299208164,James Wiseman | Kevin Knox II | Fab Melo | Rakeem Christmas | Vernon Carey Jr.
xRAPM historical mature,risk,3,feel_iq_passing + motor_competitiveness + size_frame,91,-0.11294742135157775,-0.2336021505376344,0.4175824175824176,0.5604395604395604,0.43956043956043955,0.3076923076923077,-0.20045520056925403,0.07619755445842402,-0.015979189892233348,James Wiseman | Kevin Knox II | Jonny Flynn | Fab Melo | Tyler Lydon
xRAPM historical mature,risk,2,shooting + production_stats,195,-0.11050315780840901,-0.1995121951219509,0.36923076923076925,0.5692307692307692,0.4307692307692308,0.29743589743589743,-0.1980109370260853,0.027845906106775675,-0.026235600148643623,James Wiseman | Kevin Knox II | Jahlil Okafor | Craig Brackins | Josh Christopher
xRAPM historical top30,risk,2,creation_handle + size_frame,63,-0.10924005804798322,-0.2336021505376344,0.36507936507936506,0.5396825396825397,0.4603174603174603,0.31746031746031744,-0.18967068584346874,0.044183842691305375,-0.013385453683961157,Kevin Knox II | Royce White | Jonny Flynn | Justin Harper | Vernon Carey Jr.
xRAPM historical mature,risk,3,feel_iq_passing + upside_tools + injury_medical,19,-0.10828272773827814,-0.2254320987654323,0.3157894736842105,0.5789473684210527,0.42105263157894735,0.21052631578947367,-0.19579050695595446,-0.025595389439783067,-0.11314518179506738,James Wiseman | Kevin Seraphin | Arnett Moultrie | Damian Jones | Harry Giles III
xRAPM historical top30,risk,3,feel_iq_passing + upside_tools + size_frame,42,-0.10784189456963753,-0.016587301587301498,0.30952380952380953,0.5238095238095238,0.47619047619047616,0.3333333333333333,-0.18827252236512307,-0.01137171286425015,0.002487562189054715,James Wiseman | Kevin Knox II | Fab Melo | Tyler Bey | Vernon Carey Jr.
xRAPM historical top30,risk,2,athleticism_tools + production_stats,140,-0.10754361989020497,-0.1467191080557023,0.35714285714285715,0.55,0.45,0.29285714285714287,-0.18797424768569052,0.03624733475479747,-0.03798862828713573,James Wiseman | Kevin Knox II | Jahlil Okafor | Craig Brackins | Fab Melo
xRAPM historical top15,risk,3,motor_competitiveness + size_frame + production_stats,25,-0.10697404318695795,0.1142063492063494,0.4,0.48,0.52,0.4,-0.22172615099395998,0.10270270270270271,0.04864864864864865,James Wiseman | Kevin Knox II | Marquese Chriss | Jabari Parker | Shabazz Muhammad
xRAPM historical mature,risk,3,shooting + athleticism_tools + production_stats,192,-0.10681191499318826,-0.19250609756097553,0.3645833333333333,0.5677083333333334,0.4322916666666667,0.296875,-0.19431969421086456,0.02319847020933974,-0.026796497584541057,James Wiseman | Kevin Knox II | Jahlil Okafor | Craig Brackins | Josh Christopher
xRAPM historical top30,risk,2,feel_iq_passing + injury_medical,34,-0.10623016844485571,-0.08952120739005989,0.38235294117647056,0.5294117647058824,0.47058823529411764,0.29411764705882354,-0.18666079624034126,0.06145741878841088,-0.03672812408545506,James Wiseman | Mfiondu Kabengele | Brice Johnson | Rashad Vaughn | Shabazz Muhammad
xRAPM historical top30,risk,3,feel_iq_passing + athleticism_tools + injury_medical,34,-0.10623016844485571,-0.08952120739005989,0.38235294117647056,0.5294117647058824,0.47058823529411764,0.29411764705882354,-0.18666079624034126,0.06145741878841088,-0.03672812408545506,James Wiseman | Mfiondu Kabengele | Brice Johnson | Rashad Vaughn | Shabazz Muhammad
xRAPM historical top15,risk,3,creation_handle + size_frame + production_stats,16,-0.10599479398802003,-0.18617063492063476,0.375,0.5625,0.4375,0.375,-0.22074690179502204,0.07770270270270269,0.02364864864864863,Kevin Knox II | Shabazz Muhammad | Doug McDermott | Kai Jones | D'Angelo Russell
xRAPM historical mature,risk,2,feel_iq_passing + motor_competitiveness,185,-0.10464570528220817,-0.2336021505376344,0.4,0.572972972972973,0.42702702702702705,0.3081081081081081,-0.19215348449988445,0.058615136876006446,-0.015563389476432932,James Wiseman | Kevin Knox II | Craig Brackins | Jonny Flynn | Fab Melo
xRAPM historical top15,risk,3,feel_iq_passing + defense + production_stats,43,-0.10400862504361381,-0.0042063492063492,0.3488372093023256,0.5116279069767442,0.4883720930232558,0.3023255813953488,-0.21876073285061584,0.05153991200502828,-0.04902576995600255,James Wiseman | Kevin Knox II | Jalen Green | Malik Monk | Marquese Chriss
xRAPM historical top30,risk,2,creation_handle + motor_competitiveness,88,-0.10390450191143423,-0.03396825396825385,0.3522727272727273,0.5113636363636364,0.48863636363636365,0.3068181818181818,-0.1843351297069198,0.03137720488466761,-0.024027589326096777,Kevin Knox II | Josh Jackson | Jonny Flynn | Patrick Williams | Tony Mitchell
xRAPM historical top15,risk,2,size_frame + production_stats,32,-0.10284457125687865,-0.016587301587301498,0.375,0.53125,0.46875,0.375,-0.2175966790638807,0.07770270270270269,0.02364864864864863,James Wiseman | Kevin Knox II | Marquese Chriss | Jabari Parker | Shabazz Muhammad
xRAPM historical top15,risk,3,athleticism_tools + size_frame + production_stats,32,-0.10284457125687865,-0.016587301587301498,0.375,0.53125,0.46875,0.375,-0.2175966790638807,0.07770270270270269,0.02364864864864863,James Wiseman | Kevin Knox II | Marquese Chriss | Jabari Parker | Shabazz Muhammad
xRAPM historical top30,risk,3,shooting + size_frame + production_stats,62,-0.1013674456041653,-0.09801988463873695,0.3548387096774194,0.5483870967741935,0.45161290322580644,0.3225806451612903,-0.18179807339965084,0.03394318728935969,-0.008265125982988286,James Wiseman | Kevin Knox II | Fab Melo | Justin Patton | Marquese Chriss
xRAPM historical mature,risk,3,athleticism_tools + defense + injury_medical,50,-0.10130672421776676,-0.22717413034786083,0.38,0.54,0.46,0.28,-0.18881450343544307,0.03861513687600643,-0.04367149758454103,James Wiseman | Anthony Bennett | Stephen Zimmerman | Brice Johnson | Victor Claver
xRAPM historical top30,risk,2,motor_competitiveness + production_stats,87,-0.10037966732762771,-0.1198360655737704,0.39080459770114945,0.5402298850574713,0.45977011494252873,0.3103448275862069,-0.18081029512311325,0.06990907531308976,-0.020500943558071694,James Wiseman | Kevin Knox II | Craig Brackins | Fab Melo | Patrick Williams
xRAPM historical top30,risk,3,feel_iq_passing + production_stats + injury_medical,22,-0.09981648693375296,-0.08952120739005989,0.3181818181818182,0.5454545454545454,0.45454545454545453,0.22727272727272727,-0.1802471147292385,-0.0027137042062415073,-0.10357304387155133,James Wiseman | Rashad Vaughn | Shabazz Muhammad | Arnett Moultrie | Damian Jones
xRAPM historical top30,risk,3,athleticism_tools + defense + injury_medical,39,-0.0993885177098829,-0.1748360655737706,0.358974358974359,0.5384615384615384,0.46153846153846156,0.28205128205128205,-0.17981914550536843,0.03807883658629929,-0.04879448909299655,James Wiseman | Anthony Bennett | Brice Johnson | Rashad Vaughn | Shabazz Muhammad
xRAPM historical mature,risk,3,finishing_touch + defense + motor_competitiveness,90,-0.09901575071851076,0.01575396825396825,0.36666666666666664,0.5,0.5,0.3111111111111111,-0.18652352993618707,0.025281803542673065,-0.01256038647342994,James Wiseman | Kevin Knox II | Craig Brackins | Fab Melo | Justin Patton
xRAPM historical mature,risk,3,shooting + upside_tools + risk_uncertainty,48,-0.09796675274737054,-0.20546604938271623,0.3541666666666667,0.625,0.375,0.1875,-0.18547453196504685,0.01278180354267311,-0.13617149758454106,James Wiseman | Fab Melo | James Bouknight | Tyler Honeycutt | Kevin Seraphin
xRAPM historical mature,risk,3,upside_tools + production_stats + injury_medical,19,-0.09707124248392347,-0.2254320987654323,0.3157894736842105,0.5789473684210527,0.42105263157894735,0.21052631578947367,-0.1845790217015998,-0.025595389439783067,-0.11314518179506738,James Wiseman | Zhou Qi | Arnett Moultrie | Damian Jones | Harry Giles III
xRAPM historical mature,risk,3,creation_handle + finishing_touch + athleticism_tools,91,-0.09444527808736089,-0.0289682539682538,0.37362637362637363,0.5054945054945055,0.4945054945054945,0.2857142857142857,-0.1819530573050372,0.032241510502380055,-0.03795721187025536,Kevin Knox II | Jahlil Okafor | Patrick Williams | Justin Harper | Jalen Green
xRAPM historical top15,risk,3,defense + motor_competitiveness + size_frame,43,-0.09383793964522823,0.1142063492063494,0.3953488372093023,0.46511627906976744,0.5348837209302325,0.37209302325581395,-0.20859004745223025,0.09805153991200499,0.020741671904462577,James Wiseman | Anthony Bennett | Kevin Knox II | Jonny Flynn | Derrick Williams
xRAPM historical mature,risk,2,shooting + injury_medical,56,-0.09334156808563289,-0.32967413034786086,0.375,0.5714285714285714,0.42857142857142855,0.26785714285714285,-0.1808493473033092,0.033615136876006424,-0.05581435472739821,James Wiseman | Mfiondu Kabengele | Brice Johnson | Victor Claver | Demetrius Jackson
xRAPM historical mature,risk,2,size_frame + risk_uncertainty,58,-0.0933202475365788,-0.2782980599647271,0.39655172413793105,0.5689655172413793,0.43103448275862066,0.3275862068965517,-0.1808280267542551,0.055166861013937474,0.003914709312010656,James Wiseman | Royce White | Fab Melo | Tyler Lydon | Mfiondu Kabengele
xRAPM historical top15,risk,3,feel_iq_passing + athleticism_tools + motor_competitiveness,64,-0.0928641832650793,-0.03396825396825385,0.359375,0.515625,0.484375,0.34375,-0.20761629107208132,0.062077702702702686,-0.007601351351351371,James Wiseman | Kevin Knox II | Jonny Flynn | Patrick Williams | Derrick Williams
xRAPM historical mature,risk,2,creation_handle + finishing_touch,92,-0.09249708637132041,-0.00857686891961085,0.3695652173913043,0.5,0.5,0.2826086956521739,-0.1800048655889967,0.028180354267310748,-0.041062801932367166,Kevin Knox II | Jahlil Okafor | Patrick Williams | Justin Harper | Jalen Green
xRAPM historical mature,risk,3,feel_iq_passing + upside_tools + size_frame,57,-0.09242723876845328,-0.1495121951219511,0.3333333333333333,0.5614035087719298,0.43859649122807015,0.3157894736842105,-0.1799350179861296,-0.008051529790660261,-0.007882023900330548,James Wiseman | Kevin Knox II | Fab Melo | Elijah Hughes | Tyler Bey
xRAPM historical top30,risk,2,size_frame + production_stats,66,-0.0915790684972474,-0.09801988463873695,0.36363636363636365,0.5454545454545454,0.45454545454545453,0.3181818181818182,-0.17200969629273294,0.04274084124830396,-0.012663952962460423,James Wiseman | Kevin Knox II | Fab Melo | Justin Patton | Marquese Chriss
xRAPM historical mature,risk,3,shooting + defense + risk_uncertainty,77,-0.08959291797202858,-0.0661788617886176,0.36363636363636365,0.5454545454545454,0.45454545454545453,0.2597402597402597,-0.1771006971897049,0.02225150051237007,-0.06393123784428134,James Wiseman | Fab Melo | Tyler Lydon | Emmanuel Mudiay | Victor Claver
xRAPM historical mature,risk,3,athleticism_tools + defense + production_stats,174,-0.08930743184411334,-0.19250609756097553,0.3735632183908046,0.5517241379310345,0.4482758620689655,0.28735632183908044,-0.17681521106178966,0.03217835526681101,-0.036315175745460615,James Wiseman | Kevin Knox II | Jahlil Okafor | Craig Brackins | Fab Melo
xRAPM historical top30,risk,2,motor_competitiveness + injury_medical,31,-0.08922212991321,-0.1748360655737706,0.3225806451612903,0.5161290322580645,0.4838709677419355,0.3225806451612903,-0.16965275770869553,0.0016851227732306295,-0.008265125982988286,James Wiseman | Anthony Bennett | Brice Johnson | Shabazz Muhammad | Arnett Moultrie
xRAPM historical top30,risk,3,athleticism_tools + motor_competitiveness + injury_medical,31,-0.08922212991321,-0.1748360655737706,0.3225806451612903,0.5161290322580645,0.4838709677419355,0.3225806451612903,-0.16965275770869553,0.0016851227732306295,-0.008265125982988286,James Wiseman | Anthony Bennett | Brice Johnson | Shabazz Muhammad | Arnett Moultrie
xRAPM historical mature,risk,3,feel_iq_passing + creation_handle + size_frame,68,-0.08896158327913412,-0.1903579494128271,0.38235294117647056,0.5441176470588235,0.45588235294117646,0.3235294117647059,-0.17646936249681042,0.040968078052476986,-0.00014208581983515822,Kevin Knox II | Jonny Flynn | Tyler Lydon | Vernon Carey Jr. | Udoka Azubuike
xRAPM historical top30,risk,3,creation_handle + athleticism_tools + size_frame,62,-0.08842921712743534,-0.1767191080557024,0.3548387096774194,0.532258064516129,0.46774193548387094,0.3225806451612903,-0.1688598449229209,0.03394318728935969,-0.008265125982988286,Kevin Knox II | Royce White | Jonny Flynn | Justin Harper | Vernon Carey Jr.
xRAPM historical top30,risk,3,size_frame + production_stats + injury_medical,11,-0.08802772760467113,-0.0042063492063492,0.36363636363636365,0.5454545454545454,0.45454545454545453,0.2727272727272727,-0.1684583554001567,0.04274084124830396,-0.05811849841700589,James Wiseman | Shabazz Muhammad | Arnett Moultrie | Guerschon Yabusele | Ziaire Williams
xRAPM historical mature,risk,2,feel_iq_passing + size_frame,146,-0.0872291223039448,-0.22680879131819995,0.3904109589041096,0.5753424657534246,0.4246575342465753,0.3150684931506849,-0.1747369015216211,0.04902609578011602,-0.008603004433856143,James Wiseman | Kevin Knox II | Jonny Flynn | Fab Melo | Elijah Hughes
xRAPM historical mature,risk,2,defense + production_stats,176,-0.086251187725576,-0.19250609756097553,0.375,0.5511363636363636,0.44886363636363635,0.2897727272727273,-0.1737589669432523,0.033615136876006424,-0.033898770311813764,James Wiseman | Kevin Knox II | Jahlil Okafor | Craig Brackins | Fab Melo
xRAPM historical mature,risk,3,finishing_touch + defense + size_frame,75,-0.08572306021912224,-0.1198360655737704,0.4,0.5333333333333333,0.4666666666666667,0.30666666666666664,-0.17323083943679854,0.058615136876006446,-0.017004830917874414,James Wiseman | Kevin Knox II | Fab Melo | Justin Patton | Justin Harper
xRAPM historical top30,risk,3,athleticism_tools + motor_competitiveness + production_stats,86,-0.08527347514397274,-0.11846962008847235,0.38372093023255816,0.5348837209302325,0.46511627906976744,0.313953488372093,-0.16570410293945828,0.06282540784449847,-0.016892282772185574,James Wiseman | Kevin Knox II | Craig Brackins | Fab Melo | Patrick Williams
xRAPM historical top30,risk,3,shooting + size_frame + injury_medical,19,-0.0845263720806806,-0.0042063492063492,0.3684210526315789,0.5263157894736842,0.47368421052631576,0.2631578947368421,-0.16495699987616613,0.04752553024351924,-0.06768787640743651,James Wiseman | Mfiondu Kabengele | Shabazz Muhammad | Alex Len | Arnett Moultrie
xRAPM historical top30,risk,2,feel_iq_passing + shooting,227,-0.0843155821647472,-0.1771031746031743,0.3568281938325991,0.5594713656387665,0.44052863436123346,0.29515418502202645,-0.16474620996023276,0.03593267144453943,-0.03569158612225215,James Wiseman | Kevin Knox II | Craig Brackins | Jonny Flynn | Fab Melo
xRAPM historical mature,risk,3,finishing_touch + motor_competitiveness + injury_medical,15,-0.08408239204176107,0.1142063492063494,0.3333333333333333,0.4666666666666667,0.5333333333333333,0.4,-0.17159017125943737,-0.008051529790660261,0.07632850241545897,James Wiseman | Stephen Zimmerman | Victor Claver | Arnett Moultrie | Dzanan Musa
xRAPM historical mature,risk,2,creation_handle + size_frame,94,-0.0838586547856334,-0.1685141325536061,0.3617021276595745,0.5425531914893617,0.4574468085106383,0.2978723404255319,-0.1713664340033097,0.020317264535580914,-0.025799157159009156,Kevin Knox II | Royce White | Jonny Flynn | Tyler Lydon | Justin Harper
xRAPM historical mature,risk,3,shooting + size_frame + risk_uncertainty,51,-0.08168368642971018,-0.2254320987654323,0.39215686274509803,0.5490196078431373,0.45098039215686275,0.3333333333333333,-0.16919146564738646,0.05077199962110446,0.009661835748792258,James Wiseman | Royce White | Fab Melo | Tyler Lydon | Mfiondu Kabengele
xRAPM historical mature,risk,3,feel_iq_passing + shooting + finishing_touch,114,-0.0810252710458471,-0.1467191080557023,0.35964912280701755,0.5350877192982456,0.4649122807017544,0.2807017543859649,-0.1685330502635234,0.018264259683023976,-0.04296974319857616,James Wiseman | Kevin Knox II | Craig Brackins | Fab Melo | Patrick Williams
xRAPM historical mature,risk,3,feel_iq_passing + shooting + injury_medical,43,-0.08054617539499598,-0.2254320987654323,0.37209302325581395,0.5581395348837209,0.4418604651162791,0.3023255813953488,-0.16805395461267228,0.030708160131820372,-0.021345916189192238,James Wiseman | Mfiondu Kabengele | Brice Johnson | Victor Claver | Demetrius Jackson
xRAPM historical top15,risk,2,feel_iq_passing + shooting,103,-0.08019765544800093,-0.0389682539682539,0.3592233009708738,0.5242718446601942,0.47572815533980584,0.30097087378640774,-0.19494976325500296,0.06192600367357648,-0.050380477564943627,James Wiseman | Kevin Knox II | Jonny Flynn | Patrick Williams | Emmanuel Mudiay
xRAPM historical mature,risk,3,shooting + athleticism_tools + other,10,-0.07849644907355362,-0.3056451612903226,0.4,0.6,0.4,0.3,-0.1660042282912299,0.058615136876006446,-0.023671497584541068,Bismack Biyombo | Doug McDermott | Zhou Qi | Ben McLemore | DeAndre Liggins
xRAPM historical mature,risk,3,feel_iq_passing + athleticism_tools + size_frame,145,-0.07817889421554472,-0.2254320987654323,0.38620689655172413,0.5724137931034483,0.42758620689655175,0.31724137931034485,-0.16568667343322102,0.04482203342773056,-0.006430118274196206,James Wiseman | Kevin Knox II | Jonny Flynn | Fab Melo | Elijah Hughes
xRAPM historical top30,risk,3,feel_iq_passing + production_stats + risk_uncertainty,36,-0.07813621222349848,-0.3161574074074073,0.3611111111111111,0.5555555555555556,0.4444444444444444,0.25,-0.15856684001898402,0.04021558872305142,-0.0808457711442786,James Wiseman | Fab Melo | Bismack Biyombo | Shabazz Muhammad | Tyler Honeycutt
xRAPM historical mature,risk,3,creation_handle + athleticism_tools + size_frame,92,-0.07743140390875695,-0.1685141325536061,0.358695652173913,0.5434782608695652,0.45652173913043476,0.30434782608695654,-0.16493918312643324,0.01731078904991945,-0.019323671497584516,Kevin Knox II | Royce White | Jonny Flynn | Tyler Lydon | Justin Harper
xRAPM historical mature,risk,3,shooting + defense + motor_competitiveness,191,-0.07516183007837125,-0.1995121951219509,0.39267015706806285,0.5549738219895288,0.44502617801047123,0.2931937172774869,-0.16266960929604757,0.05128529394406928,-0.03047778030705417,James Wiseman | Kevin Knox II | Craig Brackins | Jonny Flynn | Fab Melo
xRAPM historical mature,risk,2,injury_medical + risk_uncertainty,34,-0.07161733878130976,-0.4026340821696016,0.35294117647058826,0.5882352941176471,0.4117647058823529,0.23529411764705882,-0.15912511799898604,0.011556313346594682,-0.08837737993748224,James Wiseman | Mfiondu Kabengele | Victor Claver | Demetrius Jackson | Shabazz Muhammad
xRAPM historical top30,risk,3,athleticism_tools + size_frame + production_stats,65,-0.07145702039532893,-0.0762037037037035,0.35384615384615387,0.5384615384615384,0.46153846153846156,0.3230769230769231,-0.15188764819081446,0.03295063145809418,-0.007768848067355505,James Wiseman | Kevin Knox II | Fab Melo | Justin Patton | Marquese Chriss
xRAPM historical top15,risk,2,upside_tools + risk_uncertainty,20,-0.07079697012643996,-0.0351926054974834,0.3,0.55,0.45,0.2,-0.185549077933442,0.002702702702702675,-0.15135135135135136,James Wiseman | James Bouknight | Marvin Bagley III | Julius Randle | Andrew Wiggins
xRAPM historical top15,risk,3,athleticism_tools + upside_tools + risk_uncertainty,20,-0.07079697012643996,-0.0351926054974834,0.3,0.55,0.45,0.2,-0.185549077933442,0.002702702702702675,-0.15135135135135136,James Wiseman | James Bouknight | Marvin Bagley III | Julius Randle | Andrew Wiggins
xRAPM historical mature,risk,3,athleticism_tools + size_frame + risk_uncertainty,57,-0.0704045993333267,-0.258765432098766,0.38596491228070173,0.5614035087719298,0.43859649122807015,0.3333333333333333,-0.15791237855100299,0.04458004915670816,0.009661835748792258,James Wiseman | Royce White | Fab Melo | Tyler Lydon | Mfiondu Kabengele
xRAPM historical mature,risk,3,athleticism_tools + defense + size_frame,180,-0.07009235732801099,-0.19250609756097553,0.38333333333333336,0.5555555555555556,0.4444444444444444,0.3,-0.15760013654568727,0.04194847020933978,-0.023671497584541068,James Wiseman | Anthony Bennett | Kevin Knox II | Jonny Flynn | Fab Melo
xRAPM historical mature,risk,3,feel_iq_passing + athleticism_tools + motor_competitiveness,181,-0.06810332895771172,-0.1995121951219509,0.3867403314917127,0.56353591160221,0.43646408839779005,0.3149171270718232,-0.15561110817538804,0.04535546836771914,-0.00875437051271788,James Wiseman | Kevin Knox II | Craig Brackins | Jonny Flynn | Fab Melo
xRAPM historical top30,risk,3,feel_iq_passing + athleticism_tools + motor_competitiveness,139,-0.06793537507285578,-0.1495121951219511,0.3597122302158273,0.5467625899280576,0.45323741007194246,0.31654676258992803,-0.14836600286834134,0.03881670782776764,-0.014299008554350567,James Wiseman | Kevin Knox II | Craig Brackins | Jonny Flynn | Fab Melo
xRAPM historical mature,risk,2,athleticism_tools + upside_tools,179,-0.06759997755728143,-0.2254320987654323,0.36312849162011174,0.5754189944134078,0.4245810055865922,0.2849162011173184,-0.15510775677495775,0.02174362849611816,-0.038755296467222644,James Wiseman | Kevin Knox II | Jahlil Okafor | Fab Melo | Elijah Hughes
xRAPM historical top30,risk,3,creation_handle + upside_tools + size_frame,21,-0.0674791254143423,0.1142063492063494,0.23809523809523808,0.47619047619047616,0.5238095238095238,0.38095238095238093,-0.14790975320982785,-0.0828002842928216,0.05010660980810233,Kevin Knox II | Vernon Carey Jr. | Archie Goodwin | Arnett Moultrie | Tristan Thompson
xRAPM historical top15,risk,3,shooting + finishing_touch + motor_competitiveness,40,-0.06708465835802555,0.0426190476190478,0.35,0.5,0.5,0.325,-0.18183676616502759,0.052702702702702664,-0.02635135135135136,James Wiseman | Kevin Knox II | Patrick Williams | Hasheem Thabeet | Marquese Chriss
xRAPM historical top15,risk,3,motor_competitiveness + production_stats + risk_uncertainty,14,-0.06608199249498263,0.025033068783068844,0.35714285714285715,0.5,0.5,0.2857142857142857,-0.18083410030198466,0.05984555984555984,-0.06563706563706567,James Wiseman | Shabazz Muhammad | Marvin Bagley III | Julius Randle | Andrew Wiggins
xRAPM historical top15,risk,3,feel_iq_passing + size_frame + production_stats,26,-0.06564014578237912,-0.016587301587301498,0.38461538461538464,0.5384615384615384,0.46153846153846156,0.38461538461538464,-0.18039225358938116,0.08731808731808732,0.033264033264033266,James Wiseman | Kevin Knox II | Marquese Chriss | Shabazz Muhammad | Julius Randle
xRAPM historical mature,risk,3,shooting + motor_competitiveness + size_frame,119,-0.06555666590643691,-0.1198360655737704,0.3949579831932773,0.5210084033613446,0.4789915966386555,0.3277310924369748,-0.1530644451241132,0.05357312006928372,0.004059594852433734,James Wiseman | Kevin Knox II | Jonny Flynn | Fab Melo | Justin Patton
xRAPM historical top30,risk,3,feel_iq_passing + motor_competitiveness + injury_medical,22,-0.06458147508735347,-0.030314858183710602,0.36363636363636365,0.5,0.5,0.3181818181818182,-0.145012102882839,0.04274084124830396,-0.012663952962460423,James Wiseman | Brice Johnson | Shabazz Muhammad | Arnett Moultrie | Glen Rice
xRAPM historical top30,risk,3,creation_handle + athleticism_tools + motor_competitiveness,86,-0.06445209615558785,-0.0144021597710122,0.3372093023255814,0.5,0.5,0.313953488372093,-0.14488272395107338,0.0163137799375217,-0.016892282772185574,Kevin Knox II | Josh Jackson | Jonny Flynn | Patrick Williams | Tony Mitchell
xRAPM historical top30,risk,3,feel_iq_passing + shooting + defense,170,-0.06400558078660379,-0.13467413034786074,0.36470588235294116,0.5470588235294118,0.45294117647058824,0.28823529411764703,-0.14443620858208933,0.04381035996488147,-0.042610477026631566,James Wiseman | Kevin Knox II | Craig Brackins | Jonny Flynn | Fab Melo
xRAPM historical mature,risk,2,feel_iq_passing + shooting,333,-0.06382719139215776,-0.2254320987654323,0.3813813813813814,0.5795795795795796,0.42042042042042044,0.29429429429429427,-0.15133497060983406,0.039996518257387814,-0.02937720329024679,James Wiseman | Kevin Knox II | Craig Brackins | Josh Christopher | Jonny Flynn
xRAPM historical top15,risk,3,creation_handle + finishing_touch + motor_competitiveness,25,-0.06367965187367605,0.2192063492063494,0.32,0.44,0.56,0.36,-0.1784317596806781,0.022702702702702693,0.008648648648648616,Kevin Knox II | Patrick Williams | Hasheem Thabeet | Dragan Bender | Killian Hayes
xRAPM historical mature,risk,3,shooting + athleticism_tools + size_frame,195,-0.062331475479297335,-0.2056451612903225,0.38461538461538464,0.558974358974359,0.441025641025641,0.3230769230769231,-0.14983925469697362,0.04323052149139106,-0.000594574507617962,James Wiseman | Kevin Knox II | Royce White | Jonny Flynn | Fab Melo
xRAPM historical top30,risk,3,shooting + finishing_touch + motor_competitiveness,73,-0.06232176592180743,0.0604761904761903,0.3424657534246575,0.4931506849315068,0.5068493150684932,0.3287671232876712,-0.14275239371729298,0.02157023103659783,-0.002078647856607385,James Wiseman | Kevin Knox II | Craig Brackins | Fab Melo | Patrick Williams
xRAPM historical top30,risk,3,shooting + finishing_touch + defense,93,-0.06141202269774956,0.04478835978836,0.3225806451612903,0.4838709677419355,0.5161290322580645,0.26881720430107525,-0.1418426504932351,0.0016851227732306295,-0.06202856684320335,James Wiseman | Kevin Knox II | Jahlil Okafor | Craig Brackins | Fab Melo
xRAPM historical mature,risk,3,feel_iq_passing + shooting + defense,247,-0.060981019850230134,-0.2281854838709676,0.39271255060728744,0.5789473684210527,0.42105263157894735,0.2874493927125506,-0.14848879906790644,0.05132768748329386,-0.03622210487199046,James Wiseman | Kevin Knox II | Craig Brackins | Jonny Flynn | Fab Melo
xRAPM historical top30,risk,2,finishing_touch + injury_medical,17,-0.05900755985267911,-0.0042063492063492,0.35294117647058826,0.5294117647058824,0.47058823529411764,0.29411764705882354,-0.13943818764816465,0.032045654082528574,-0.03672812408545506,James Wiseman | Arnett Moultrie | Tibor Pleiss | Harry Giles III | Daniel Orton
xRAPM historical top30,risk,3,finishing_touch + athleticism_tools + injury_medical,17,-0.05900755985267911,-0.0042063492063492,0.35294117647058826,0.5294117647058824,0.47058823529411764,0.29411764705882354,-0.13943818764816465,0.032045654082528574,-0.03672812408545506,James Wiseman | Arnett Moultrie | Tibor Pleiss | Harry Giles III | Daniel Orton
xRAPM historical mature,risk,3,creation_handle + size_frame + production_stats,46,-0.0587434004521776,-0.00857686891961085,0.34782608695652173,0.5,0.5,0.32608695652173914,-0.1462511796698539,0.0064412238325281534,0.0024154589371980784,Kevin Knox II | Tyler Lydon | Udoka Azubuike | Bismack Biyombo | Thon Maker
xRAPM historical top30,risk,3,shooting + defense + motor_competitiveness,146,-0.05865205676624265,-0.13467413034786074,0.3698630136986301,0.5342465753424658,0.4657534246575342,0.3013698630136986,-0.13908268456172818,0.04896749131057043,-0.029475908130579986,James Wiseman | Kevin Knox II | Craig Brackins | Jonny Flynn | Fab Melo
xRAPM historical top30,risk,3,finishing_touch + defense + motor_competitiveness,65,-0.05726551610986976,0.1142063492063494,0.3230769230769231,0.47692307692307695,0.5230769230769231,0.2923076923076923,-0.1376961439053553,0.0021814006888634108,-0.038538078836586276,James Wiseman | Kevin Knox II | Craig Brackins | Fab Melo | Justin Patton
xRAPM historical mature,risk,2,defense + size_frame,181,-0.057225569186440235,-0.1855000000000002,0.3812154696132597,0.5524861878453039,0.44751381215469616,0.30386740331491713,-0.14473334840411653,0.03983060648926612,-0.01980409426962393,James Wiseman | Anthony Bennett | Kevin Knox II | Jonny Flynn | Fab Melo
xRAPM historical mature,risk,3,shooting + athleticism_tools + injury_medical,54,-0.05395319562150457,-0.2524721469436917,0.35185185185185186,0.5555555555555556,0.4444444444444444,0.2777777777777778,-0.14146097483918088,0.010466988727858284,-0.04589371980676327,James Wiseman | Mfiondu Kabengele | Brice Johnson | Victor Claver | Demetrius Jackson
xRAPM historical top15,risk,3,feel_iq_passing + upside_tools + risk_uncertainty,18,-0.05388469306480058,0.0814814814814814,0.3333333333333333,0.5,0.5,0.2222222222222222,-0.1686368008718026,0.036036036036036,-0.12912912912912916,James Wiseman | James Bouknight | Marvin Bagley III | Julius Randle | Andrew Wiggins
xRAPM historical mature,risk,2,shooting + size_frame,198,-0.05381245359803325,-0.2025786782061367,0.3838383838383838,0.5555555555555556,0.4444444444444444,0.32323232323232326,-0.14132023281570955,0.042453520714390236,-0.0004391743522177971,James Wiseman | Kevin Knox II | Royce White | Jonny Flynn | Fab Melo
xRAPM historical top30,risk,3,feel_iq_passing + creation_handle + size_frame,51,-0.05082935854368902,-0.1198360655737704,0.35294117647058826,0.5294117647058824,0.47058823529411764,0.3333333333333333,-0.13125998633917457,0.032045654082528574,0.002487562189054715,Kevin Knox II | Jonny Flynn | Vernon Carey Jr. | Archie Goodwin | Bismack Biyombo
xRAPM historical mature,risk,3,feel_iq_passing + upside_tools + defense,92,-0.0506453317339528,-0.1034005376344087,0.3695652173913043,0.5543478260869565,0.44565217391304346,0.29347826086956524,-0.1381531109516291,0.028180354267310748,-0.030193236714975813,James Wiseman | Kevin Knox II | Fab Melo | Elijah Hughes | Rakeem Christmas
xRAPM historical top30,risk,3,finishing_touch + defense + injury_medical,12,-0.05020038295201351,0.0550000000000001,0.3333333333333333,0.5,0.5,0.25,-0.13063101074749905,0.01243781094527363,-0.0808457711442786,James Wiseman | Arnett Moultrie | Daniel Orton | Dzanan Musa | Romeo Langford
xRAPM historical top15,risk,3,feel_iq_passing + shooting + defense,79,-0.049643847739594675,-0.0042063492063492,0.34177215189873417,0.5063291139240507,0.4936708860759494,0.27848101265822783,-0.1643959555465967,0.04447485460143685,-0.07287033869312354,James Wiseman | Kevin Knox II | Jonny Flynn | Emmanuel Mudiay | Jalen Green
xRAPM historical mature,risk,3,shooting + creation_handle + risk_uncertainty,41,-0.0495598369987653,-0.101155913978495,0.34146341463414637,0.5121951219512195,0.4878048780487805,0.2682926829268293,-0.1370676162164416,7.855151015279116e-05,-0.05537881465771177,Royce White | Tyler Lydon | Bismack Biyombo | Thon Maker | Shabazz Muhammad
xRAPM historical top30,risk,2,shooting + motor_competitiveness,181,-0.046488380037093935,-0.1736021505376342,0.35911602209944754,0.5414364640883977,0.4585635359116022,0.32044198895027626,-0.12691900783257948,0.038220499711387856,-0.010403782194002342,James Wiseman | Kevin Knox II | Craig Brackins | Josh Jackson | Jonny Flynn
xRAPM historical top30,risk,2,defense + motor_competitiveness,161,-0.0428119847872819,-0.0762037037037035,0.36645962732919257,0.515527950310559,0.484472049689441,0.3105590062111801,-0.12324261258276745,0.04556410494113289,-0.0202867649330985,James Wiseman | Anthony Bennett | Kevin Knox II | Craig Brackins | Jonny Flynn
xRAPM historical top30,risk,3,defense + motor_competitiveness + size_frame,86,-0.042075383091542864,-0.052585978835978646,0.36046511627906974,0.5116279069767442,0.4883720930232558,0.313953488372093,-0.12250601088702841,0.03956959389101006,-0.016892282772185574,James Wiseman | Anthony Bennett | Kevin Knox II | Jonny Flynn | Fab Melo
xRAPM historical mature,risk,2,defense + motor_competitiveness,216,-0.04123641311431428,-0.15266837826273,0.3888888888888889,0.5324074074074074,0.4675925925925926,0.3148148148148148,-0.12874419233199058,0.04750402576489532,-0.008856682769726232,James Wiseman | Anthony Bennett | Kevin Knox II | Craig Brackins | Jonny Flynn
xRAPM historical top30,risk,3,finishing_touch + production_stats + risk_uncertainty,15,-0.03978857616650681,0.1810317460317458,0.3333333333333333,0.4666666666666667,0.5333333333333333,0.26666666666666666,-0.12021920396199234,0.01243781094527363,-0.06417910447761194,James Wiseman | Fab Melo | Bismack Biyombo | Julius Randle | Harry Giles III
xRAPM historical mature,risk,3,defense + size_frame + risk_uncertainty,44,-0.03568223177947854,-0.09485317460317469,0.38636363636363635,0.5227272727272727,0.4772727272727273,0.3409090909090909,-0.12319001099715485,0.04497877323964278,0.017237593324549827,James Wiseman | Fab Melo | Tyler Lydon | Victor Claver | Bismack Biyombo
xRAPM historical top30,risk,2,feel_iq_passing + finishing_touch,92,-0.035294837641771715,0.03991402116402105,0.33695652173913043,0.4891304347826087,0.5108695652173914,0.31521739130434784,-0.11572546543725726,0.01606099935107075,-0.01562837983993076,James Wiseman | Kevin Knox II | Craig Brackins | Fab Melo | Patrick Williams
xRAPM historical top30,risk,3,feel_iq_passing + finishing_touch + athleticism_tools,92,-0.035294837641771715,0.03991402116402105,0.33695652173913043,0.4891304347826087,0.5108695652173914,0.31521739130434784,-0.11572546543725726,0.01606099935107075,-0.01562837983993076,James Wiseman | Kevin Knox II | Craig Brackins | Fab Melo | Patrick Williams
xRAPM historical top30,risk,2,production_stats + risk_uncertainty,39,-0.035106539731668225,-0.3998360655737707,0.3333333333333333,0.5641025641025641,0.4358974358974359,0.2564102564102564,-0.11553716752715376,0.01243781094527363,-0.07443551473402221,James Wiseman | Fab Melo | Bismack Biyombo | Shabazz Muhammad | Tyler Honeycutt
xRAPM historical mature,risk,3,defense + production_stats + injury_medical,26,-0.0350813124494405,-0.22717413034786083,0.34615384615384615,0.5769230769230769,0.4230769230769231,0.2692307692307692,-0.1225890916671168,0.004768983029852569,-0.05444072835377184,James Wiseman | Victor Claver | Rashad Vaughn | Shabazz Muhammad | Zhou Qi
xRAPM historical mature,risk,3,shooting + production_stats + injury_medical,30,-0.03414082077339564,-0.20013408216960143,0.3333333333333333,0.5666666666666667,0.43333333333333335,0.26666666666666666,-0.12164859999107194,-0.008051529790660261,-0.057004830917874394,James Wiseman | Victor Claver | Rashad Vaughn | Shabazz Muhammad | Zhou Qi
xRAPM historical mature,risk,3,feel_iq_passing + defense + risk_uncertainty,65,-0.03184160629148878,-0.0042063492063492,0.36923076923076925,0.5230769230769231,0.47692307692307695,0.27692307692307694,-0.11934938550916507,0.027845906106775675,-0.04674842066146412,James Wiseman | Fab Melo | Tyler Lydon | Emmanuel Mudiay | Victor Claver
xRAPM historical mature,risk,2,shooting + motor_competitiveness,246,-0.03164872287416116,-0.18717413034786073,0.37398373983739835,0.5447154471544715,0.45528455284552843,0.3170731707317073,-0.11915650209183745,0.03259887671340478,-0.006598326852833736,James Wiseman | Kevin Knox II | Craig Brackins | Josh Jackson | Jonny Flynn
xRAPM historical top30,risk,3,feel_iq_passing + shooting + athleticism_tools,215,-0.031093897058693348,-0.1495121951219511,0.3395348837209302,0.5488372093023256,0.4511627906976744,0.30697674418604654,-0.1115245248541789,0.01863936133287053,-0.023869026958232065,James Wiseman | Kevin Knox II | Craig Brackins | Jonny Flynn | Fab Melo
xRAPM historical mature,risk,3,shooting + finishing_touch + motor_competitiveness,98,-0.02916585278646265,0.08734126984126984,0.35714285714285715,0.4897959183673469,0.5102040816326531,0.32653061224489793,-0.11667363200413895,0.015757994018863575,0.0028591146603568762,James Wiseman | Kevin Knox II | Craig Brackins | Fab Melo | Patrick Williams
xRAPM historical mature,risk,3,feel_iq_passing + shooting + athleticism_tools,315,-0.029147896687774757,-0.2056451612903225,0.37142857142857144,0.5714285714285714,0.42857142857142855,0.3047619047619048,-0.11665567590545106,0.030043708304577865,-0.018909592822636268,James Wiseman | Kevin Knox II | Craig Brackins | Josh Christopher | Jonny Flynn
xRAPM historical mature,risk,2,athleticism_tools + injury_medical,63,-0.029022778420783543,-0.1748360655737706,0.3492063492063492,0.5238095238095238,0.47619047619047616,0.31746031746031744,-0.11653055763845985,0.007821486082355611,-0.006211180124223614,James Wiseman | Anthony Bennett | Mfiondu Kabengele | Stephen Zimmerman | Brice Johnson
xRAPM historical top30,risk,3,feel_iq_passing + defense + injury_medical,30,-0.028649752148978306,-0.08952120739005989,0.36666666666666664,0.5333333333333333,0.4666666666666667,0.3,-0.10908037994446385,0.04577114427860696,-0.03084577114427861,James Wiseman | Brice Johnson | Rashad Vaughn | Shabazz Muhammad | Kevin Seraphin
PIE available minutes weighted,risk,3,defense + motor_competitiveness + intel_consensus,12,-0.028565201008810524,-0.0287071372220176,0.0,0.6666666666666666,0.3333333333333333,0.0,-0.03328460768775063,0.0,0.0,Fab Melo | Diamond Stone | Glen Rice | Dante Exum | Andrew Wiggins
xRAPM historical mature,risk,2,shooting + risk_uncertainty,104,-0.02839813558218559,-0.1925060975609758,0.34615384615384615,0.5673076923076923,0.4326923076923077,0.2692307692307692,-0.1159059147998619,0.004768983029852569,-0.05444072835377184,James Wiseman | Royce White | Fab Melo | Tyler Lydon | Mfiondu Kabengele
xRAPM historical top15,risk,2,size_frame + injury_medical,12,-0.02804768328488157,0.19541666666666674,0.3333333333333333,0.4166666666666667,0.5833333333333334,0.4166666666666667,-0.1427997910918836,0.036036036036036,0.06531531531531531,James Wiseman | Anthony Bennett | Shabazz Muhammad | Alex Len | Kyrie Irving
xRAPM historical top15,risk,3,athleticism_tools + size_frame + injury_medical,12,-0.02804768328488157,0.19541666666666674,0.3333333333333333,0.4166666666666667,0.5833333333333334,0.4166666666666667,-0.1427997910918836,0.036036036036036,0.06531531531531531,James Wiseman | Anthony Bennett | Shabazz Muhammad | Alex Len | Kyrie Irving
PIE top30,risk,3,defense + motor_competitiveness + intel_consensus,10,-0.027557733539658368,-0.0287071372220176,0.0,0.7,0.3,0.0,-0.030605739182956455,0.0,0.0,Fab Melo | Glen Rice | Dante Exum | Andrew Wiggins | Ben McLemore
xRAPM historical top30,risk,3,feel_iq_passing + finishing_touch + defense,69,-0.02613544069292359,0.0410317460317459,0.30434782608695654,0.4927536231884058,0.5072463768115942,0.2753623188405797,-0.10656606848840913,-0.016547696301103143,-0.05548345230369889,James Wiseman | Kevin Knox II | Craig Brackins | Fab Melo | Rakeem Christmas
PIE available minutes weighted,risk,3,upside_tools + motor_competitiveness + intel_consensus,10,-0.02581641691894489,-0.03575860633077675,0.0,0.6,0.4,0.0,-0.03053582359788499,0.0,0.0,Fab Melo | Diamond Stone | Dante Exum | Andrew Wiggins | Ben McLemore
PIE available minutes weighted,risk,3,defense + production_stats + intel_consensus,10,-0.02527141919500813,-0.01536219744434705,0.0,0.6,0.4,0.0,-0.029990825873948232,0.0,0.0,Fab Melo | Diamond Stone | Dante Exum | Andrew Wiggins | Marcus Smart
xRAPM historical top30,risk,3,size_frame + production_stats + risk_uncertainty,20,-0.025024086252169266,-0.20202120739005996,0.35,0.55,0.45,0.35,-0.1054547140476548,0.029104477611940294,0.019154228855721378,James Wiseman | Fab Melo | Bismack Biyombo | Shabazz Muhammad | Tyler Honeycutt
xRAPM historical mature,risk,2,shooting + defense,369,-0.02441607084241309,-0.1855000000000002,0.37398373983739835,0.5582655826558266,0.44173441734417346,0.2899728997289973,-0.1119238500600894,0.03259887671340478,-0.033698597855543744,James Wiseman | Kevin Knox II | Jahlil Okafor | Craig Brackins | Jonny Flynn
xRAPM historical mature,risk,2,defense + risk_uncertainty,85,-0.023834157189351505,-0.0661788617886176,0.36470588235294116,0.5411764705882353,0.4588235294117647,0.2823529411764706,-0.1113419364070278,0.02332101922894758,-0.04131855640807047,James Wiseman | Fab Melo | Tyler Lydon | Emmanuel Mudiay | Victor Claver
PIE available minutes weighted,risk,2,defense + intel_consensus,14,-0.02374263746999485,-0.01536219744434705,0.0,0.6428571428571429,0.35714285714285715,0.0,-0.02846204414893495,0.0,0.0,Fab Melo | Diamond Stone | Glen Rice | Dante Exum | Andrew Wiggins
PIE available minutes weighted,risk,3,athleticism_tools + defense + intel_consensus,14,-0.02374263746999485,-0.01536219744434705,0.0,0.6428571428571429,0.35714285714285715,0.0,-0.02846204414893495,0.0,0.0,Fab Melo | Diamond Stone | Glen Rice | Dante Exum | Andrew Wiggins
xRAPM historical top30,risk,3,creation_handle + finishing_touch + size_frame,27,-0.02302876340187281,-0.1198360655737704,0.4444444444444444,0.5555555555555556,0.4444444444444444,0.3333333333333333,-0.10345939119735835,0.12354892205638474,0.002487562189054715,Kevin Knox II | Justin Harper | Vernon Carey Jr. | Bismack Biyombo | RJ Barrett
PIE available minutes weighted,risk,3,shooting + defense + intel_consensus,13,-0.022318294219227954,-0.0126794966868908,0.0,0.6153846153846154,0.38461538461538464,0.0,-0.027037700898168055,0.0,0.0,Fab Melo | Diamond Stone | Glen Rice | Dante Exum | Ben McLemore
PIE top30,risk,2,defense + intel_consensus,12,-0.02209932065589877,-0.01536219744434705,0.0,0.6666666666666666,0.3333333333333333,0.0,-0.02514732629919686,0.0,0.0,Fab Melo | Glen Rice | Dante Exum | Andrew Wiggins | Ben McLemore
PIE top30,risk,3,athleticism_tools + defense + intel_consensus,12,-0.02209932065589877,-0.01536219744434705,0.0,0.6666666666666666,0.3333333333333333,0.0,-0.02514732629919686,0.0,0.0,Fab Melo | Glen Rice | Dante Exum | Andrew Wiggins | Ben McLemore
xRAPM historical mature,risk,2,athleticism_tools + production_stats,218,-0.021772045133749435,-0.1742191080557024,0.3486238532110092,0.5412844036697247,0.45871559633027525,0.3119266055045872,-0.10927982435142573,0.007238990087015618,-0.011744892079953884,James Wiseman | Kevin Knox II | Jahlil Okafor | Craig Brackins | Josh Christopher
PIE available minutes weighted,risk,2,production_stats + intel_consensus,13,-0.021145626761137872,-0.0180448982018033,0.0,0.6153846153846154,0.38461538461538464,0.0,-0.025865033440077973,0.0,0.0,Fab Melo | Diamond Stone | Dante Exum | Andrew Wiggins | Patrick Williams
PIE available minutes weighted,risk,3,athleticism_tools + production_stats + intel_consensus,13,-0.021145626761137872,-0.0180448982018033,0.0,0.6153846153846154,0.38461538461538464,0.0,-0.025865033440077973,0.0,0.0,Fab Melo | Diamond Stone | Dante Exum | Andrew Wiggins | Patrick Williams
xRAPM historical top15,risk,2,feel_iq_passing + defense,87,-0.020627436373532818,-0.0042063492063492,0.3448275862068966,0.5057471264367817,0.4942528735632184,0.2988505747126437,-0.13537954418053486,0.04753028890959926,-0.05250077663870767,James Wiseman | Kevin Knox II | Jonny Flynn | Derrick Williams | Emmanuel Mudiay
PIE available minutes weighted,risk,3,motor_competitiveness + production_stats + intel_consensus,12,-0.020314608207857826,-0.01536219744434705,0.0,0.5833333333333334,0.4166666666666667,0.0,-0.025034014886797927,0.0,0.0,Fab Melo | Diamond Stone | Dante Exum | Andrew Wiggins | Patrick Williams
PIE top30,risk,3,shooting + defense + intel_consensus,11,-0.020266613467347348,-0.0126794966868908,0.0,0.6363636363636364,0.36363636363636365,0.0,-0.02331461911064544,0.0,0.0,Fab Melo | Glen Rice | Dante Exum | Ben McLemore | Marcus Smart
PIE top15,risk,3,creation_handle + finishing_touch + upside_tools,14,-0.01997700139057969,-0.0181384110988859,0.0,0.8571428571428571,0.14285714285714285,0.0,-0.023284242631657254,0.0,0.0,Hasheem Thabeet | Dante Exum | Isaac Okoro | Ekpe Udoh | Wesley Johnson
PIE available minutes weighted,risk,2,motor_competitiveness + intel_consensus,16,-0.01958287669480173,-0.0208835722240178,0.0,0.625,0.375,0.0,-0.02430228337374183,0.0,0.0,Fab Melo | Diamond Stone | Glen Rice | Dante Exum | Andrew Wiggins
PIE available minutes weighted,risk,3,athleticism_tools + motor_competitiveness + intel_consensus,16,-0.01958287669480173,-0.0208835722240178,0.0,0.625,0.375,0.0,-0.02430228337374183,0.0,0.0,Fab Melo | Diamond Stone | Glen Rice | Dante Exum | Andrew Wiggins
PIE available minutes weighted,risk,3,feel_iq_passing + production_stats + intel_consensus,10,-0.01950085744987589,-0.02458137380115085,0.0,0.6,0.4,0.0,-0.02422026412881599,0.0,0.0,Fab Melo | Dante Exum | Andrew Wiggins | Patrick Williams | De'Andre Hunter
PIE top30,risk,3,feel_iq_passing + production_stats + intel_consensus,10,-0.01950085744987589,-0.02458137380115085,0.0,0.6,0.4,0.0,-0.022548863093173978,0.0,0.0,Fab Melo | Dante Exum | Andrew Wiggins | Patrick Williams | De'Andre Hunter
xRAPM historical top30,risk,3,feel_iq_passing + shooting + size_frame,96,-0.019387843326748755,-0.09801988463873695,0.3541666666666667,0.53125,0.46875,0.34375,-0.0998184711222343,0.033271144278607,0.0129042288557214,James Wiseman | Kevin Knox II | Jonny Flynn | Fab Melo | Mfiondu Kabengele
PIE available minutes weighted,risk,3,shooting + production_stats + intel_consensus,12,-0.01938617068040232,-0.01536219744434705,0.0,0.5833333333333334,0.4166666666666667,0.0,-0.02410557735934242,0.0,0.0,Fab Melo | Diamond Stone | Dante Exum | Patrick Williams | De'Andre Hunter
xRAPM historical top30,risk,3,feel_iq_passing + motor_competitiveness + size_frame,71,-0.019143768938796858,-0.1198360655737704,0.38028169014084506,0.5352112676056338,0.4647887323943662,0.323943661971831,-0.0995743967342824,0.05938616775278538,-0.006902109172447601,James Wiseman | Kevin Knox II | Jonny Flynn | Fab Melo | Derrick Williams
PIE top30,risk,3,athleticism_tools + production_stats + intel_consensus,11,-0.018880733744149975,-0.0180448982018033,0.0,0.6363636363636364,0.36363636363636365,0.0,-0.021928739387448062,0.0,0.0,Fab Melo | Dante Exum | Andrew Wiggins | Patrick Williams | De'Andre Hunter
xRAPM historical mature,risk,3,feel_iq_passing + motor_competitiveness + injury_medical,28,-0.018301786277987262,-0.030314858183710602,0.35714285714285715,0.5,0.5,0.35714285714285715,-0.10580956549566356,0.015757994018863575,0.033471359558316094,James Wiseman | Brice Johnson | Victor Claver | Demetrius Jackson | Shabazz Muhammad
PIE available minutes weighted,risk,2,upside_tools + intel_consensus,13,-0.018101925432244377,-0.0311178494004984,0.0,0.5384615384615384,0.46153846153846156,0.0,-0.022821332111184478,0.0,0.0,Fab Melo | Diamond Stone | Dante Exum | Andrew Wiggins | Ben McLemore
PIE available minutes weighted,risk,3,athleticism_tools + upside_tools + intel_consensus,13,-0.018101925432244377,-0.0311178494004984,0.0,0.5384615384615384,0.46153846153846156,0.0,-0.022821332111184478,0.0,0.0,Fab Melo | Diamond Stone | Dante Exum | Andrew Wiggins | Ben McLemore
PIE available minutes weighted,risk,3,shooting + motor_competitiveness + intel_consensus,15,-0.01807112849245755,-0.0180448982018033,0.0,0.6,0.4,0.0,-0.02279053517139765,0.0,0.0,Fab Melo | Diamond Stone | Glen Rice | Dante Exum | Ben McLemore
PIE available minutes weighted,risk,3,feel_iq_passing + motor_competitiveness + intel_consensus,13,-0.017957034901599563,-0.0237222462462323,0.0,0.6153846153846154,0.38461538461538464,0.0,-0.022676441580539664,0.0,0.0,Fab Melo | Glen Rice | Dante Exum | Andrew Wiggins | Ben McLemore
PIE top30,risk,3,feel_iq_passing + motor_competitiveness + intel_consensus,13,-0.017957034901599563,-0.0237222462462323,0.0,0.6153846153846154,0.38461538461538464,0.0,-0.02100504054489765,0.0,0.0,Fab Melo | Glen Rice | Dante Exum | Andrew Wiggins | Ben McLemore
PIE top30,risk,3,motor_competitiveness + production_stats + intel_consensus,10,-0.01765702217851513,-0.01536219744434705,0.0,0.6,0.4,0.0,-0.020705027821813222,0.0,0.0,Fab Melo | Dante Exum | Andrew Wiggins | Patrick Williams | Marcus Smart
PIE available minutes weighted,risk,3,shooting + finishing_touch + intel_consensus,11,-0.017604988323309756,-0.0087747019535103,0.0,0.5454545454545454,0.45454545454545453,0.0,-0.022324395002249857,0.0,0.0,Fab Melo | Diamond Stone | Dante Exum | Patrick Williams | Marcus Smart
PIE available minutes weighted,risk,3,finishing_touch + athleticism_tools + intel_consensus,11,-0.017604988323309756,-0.0087747019535103,0.0,0.5454545454545454,0.45454545454545453,0.0,-0.022324395002249857,0.0,0.0,Fab Melo | Diamond Stone | Dante Exum | Patrick Williams | Marcus Smart
PIE top30,risk,2,motor_competitiveness + intel_consensus,14,-0.017580067886263224,-0.0208835722240178,0.0,0.6428571428571429,0.35714285714285715,0.0,-0.020628073529561315,0.0,0.0,Fab Melo | Glen Rice | Dante Exum | Andrew Wiggins | Ben McLemore
PIE top30,risk,3,athleticism_tools + motor_competitiveness + intel_consensus,14,-0.017580067886263224,-0.0208835722240178,0.0,0.6428571428571429,0.35714285714285715,0.0,-0.020628073529561315,0.0,0.0,Fab Melo | Glen Rice | Dante Exum | Andrew Wiggins | Ben McLemore
xRAPM historical top15,risk,3,feel_iq_passing + shooting + athleticism_tools,99,-0.016889811266433314,-0.0289682539682538,0.3434343434343434,0.5151515151515151,0.48484848484848486,0.31313131313131315,-0.13164191907343534,0.04613704613704611,-0.03822003822003822,James Wiseman | Kevin Knox II | Jonny Flynn | Patrick Williams | Jalen Green
PIE top30,risk,3,shooting + production_stats + intel_consensus,10,-0.016542897145568523,-0.01536219744434705,0.0,0.6,0.4,0.0,-0.01959090278886661,0.0,0.0,Fab Melo | Dante Exum | Patrick Williams | De'Andre Hunter | Marcus Smart
PIE available minutes weighted,risk,3,feel_iq_passing + upside_tools + intel_consensus,11,-0.016216658740317393,-0.0311178494004984,0.0,0.5454545454545454,0.45454545454545453,0.0,-0.020936065419257494,0.0,0.0,Fab Melo | Dante Exum | Andrew Wiggins | Ben McLemore | Patrick Williams
PIE top30,risk,3,feel_iq_passing + upside_tools + intel_consensus,11,-0.016216658740317393,-0.0311178494004984,0.0,0.5454545454545454,0.45454545454545453,0.0,-0.01926466438361548,0.0,0.0,Fab Melo | Dante Exum | Andrew Wiggins | Ben McLemore | Patrick Williams
xRAPM historical mature,risk,3,creation_handle + motor_competitiveness + size_frame,57,-0.016117218964619363,0.0001639344262294,0.3508771929824561,0.49122807017543857,0.5087719298245614,0.3157894736842105,-0.10362499818229566,0.009492329858462545,-0.007882023900330548,Kevin Knox II | Jonny Flynn | Tyler Lydon | Vernon Carey Jr. | Udoka Azubuike
PIE available minutes weighted,risk,3,shooting + upside_tools + intel_consensus,12,-0.01608882757410103,-0.0149608325533481,0.0,0.5,0.5,0.0,-0.02080823425304113,0.0,0.0,Fab Melo | Diamond Stone | Dante Exum | Ben McLemore | Patrick Williams
PIE top30,risk,3,shooting + motor_competitiveness + intel_consensus,13,-0.015681680821363123,-0.0180448982018033,0.0,0.6153846153846154,0.38461538461538464,0.0,-0.018729686464661215,0.0,0.0,Fab Melo | Glen Rice | Dante Exum | Ben McLemore | Patrick Williams
xRAPM historical mature,risk,3,shooting + motor_competitiveness + injury_medical,35,-0.015398637752288787,-0.3798360655737707,0.34285714285714286,0.5428571428571428,0.45714285714285713,0.3142857142857143,-0.10290641696996508,0.0014722797331492843,-0.009385783298826778,James Wiseman | Brice Johnson | Victor Claver | Demetrius Jackson | Shabazz Muhammad
xRAPM historical mature,risk,3,athleticism_tools + defense + motor_competitiveness,213,-0.015370068037329307,-0.1198360655737704,0.38028169014084506,0.5258215962441315,0.47417840375586856,0.3192488262910798,-0.10287784725500561,0.03889682701685149,-0.0044226712934612444,James Wiseman | Anthony Bennett | Kevin Knox II | Craig Brackins | Jonny Flynn
PIE available minutes weighted,risk,2,feel_iq_passing + intel_consensus,15,-0.0153175003086554,-0.0237222462462323,0.0,0.6,0.4,0.0,-0.020036906987595502,0.0,0.0,Fab Melo | Glen Rice | Dante Exum | Andrew Wiggins | Ben McLemore
PIE top30,risk,2,feel_iq_passing + intel_consensus,15,-0.0153175003086554,-0.0237222462462323,0.0,0.6,0.4,0.0,-0.01836550595195349,0.0,0.0,Fab Melo | Glen Rice | Dante Exum | Andrew Wiggins | Ben McLemore
PIE available minutes weighted,risk,3,feel_iq_passing + athleticism_tools + intel_consensus,15,-0.0153175003086554,-0.0237222462462323,0.0,0.6,0.4,0.0,-0.020036906987595502,0.0,0.0,Fab Melo | Glen Rice | Dante Exum | Andrew Wiggins | Ben McLemore
PIE top30,risk,3,feel_iq_passing + athleticism_tools + intel_consensus,15,-0.0153175003086554,-0.0237222462462323,0.0,0.6,0.4,0.0,-0.01836550595195349,0.0,0.0,Fab Melo | Glen Rice | Dante Exum | Andrew Wiggins | Ben McLemore
PIE available minutes weighted,risk,2,athleticism_tools + intel_consensus,20,-0.0149630795250033,-0.01536219744434705,0.0,0.6,0.4,0.0,-0.019682486203943403,0.0,0.0,Fab Melo | Diamond Stone | Glen Rice | Dante Exum | Andrew Wiggins
xRAPM historical mature,risk,3,shooting + finishing_touch + defense,135,-0.014606408675022768,-0.0976587301587306,0.3333333333333333,0.5185185185185185,0.48148148148148145,0.2740740740740741,-0.10211418789269908,-0.008051529790660261,-0.049597423510466976,James Wiseman | Kevin Knox II | Jahlil Okafor | Craig Brackins | Fab Melo
xRAPM historical mature,risk,3,feel_iq_passing + upside_tools + motor_competitiveness,72,-0.014287123695144541,-0.1034005376344087,0.3472222222222222,0.5416666666666666,0.4583333333333333,0.3194444444444444,-0.10179490291282084,0.005837359098228634,-0.004227053140096637,James Wiseman | Kevin Knox II | Fab Melo | Patrick Williams | Rakeem Christmas
PIE top15,risk,3,creation_handle + finishing_touch + production_stats,16,-0.013924425304056055,-0.01216689889832065,0.0,0.8125,0.1875,0.0,-0.01723166654513362,0.0,0.0,Dante Exum | Isaac Okoro | Wesley Johnson | Jan Vesely | Patrick Williams
xRAPM historical mature,risk,3,feel_iq_passing + shooting + upside_tools,117,-0.013628426281096074,-0.1171031746031743,0.3504273504273504,0.5555555555555556,0.4444444444444444,0.3076923076923077,-0.10113620549877238,0.009042487303356828,-0.015979189892233348,James Wiseman | Kevin Knox II | Fab Melo | Elijah Hughes | Patrick Williams
PIE available minutes weighted,risk,2,shooting + intel_consensus,19,-0.01352644688263692,-0.0126794966868908,0.0,0.5789473684210527,0.42105263157894735,0.0,-0.01824585356157702,0.0,0.0,Fab Melo | Diamond Stone | Glen Rice | Dante Exum | Ben McLemore
PIE available minutes weighted,risk,3,shooting + athleticism_tools + intel_consensus,19,-0.01352644688263692,-0.0126794966868908,0.0,0.5789473684210527,0.42105263157894735,0.0,-0.01824585356157702,0.0,0.0,Fab Melo | Diamond Stone | Glen Rice | Dante Exum | Ben McLemore
xRAPM historical top30,risk,3,finishing_touch + athleticism_tools + defense,105,-0.01352621158587451,0.0604761904761903,0.3238095238095238,0.47619047619047616,0.5238095238095238,0.2761904761904762,-0.09395683938136005,0.0029140014214641408,-0.05465529495380239,James Wiseman | Kevin Knox II | Jahlil Okafor | Craig Brackins | Fab Melo
PIE available minutes weighted,risk,3,feel_iq_passing + shooting + intel_consensus,14,-0.013393100349990463,-0.0208835722240178,0.0,0.5714285714285714,0.42857142857142855,0.0,-0.018112507028930566,0.0,0.0,Fab Melo | Glen Rice | Dante Exum | Ben McLemore | Patrick Williams
PIE top30,risk,3,feel_iq_passing + shooting + intel_consensus,14,-0.013393100349990463,-0.0208835722240178,0.0,0.5714285714285714,0.42857142857142855,0.0,-0.016441105993288553,0.0,0.0,Fab Melo | Glen Rice | Dante Exum | Ben McLemore | Patrick Williams
PIE top30,risk,2,upside_tools + intel_consensus,12,-0.013268588055348552,-0.0149608325533481,0.0,0.5,0.5,0.0,-0.01631659369864664,0.0,0.0,Fab Melo | Dante Exum | Andrew Wiggins | Ben McLemore | Patrick Williams
PIE top30,risk,3,athleticism_tools + upside_tools + intel_consensus,12,-0.013268588055348552,-0.0149608325533481,0.0,0.5,0.5,0.0,-0.01631659369864664,0.0,0.0,Fab Melo | Dante Exum | Andrew Wiggins | Ben McLemore | Patrick Williams
PIE top30,risk,2,athleticism_tools + intel_consensus,18,-0.01289202854394019,-0.01536219744434705,0.0,0.6111111111111112,0.3888888888888889,0.0,-0.01594003418723828,0.0,0.0,Fab Melo | Glen Rice | Dante Exum | Andrew Wiggins | Ben McLemore
PIE top15,risk,3,creation_handle + upside_tools + motor_competitiveness,19,-0.012814390364559398,-0.0079302392312203,0.0,0.7368421052631579,0.2631578947368421,0.0,-0.01612163160563696,0.0,0.0,Hasheem Thabeet | Dante Exum | Ekpe Udoh | Ben McLemore | Patrick Williams
xRAPM historical top15,risk,2,defense + motor_competitiveness,73,-0.012679909397313036,0.1142063492063494,0.3424657534246575,0.4794520547945205,0.5205479452054794,0.3287671232876712,-0.12743201720431507,0.0451684561273602,-0.022584228063680156,James Wiseman | Anthony Bennett | Kevin Knox II | Jonny Flynn | Derrick Williams
PIE available minutes weighted,risk,2,size_frame + intel_consensus,12,-0.0126047149136624,-0.01072709932020055,0.0,0.5833333333333334,0.4166666666666667,0.0,-0.017324121592602503,0.0,0.0,Fab Melo | Diamond Stone | Dante Exum | De'Andre Hunter | Marcus Smart
PIE available minutes weighted,risk,3,shooting + size_frame + intel_consensus,12,-0.0126047149136624,-0.01072709932020055,0.0,0.5833333333333334,0.4166666666666667,0.0,-0.017324121592602503,0.0,0.0,Fab Melo | Diamond Stone | Dante Exum | De'Andre Hunter | Marcus Smart
PIE available minutes weighted,risk,3,athleticism_tools + size_frame + intel_consensus,12,-0.0126047149136624,-0.01072709932020055,0.0,0.5833333333333334,0.4166666666666667,0.0,-0.017324121592602503,0.0,0.0,Fab Melo | Diamond Stone | Dante Exum | De'Andre Hunter | Marcus Smart
xRAPM historical top30,risk,2,shooting + defense,246,-0.012384073128508092,-0.07849867724867704,0.35365853658536583,0.524390243902439,0.47560975609756095,0.3008130081300813,-0.09281470092399363,0.03276301419730615,-0.030032763014197272,James Wiseman | Kevin Knox II | Jahlil Okafor | Craig Brackins | Jonny Flynn
PIE top15,risk,3,feel_iq_passing + creation_handle + upside_tools,24,-0.011467168460508973,-0.00828911691491455,0.0,0.625,0.375,0.0,-0.014774409701586538,0.0,0.0,Hasheem Thabeet | Dante Exum | Isaac Okoro | Ekpe Udoh | Ben McLemore
xRAPM historical mature,risk,3,finishing_touch + upside_tools + risk_uncertainty,23,-0.011169215983758122,-0.0042063492063492,0.34782608695652173,0.5217391304347826,0.4782608695652174,0.21739130434782608,-0.09867699520143443,0.0064412238325281534,-0.10628019323671498,James Wiseman | Fab Melo | Julius Randle | Nico Mannion | Harry Giles III
PIE top30,risk,2,shooting + intel_consensus,17,-0.011164553768291698,-0.0126794966868908,0.0,0.5882352941176471,0.4117647058823529,0.0,-0.014212559411589788,0.0,0.0,Fab Melo | Glen Rice | Dante Exum | Ben McLemore | Patrick Williams
PIE top30,risk,3,shooting + athleticism_tools + intel_consensus,17,-0.011164553768291698,-0.0126794966868908,0.0,0.5882352941176471,0.4117647058823529,0.0,-0.014212559411589788,0.0,0.0,Fab Melo | Glen Rice | Dante Exum | Ben McLemore | Patrick Williams
xRAPM historical mature,risk,2,athleticism_tools + size_frame,234,-0.010907323613670767,-0.19250609756097553,0.37606837606837606,0.5470085470085471,0.452991452991453,0.3247863247863248,-0.09841510283134706,0.03468351294438249,0.0011148272017837413,James Wiseman | Anthony Bennett | Kevin Knox II | Royce White | Jonny Flynn
PIE top30,risk,3,shooting + upside_tools + intel_consensus,11,-0.010633086994019826,0.0011961842938022,0.0,0.45454545454545453,0.5454545454545454,0.0,-0.013681092637317916,0.0,0.0,Fab Melo | Dante Exum | Ben McLemore | Patrick Williams | De'Andre Hunter
PIE top15,risk,3,creation_handle + upside_tools + production_stats,17,-0.010591732095309017,-0.0070386106803231,0.0,0.7058823529411765,0.29411764705882354,0.0,-0.013898973336386582,0.0,0.0,Dante Exum | Isaac Okoro | Wesley Johnson | Patrick Williams | Kevin Knox II
PIE top15,risk,3,feel_iq_passing + athleticism_tools + intel_consensus,10,-0.010573465117070222,-0.02458137380115085,0.0,0.6,0.4,0.0,-0.013880706358147787,0.0,0.0,Dante Exum | Andrew Wiggins | Ben McLemore | Patrick Williams | De'Andre Hunter
xRAPM historical top15,risk,3,creation_handle + motor_competitiveness + production_stats,19,-0.01042928528860641,-0.0289682539682538,0.3684210526315789,0.5263157894736842,0.47368421052631576,0.3684210526315789,-0.12518139309560844,0.07112375533428161,0.017069701280227556,Kevin Knox II | Patrick Williams | Shabazz Muhammad | Noah Vonleh | Lonnie Walker IV
PIE top15,risk,3,feel_iq_passing + creation_handle + finishing_touch,26,-0.010399216855362445,-0.01216689889832065,0.0,0.6923076923076923,0.3076923076923077,0.0,-0.01370645809644001,0.0,0.0,Hasheem Thabeet | Dante Exum | Isaac Okoro | Ekpe Udoh | Wesley Johnson
xRAPM historical mature,risk,3,feel_iq_passing + finishing_touch + defense,94,-0.009991514254798535,-0.1104959897761327,0.32978723404255317,0.5319148936170213,0.46808510638297873,0.26595744680851063,-0.09749929347247484,-0.011597629081440408,-0.05771405077603042,James Wiseman | Kevin Knox II | Craig Brackins | Fab Melo | Rakeem Christmas
PIE available minutes weighted,risk,3,shooting + creation_handle + intel_consensus,10,-0.00976517398673343,-0.0134098000776568,0.0,0.6,0.4,0.0,-0.01448458066567353,0.0,0.0,Dante Exum | Ben McLemore | Patrick Williams | Elliot Williams | Marcus Smart
PIE available minutes weighted,risk,3,creation_handle + athleticism_tools + intel_consensus,10,-0.00976517398673343,-0.0134098000776568,0.0,0.6,0.4,0.0,-0.01448458066567353,0.0,0.0,Dante Exum | Ben McLemore | Patrick Williams | Elliot Williams | Marcus Smart
PIE top30,risk,3,shooting + creation_handle + intel_consensus,10,-0.00976517398673343,-0.0134098000776568,0.0,0.6,0.4,0.0,-0.01281317963003152,0.0,0.0,Dante Exum | Ben McLemore | Patrick Williams | Elliot Williams | Marcus Smart
PIE top30,risk,3,creation_handle + athleticism_tools + intel_consensus,10,-0.00976517398673343,-0.0134098000776568,0.0,0.6,0.4,0.0,-0.01281317963003152,0.0,0.0,Dante Exum | Ben McLemore | Patrick Williams | Elliot Williams | Marcus Smart
PIE top15,risk,3,shooting + creation_handle + upside_tools,30,-0.009551675813214922,-0.00677822021520535,0.0,0.6666666666666666,0.3333333333333333,0.0,-0.012858917054292486,0.0,0.0,Hasheem Thabeet | Dante Exum | Isaac Okoro | Ekpe Udoh | Ben McLemore
PIE top15,risk,2,creation_handle + upside_tools,32,-0.009365328696881616,-0.00677822021520535,0.0,0.6875,0.3125,0.0,-0.01267256993795918,0.0,0.0,Hasheem Thabeet | Dante Exum | Isaac Okoro | Ekpe Udoh | Ben McLemore
PIE top15,risk,3,creation_handle + athleticism_tools + upside_tools,32,-0.009365328696881616,-0.00677822021520535,0.0,0.6875,0.3125,0.0,-0.01267256993795918,0.0,0.0,Hasheem Thabeet | Dante Exum | Isaac Okoro | Ekpe Udoh | Ben McLemore
PIE top15,risk,3,creation_handle + finishing_touch + motor_competitiveness,25,-0.009309329536913536,-0.0035027443005674,0.0,0.6,0.4,0.0,-0.012616570777991101,0.0,0.0,Hasheem Thabeet | Dante Exum | Dragan Bender | Ekpe Udoh | Jan Vesely
PIE top15,risk,3,shooting + creation_handle + finishing_touch,33,-0.00924738893542812,-0.0070386106803231,0.0,0.696969696969697,0.30303030303030304,0.0,-0.012554630176505686,0.0,0.0,Hasheem Thabeet | Dante Exum | Dragan Bender | Isaac Okoro | Ekpe Udoh
xRAPM historical mature,risk,2,feel_iq_passing + finishing_touch,124,-0.009029698056796855,-0.0650620839733744,0.3548387096774194,0.5161290322580645,0.4838709677419355,0.29838709677419356,-0.09653747727447315,0.013453846553425797,-0.025284400810347496,James Wiseman | Kevin Knox II | Craig Brackins | Fab Melo | Patrick Williams
xRAPM historical mature,risk,2,size_frame + intel_consensus,12,-0.008749175174897964,-0.21440215977101226,0.3333333333333333,0.5833333333333334,0.4166666666666667,0.4166666666666667,-0.09625695439257427,-0.008051529790660261,0.09299516908212563,Fab Melo | Diamond Stone | Arnett Moultrie | Jordan Adams | De'Andre Hunter
xRAPM historical mature,risk,3,shooting + size_frame + intel_consensus,12,-0.008749175174897964,-0.21440215977101226,0.3333333333333333,0.5833333333333334,0.4166666666666667,0.4166666666666667,-0.09625695439257427,-0.008051529790660261,0.09299516908212563,Fab Melo | Diamond Stone | Arnett Moultrie | Jordan Adams | De'Andre Hunter
xRAPM historical mature,risk,3,athleticism_tools + size_frame + intel_consensus,12,-0.008749175174897964,-0.21440215977101226,0.3333333333333333,0.5833333333333334,0.4166666666666667,0.4166666666666667,-0.09625695439257427,-0.008051529790660261,0.09299516908212563,Fab Melo | Diamond Stone | Arnett Moultrie | Jordan Adams | De'Andre Hunter
PIE top30,risk,3,shooting + size_frame + intel_consensus,10,-0.00840515022548062,-0.01072709932020055,0.0,0.6,0.4,0.0,-0.01145315586877871,0.0,0.0,Fab Melo | Dante Exum | De'Andre Hunter | Marcus Smart | Justin Jackson
PIE top30,risk,3,athleticism_tools + size_frame + intel_consensus,10,-0.00840515022548062,-0.01072709932020055,0.0,0.6,0.4,0.0,-0.01145315586877871,0.0,0.0,Fab Melo | Dante Exum | De'Andre Hunter | Marcus Smart | Justin Jackson
PIE top15,risk,2,creation_handle + finishing_touch,36,-0.008223352069755139,-0.0060897890921307995,0.0,0.6666666666666666,0.3333333333333333,0.0,-0.011530593310832704,0.0,0.0,Hasheem Thabeet | Dante Exum | Dragan Bender | Isaac Okoro | Ekpe Udoh
PIE top15,risk,3,creation_handle + finishing_touch + athleticism_tools,36,-0.008223352069755139,-0.0060897890921307995,0.0,0.6666666666666666,0.3333333333333333,0.0,-0.011530593310832704,0.0,0.0,Hasheem Thabeet | Dante Exum | Dragan Bender | Isaac Okoro | Ekpe Udoh
xRAPM historical top30,risk,3,athleticism_tools + defense + motor_competitiveness,158,-0.00797144816463065,-0.03396825396825385,0.35443037974683544,0.5063291139240507,0.4936708860759494,0.31645569620253167,-0.08840207596011619,0.03353485735877576,-0.014390074941746933,James Wiseman | Anthony Bennett | Kevin Knox II | Craig Brackins | Jonny Flynn
xRAPM historical top30,risk,3,shooting + athleticism_tools + motor_competitiveness,177,-0.007805897462436824,-0.1198360655737704,0.3446327683615819,0.5310734463276836,0.4689265536723164,0.327683615819209,-0.08823652525792236,0.023737245973522225,-0.003162155325069582,James Wiseman | Kevin Knox II | Craig Brackins | Josh Jackson | Jonny Flynn
xRAPM historical mature,risk,3,shooting + athleticism_tools + motor_competitiveness,241,-0.007690127369539481,-0.1736021505376342,0.3651452282157676,0.5394190871369294,0.4605809128630705,0.31950207468879666,-0.09519790658721579,0.02376036509177404,-0.004169422895744401,James Wiseman | Kevin Knox II | Craig Brackins | Josh Jackson | Jonny Flynn
PIE top30,risk,3,creation_handle + finishing_touch + upside_tools,26,-0.007364197242657573,-0.004855352137287,0.0,0.6153846153846154,0.38461538461538464,0.0,-0.010412202885955662,0.0,0.0,Hasheem Thabeet | Dante Exum | Isaac Okoro | Ekpe Udoh | Wesley Johnson
PIE top15,risk,3,shooting + creation_handle + production_stats,34,-0.0070796641606770145,-0.0074844249557717,0.0,0.6470588235294118,0.35294117647058826,0.0,-0.01038690540175458,0.0,0.0,Dante Exum | Isaac Okoro | Wesley Johnson | Jan Vesely | Patrick Williams
PIE top15,risk,3,creation_handle + upside_tools + defense,26,-0.0068250692807461455,-0.0040358585302723,0.0,0.6538461538461539,0.34615384615384615,0.0,-0.01013231052182371,0.0,0.0,Dante Exum | Isaac Okoro | Ekpe Udoh | Ben McLemore | Sekou Doumbouya
xRAPM historical mature,risk,3,shooting + athleticism_tools + defense,357,-0.006686555877374594,-0.1748360655737706,0.36694677871148457,0.5518207282913166,0.4481792717086835,0.2913165266106443,-0.0941943350950509,0.02556191558749099,-0.03235497097389678,James Wiseman | Kevin Knox II | Jahlil Okafor | Craig Brackins | Jonny Flynn
PIE top30,risk,3,creation_handle + upside_tools + production_stats,34,-0.006222266894111586,-0.0053884663669919,0.0,0.5882352941176471,0.4117647058823529,0.0,-0.009270272537409675,0.0,0.0,Malachi Richardson | Dante Exum | Isaac Okoro | Wesley Johnson | James Young
PIE top15,risk,3,shooting + creation_handle + motor_competitiveness,46,-0.006165194072827668,-0.00323147094546675,0.0,0.5434782608695652,0.45652173913043476,0.0,-0.009472435313905233,0.0,0.0,Hasheem Thabeet | Dante Exum | Dragan Bender | Ekpe Udoh | Ben McLemore
PIE top30,risk,3,feel_iq_passing + creation_handle + upside_tools,44,-0.0058577922872364825,-0.00240443555020025,0.0,0.5454545454545454,0.45454545454545453,0.0,-0.008905797930534573,0.0,0.0,Hasheem Thabeet | Malachi Richardson | Dante Exum | Isaac Okoro | Ekpe Udoh
PIE top15,risk,3,feel_iq_passing + creation_handle + production_stats,33,-0.005792215781547104,-0.0070386106803231,0.0,0.6060606060606061,0.3939393939393939,0.0,-0.009099457022624668,0.0,0.0,Dante Exum | Isaac Okoro | Wesley Johnson | Jan Vesely | Patrick Williams
PIE top15,risk,3,creation_handle + finishing_touch + size_frame,12,-0.005338963925386201,-0.009534254778875201,0.0,0.5833333333333334,0.4166666666666667,0.0,-0.008646205166463765,0.0,0.0,Dante Exum | Jan Vesely | Kevin Knox II | Marcus Smart | RJ Barrett
xRAPM historical top15,risk,3,shooting + finishing_touch + athleticism_tools,64,-0.005320179289288629,0.1071851418162893,0.3125,0.453125,0.546875,0.3125,-0.12007228709629066,0.015202702702702686,-0.03885135135135137,James Wiseman | Kevin Knox II | Jahlil Okafor | Patrick Williams | Jalen Green
PIE top15,risk,3,creation_handle + finishing_touch + defense,26,-0.005212981254488351,-0.0045822463673707,0.0,0.6538461538461539,0.34615384615384615,0.0,-0.008520222495565916,0.0,0.0,Dante Exum | Dragan Bender | Isaac Okoro | Ekpe Udoh | Jan Vesely
PIE top15,risk,2,creation_handle + motor_competitiveness,51,-0.004976129356185303,-0.0019480557218348,0.0,0.5294117647058824,0.47058823529411764,0.0,-0.008283370597262868,0.0,0.0,Hasheem Thabeet | Dante Exum | Dragan Bender | Ekpe Udoh | Ben McLemore
PIE top15,risk,3,creation_handle + athleticism_tools + motor_competitiveness,51,-0.004976129356185303,-0.0019480557218348,0.0,0.5294117647058824,0.47058823529411764,0.0,-0.008283370597262868,0.0,0.0,Hasheem Thabeet | Dante Exum | Dragan Bender | Ekpe Udoh | Ben McLemore
PIE top15,risk,2,shooting + creation_handle,82,-0.004965005293030402,-0.0040358585302723,0.0,0.5853658536585366,0.4146341463414634,0.0,-0.008272246534107967,0.0,0.0,Hasheem Thabeet | Dante Exum | Dragan Bender | Isaac Okoro | Ekpe Udoh
PIE top15,risk,3,shooting + creation_handle + athleticism_tools,82,-0.004965005293030402,-0.0040358585302723,0.0,0.5853658536585366,0.4146341463414634,0.0,-0.008272246534107967,0.0,0.0,Hasheem Thabeet | Dante Exum | Dragan Bender | Isaac Okoro | Ekpe Udoh
xRAPM historical mature,risk,2,feel_iq_passing + defense,270,-0.004872330892957267,-0.21051550616312603,0.3888888888888889,0.5666666666666667,0.43333333333333335,0.3037037037037037,-0.09238011011063357,0.04750402576489532,-0.01996779388083736,James Wiseman | Kevin Knox II | Craig Brackins | Jonny Flynn | Fab Melo
PIE top15,risk,3,feel_iq_passing + shooting + creation_handle,59,-0.004828183926771395,-0.0035027443005674,0.0,0.559322033898305,0.4406779661016949,0.0,-0.008135425167848959,0.0,0.0,Hasheem Thabeet | Dante Exum | Isaac Okoro | Ekpe Udoh | Johnny Davis
PIE top15,risk,3,creation_handle + defense + production_stats,32,-0.004711836217736999,-0.0051153605970756,0.0,0.625,0.375,0.0,-0.008019077458814564,0.0,0.0,Dante Exum | Isaac Okoro | Jan Vesely | Kevin Knox II | Ochai Agbaji
PIE top15,risk,2,creation_handle + production_stats,38,-0.0045021383317160315,-0.0051153605970756,0.0,0.6052631578947368,0.39473684210526316,0.0,-0.0078093795727935955,0.0,0.0,Dante Exum | Isaac Okoro | Wesley Johnson | Jan Vesely | Patrick Williams
PIE top15,risk,3,creation_handle + athleticism_tools + production_stats,38,-0.0045021383317160315,-0.0051153605970756,0.0,0.6052631578947368,0.39473684210526316,0.0,-0.0078093795727935955,0.0,0.0,Dante Exum | Isaac Okoro | Wesley Johnson | Jan Vesely | Patrick Williams
PIE top15,risk,3,feel_iq_passing + creation_handle + motor_competitiveness,35,-0.004121828356037601,0.0023321822808637,0.0,0.4857142857142857,0.5142857142857142,0.0,-0.0074290695971151646,0.0,0.0,Hasheem Thabeet | Dante Exum | Ekpe Udoh | Ben McLemore | Jan Vesely
PIE top15,risk,3,creation_handle + defense + motor_competitiveness,37,-0.0039157067635343335,-0.0011911502534431,0.0,0.5135135135135135,0.4864864864864865,0.0,-0.0072229480046118975,0.0,0.0,Dante Exum | Dragan Bender | Ekpe Udoh | Ben McLemore | Jarrett Culver
PIE top30,risk,2,creation_handle + upside_tools,59,-0.0039001761837335713,-0.0029601975903661,0.0,0.576271186440678,0.423728813559322,0.0,-0.006948181827031661,0.0,0.0,Hasheem Thabeet | Malachi Richardson | Dante Exum | Isaac Okoro | Ekpe Udoh
PIE top30,risk,3,creation_handle + athleticism_tools + upside_tools,59,-0.0039001761837335713,-0.0029601975903661,0.0,0.576271186440678,0.423728813559322,0.0,-0.006948181827031661,0.0,0.0,Hasheem Thabeet | Malachi Richardson | Dante Exum | Isaac Okoro | Ekpe Udoh
PIE available minutes weighted,risk,3,creation_handle + upside_tools + production_stats,43,-0.003848757175989916,-0.0003976713578557,0.0,0.5116279069767442,0.4883720930232558,0.0,-0.008568163854930018,0.0,0.0,Ben Bentil | Malachi Richardson | Dante Exum | Isaac Okoro | Wesley Johnson
xRAPM historical mature,risk,3,athleticism_tools + injury_medical + risk_uncertainty,32,-0.0037916959165729403,-0.3026340821696015,0.3125,0.5625,0.4375,0.25,-0.09129947513424924,-0.028884863123993576,-0.07367149758454106,James Wiseman | Mfiondu Kabengele | Victor Claver | Demetrius Jackson | Shabazz Muhammad
PIE top15,risk,2,creation_handle + athleticism_tools,91,-0.003634549344430569,-0.0026692451266614,0.0,0.5604395604395604,0.43956043956043955,0.0,-0.006941790585508133,0.0,0.0,Hasheem Thabeet | Dante Exum | Dragan Bender | Isaac Okoro | Ekpe Udoh
PIE top15,risk,3,shooting + creation_handle + defense,62,-0.0035486261003736955,-0.00323147094546675,0.0,0.5806451612903226,0.41935483870967744,0.0,-0.0068558673414512595,0.0,0.0,Dante Exum | Dragan Bender | Isaac Okoro | Ekpe Udoh | Ben McLemore
PIE top30,risk,3,shooting + creation_handle + upside_tools,54,-0.003518596568149677,-0.0021331621950996,0.0,0.5555555555555556,0.4444444444444444,0.0,-0.006566602211447767,0.0,0.0,Hasheem Thabeet | Malachi Richardson | Dante Exum | Isaac Okoro | Ekpe Udoh
PIE available minutes weighted,risk,3,motor_competitiveness + production_stats + risk_uncertainty,41,-0.00348181634041677,-0.0026701559792788,0.0,0.5609756097560976,0.43902439024390244,0.0,-0.00820122301935687,0.0,0.0,Arnoldas Kulboka | Fab Melo | Michael Gbinije | Zhou Qi | Andrew Wiggins
PIE top30,risk,3,upside_tools + defense + motor_competitiveness,66,-0.003350760907572168,0.00036108461012765,0.0,0.5,0.5,0.0,-0.006398766550870258,0.0,0.0,Gani Lawal | Fab Melo | Dante Exum | Andrew Wiggins | Ekpe Udoh
PIE top15,risk,2,feel_iq_passing + creation_handle,64,-0.0033020240386593858,-0.0023086504242481,0.0,0.53125,0.46875,0.0,-0.00660926527973695,0.0,0.0,Hasheem Thabeet | Dante Exum | Isaac Okoro | Ekpe Udoh | Johnny Davis
PIE top15,risk,3,feel_iq_passing + creation_handle + athleticism_tools,64,-0.0033020240386593858,-0.0023086504242481,0.0,0.53125,0.46875,0.0,-0.00660926527973695,0.0,0.0,Hasheem Thabeet | Dante Exum | Isaac Okoro | Ekpe Udoh | Johnny Davis
PIE top30,risk,3,upside_tools + size_frame + production_stats,30,-0.003291245599829217,-0.00216591649022905,0.0,0.5666666666666667,0.43333333333333335,0.0,-0.006339251243127307,0.0,0.0,Fab Melo | Dante Exum | De'Andre Hunter | Kevin Knox II | Josh Okogie
PIE top15,risk,3,shooting + creation_handle + size_frame,27,-0.003235321941583812,0.0003038482324362,0.0,0.48148148148148145,0.5185185185185185,0.0,-0.006542563182661377,0.0,0.0,Dante Exum | Johnny Davis | Jarrett Culver | Jan Vesely | Kevin Knox II
PIE top15,risk,3,feel_iq_passing + upside_tools + production_stats,27,-0.003216534217881981,-0.0035027443005674,0.0,0.5555555555555556,0.4444444444444444,0.0,-0.006523775458959546,0.0,0.0,Dante Exum | Andrew Wiggins | Isaac Okoro | Wesley Johnson | Patrick Williams
PIE available minutes weighted,risk,3,feel_iq_passing + creation_handle + production_stats,83,-0.0031245380078708056,-0.0018997137352805,0.0,0.5180722891566265,0.4819277108433735,0.0,-0.007843944686810907,0.0,0.0,Arnoldas Kulboka | Ben Bentil | Kris Joseph | Malachi Richardson | Dante Exum
PIE top15,risk,3,feel_iq_passing + finishing_touch + production_stats,26,-0.003077507994459037,-0.00635017955724855,0.0,0.6153846153846154,0.38461538461538464,0.0,-0.006384749235536601,0.0,0.0,Dante Exum | Isaac Okoro | Wesley Johnson | Jan Vesely | Patrick Williams
PIE top30,risk,3,upside_tools + production_stats + risk_uncertainty,24,-0.0030657946760244,-0.00629135123741875,0.0,0.5416666666666666,0.4583333333333333,0.0,-0.006113800319322489,0.0,0.0,Fab Melo | Malachi Richardson | Andrew Wiggins | De'Andre Hunter | Perry Jones III
PIE top30,risk,3,feel_iq_passing + upside_tools + defense,75,-0.00305545103945666,0.0008454170941929,0.0,0.48,0.52,0.0,-0.00610345668275475,0.0,0.0,Gani Lawal | Fab Melo | Dante Exum | Andrew Wiggins | Isaac Okoro
PIE available minutes weighted,risk,3,creation_handle + size_frame + risk_uncertainty,20,-0.0030470813948146663,0.00888313663675575,0.0,0.45,0.55,0.0,-0.007766488073754768,0.0,0.0,Arnoldas Kulboka | Royce White | Tyler Lydon | Thon Maker | Marcus Smart
PIE top30,risk,3,feel_iq_passing + upside_tools + motor_competitiveness,63,-0.0029758787958836298,0.0023321822808637,0.0,0.4603174603174603,0.5396825396825397,0.0,-0.006023884439181719,0.0,0.0,Gani Lawal | Fab Melo | Hasheem Thabeet | Dante Exum | Andrew Wiggins
PIE top15,risk,3,feel_iq_passing + finishing_touch + upside_tools,21,-0.0029114450732777475,-0.0035027443005674,0.0,0.5238095238095238,0.47619047619047616,0.0,-0.006218686314355312,0.0,0.0,Hasheem Thabeet | Dante Exum | Isaac Okoro | Ekpe Udoh | Wesley Johnson
PIE top15,risk,2,creation_handle + defense,68,-0.0025617191634832634,-0.00281472135851375,0.0,0.5735294117647058,0.4264705882352941,0.0,-0.005868960404560828,0.0,0.0,Dante Exum | Dragan Bender | Isaac Okoro | Ekpe Udoh | Ben McLemore
PIE top15,risk,3,creation_handle + athleticism_tools + defense,68,-0.0025617191634832634,-0.00281472135851375,0.0,0.5735294117647058,0.4264705882352941,0.0,-0.005868960404560828,0.0,0.0,Dante Exum | Dragan Bender | Isaac Okoro | Ekpe Udoh | Ben McLemore
PIE top30,risk,3,shooting + upside_tools + motor_competitiveness,75,-0.0025140661046517696,0.0008454170941929,0.0,0.49333333333333335,0.5066666666666667,0.0,-0.005562071747949859,0.0,0.0,Gani Lawal | Fab Melo | Hasheem Thabeet | Dante Exum | Ekpe Udoh
PIE top15,risk,3,feel_iq_passing + shooting + production_stats,49,-0.0025005858048045434,-0.0035027443005674,0.0,0.5510204081632653,0.4489795918367347,0.0,-0.005807827045882108,0.0,0.0,Dante Exum | Isaac Okoro | Wesley Johnson | Jan Vesely | Patrick Williams
PIE top30,risk,3,shooting + creation_handle + risk_uncertainty,31,-0.0024868938897645598,0.0039120255229277,0.0,0.4838709677419355,0.5161290322580645,0.0,-0.005534899533062649,0.0,0.0,Royce White | Malachi Richardson | Joshua Primo | Ekpe Udoh | Ben McLemore
PIE top15,risk,3,creation_handle + size_frame + production_stats,16,-0.0023345878116298627,0.0015400901294453499,0.0,0.4375,0.5625,0.0,-0.005641829052707427,0.0,0.0,Dante Exum | Jan Vesely | Kevin Knox II | Marcus Smart | Terrence Ross
PIE available minutes weighted,risk,3,feel_iq_passing + creation_handle + upside_tools,57,-0.002327800336426818,-0.0001232478739376,0.0,0.5087719298245614,0.49122807017543857,0.0,-0.007047207015366919,0.0,0.0,Ben Bentil | Hasheem Thabeet | Isaiah Todd | Malachi Richardson | Dante Exum
PIE available minutes weighted,risk,3,shooting + production_stats + risk_uncertainty,58,-0.002316741337327365,-0.0026322232349420497,0.0,0.5517241379310345,0.4482758620689655,0.0,-0.007036148016267467,0.0,0.0,Arnoldas Kulboka | Fab Melo | Michael Gbinije | Zhou Qi | Malachi Richardson
PIE available minutes weighted,risk,3,shooting + creation_handle + risk_uncertainty,45,-0.0023050182703638327,-0.0021823501416097,0.0,0.5111111111111111,0.4888888888888889,0.0,-0.0070244249493039345,0.0,0.0,Arnoldas Kulboka | Royce White | Malachi Richardson | Joshua Primo | Ekpe Udoh
PIE top15,risk,2,upside_tools + production_stats,32,-0.0022317203977140726,-0.0031607584248474997,0.0,0.59375,0.40625,0.0,-0.005538961638791637,0.0,0.0,Dante Exum | Andrew Wiggins | Isaac Okoro | Wesley Johnson | Patrick Williams
PIE top15,risk,3,athleticism_tools + upside_tools + production_stats,32,-0.0022317203977140726,-0.0031607584248474997,0.0,0.59375,0.40625,0.0,-0.005538961638791637,0.0,0.0,Dante Exum | Andrew Wiggins | Isaac Okoro | Wesley Johnson | Patrick Williams
xRAPM historical mature,risk,3,feel_iq_passing + athleticism_tools + upside_tools,124,-0.0021080007351530644,-0.1333076848625627,0.3629032258064516,0.5564516129032258,0.4435483870967742,0.31451612903225806,-0.08961577995282936,0.021518362682458048,-0.009155368552282994,James Wiseman | Kevin Knox II | Fab Melo | Elijah Hughes | Patrick Williams
PIE top15,risk,3,creation_handle + motor_competitiveness + production_stats,19,-0.002104677111751947,-0.0035027443005674,0.0,0.5263157894736842,0.47368421052631576,0.0,-0.005411918352829512,0.0,0.0,Dante Exum | Jan Vesely | Patrick Williams | Kevin Knox II | Marcus Smart
PIE top30,risk,3,feel_iq_passing + shooting + upside_tools,92,-0.002103255400489198,0.00102080069399755,0.0,0.4782608695652174,0.5217391304347826,0.0,-0.005151261043787287,0.0,0.0,Gani Lawal | Fab Melo | Hasheem Thabeet | Malachi Richardson | Dante Exum
PIE top30,risk,3,feel_iq_passing + creation_handle + production_stats,64,-0.001998237774025522,-0.0020410319384451,0.0,0.53125,0.46875,0.0,-0.005046243417323612,0.0,0.0,Malachi Richardson | Dante Exum | Isaac Okoro | Wesley Johnson | DaJuan Summers
PIE top15,risk,2,feel_iq_passing + production_stats,55,-0.0019877962658969455,-0.0035027443005674,0.0,0.5454545454545454,0.45454545454545453,0.0,-0.00529503750697451,0.0,0.0,Dante Exum | Andrew Wiggins | Isaac Okoro | Wesley Johnson | Jan Vesely
PIE available minutes weighted,risk,3,size_frame + production_stats + risk_uncertainty,33,-0.00191892394053088,0.0039205877312656,0.0,0.48484848484848486,0.5151515151515151,0.0,-0.006638330619470982,0.0,0.0,Arnoldas Kulboka | Fab Melo | Michael Gbinije | Zhou Qi | Victor Claver
PIE top30,risk,3,creation_handle + upside_tools + motor_competitiveness,36,-0.0018832512302609085,-0.0012486385266381001,0.0,0.5555555555555556,0.4444444444444444,0.0,-0.004931256873558998,0.0,0.0,Hasheem Thabeet | Dante Exum | Ekpe Udoh | Ben McLemore | James Young
PIE top30,risk,3,shooting + creation_handle + size_frame,58,-0.0018489123916518575,0.0007500162631192,0.0,0.4827586206896552,0.5172413793103449,0.0,-0.0048969180349499476,0.0,0.0,Royce White | Justin Harper | Dante Exum | Johnny Davis | Jarrett Culver
PIE top15,risk,3,feel_iq_passing + athleticism_tools + production_stats,54,-0.0017622310982884778,-0.0031607584248474997,0.0,0.5370370370370371,0.46296296296296297,0.0,-0.005069472339366042,0.0,0.0,Dante Exum | Andrew Wiggins | Isaac Okoro | Wesley Johnson | Jan Vesely
PIE top30,risk,2,upside_tools + motor_competitiveness,80,-0.0017114483868573768,0.00036108461012765,0.0,0.5,0.5,0.0,-0.004759454030155466,0.0,0.0,Gani Lawal | Fab Melo | Hasheem Thabeet | Dante Exum | Andrew Wiggins
PIE top30,risk,3,athleticism_tools + upside_tools + motor_competitiveness,80,-0.0017114483868573768,0.00036108461012765,0.0,0.5,0.5,0.0,-0.004759454030155466,0.0,0.0,Gani Lawal | Fab Melo | Hasheem Thabeet | Dante Exum | Andrew Wiggins
PIE top30,risk,2,feel_iq_passing + upside_tools,99,-0.0016569978091975938,0.0008454170941929,0.0,0.48484848484848486,0.5151515151515151,0.0,-0.004705003452495683,0.0,0.0,Gani Lawal | Fab Melo | Hasheem Thabeet | Malachi Richardson | Dante Exum
PIE top30,risk,3,feel_iq_passing + athleticism_tools + upside_tools,99,-0.0016569978091975938,0.0008454170941929,0.0,0.48484848484848486,0.5151515151515151,0.0,-0.004705003452495683,0.0,0.0,Gani Lawal | Fab Melo | Hasheem Thabeet | Malachi Richardson | Dante Exum
PIE available minutes weighted,risk,3,creation_handle + production_stats + risk_uncertainty,27,-0.0016502331096760784,-0.0026701559792788,0.0,0.5555555555555556,0.4444444444444444,0.0,-0.00636963978861618,0.0,0.0,Arnoldas Kulboka | Malachi Richardson | Tyler Lydon | Caleb Houstan | Kris Dunn
PIE top30,risk,3,feel_iq_passing + upside_tools + production_stats,57,-0.0016296996481455792,-0.0023201954808794,0.0,0.543859649122807,0.45614035087719296,0.0,-0.0046777052914436686,0.0,0.0,Fab Melo | Malachi Richardson | Dante Exum | Andrew Wiggins | Isaac Okoro
PIE available minutes weighted,risk,3,feel_iq_passing + creation_handle + defense,128,-0.0015244567875195472,0.0017795166996695,0.0,0.4765625,0.5234375,0.0,-0.006243863466459649,0.0,0.0,David Johnson | Arnoldas Kulboka | Ben Bentil | Nemanja Nedovic | Terrance Ferguson
PIE top30,risk,2,upside_tools + production_stats,68,-0.0015150139400036454,-0.0025214833130821,0.0,0.5735294117647058,0.4264705882352941,0.0,-0.004563019583301735,0.0,0.0,Fab Melo | Malachi Richardson | Dante Exum | Andrew Wiggins | Isaac Okoro
PIE top30,risk,3,athleticism_tools + upside_tools + production_stats,68,-0.0015150139400036454,-0.0025214833130821,0.0,0.5735294117647058,0.4264705882352941,0.0,-0.004563019583301735,0.0,0.0,Fab Melo | Malachi Richardson | Dante Exum | Andrew Wiggins | Isaac Okoro
PIE top30,risk,3,shooting + upside_tools + defense,97,-0.0014910115035304808,0.0003038482324362,0.0,0.4948453608247423,0.5051546391752577,0.0,-0.00453901714682857,0.0,0.0,Gani Lawal | Fab Melo | Dante Exum | Isaac Okoro | Ekpe Udoh
PIE available minutes weighted,risk,3,shooting + creation_handle + defense,168,-0.0014557194980678808,0.0009994685297299,0.0,0.4880952380952381,0.5119047619047619,0.0,-0.0061751261770079825,0.0,0.0,David Johnson | Arnoldas Kulboka | Ben Bentil | Nemanja Nedovic | Terrance Ferguson
PIE top30,risk,2,upside_tools + defense,107,-0.0014005148483376972,-0.0001232478739376,0.0,0.5046728971962616,0.4953271028037383,0.0,-0.004448520491635787,0.0,0.0,Gani Lawal | Fab Melo | Dante Exum | Andrew Wiggins | Isaac Okoro
PIE available minutes weighted,risk,3,feel_iq_passing + shooting + creation_handle,158,-0.0013945452208221408,0.00147978997843075,0.0,0.4810126582278481,0.5189873417721519,0.0,-0.006113951899762242,0.0,0.0,David Johnson | Arnoldas Kulboka | Ben Bentil | Nemanja Nedovic | Terrance Ferguson
PIE available minutes weighted,risk,3,defense + production_stats + risk_uncertainty,50,-0.0013611699878165937,-0.0023883203161074998,0.0,0.52,0.48,0.0,-0.006080576666756696,0.0,0.0,Arnoldas Kulboka | Fab Melo | Michael Gbinije | Zhou Qi | Andrew Wiggins
PIE available minutes weighted,risk,2,production_stats + risk_uncertainty,62,-0.0013232806338877917,-0.0023883203161074998,0.0,0.532258064516129,0.46774193548387094,0.0,-0.0060426873128278935,0.0,0.0,Arnoldas Kulboka | Fab Melo | Michael Gbinije | Zhou Qi | Malachi Richardson
PIE top30,risk,2,shooting + creation_handle,160,-0.0013163055702990663,-0.0008518990788444,0.0,0.5125,0.4875,0.0,-0.004364311213597156,0.0,0.0,Royce White | Terrance Ferguson | Justin Harper | Hasheem Thabeet | Malachi Richardson
PIE top30,risk,3,athleticism_tools + upside_tools + defense,105,-0.001310605131490696,-0.0001232478739376,0.0,0.5047619047619047,0.49523809523809526,0.0,-0.004358610774788786,0.0,0.0,Gani Lawal | Fab Melo | Dante Exum | Andrew Wiggins | Isaac Okoro
PIE available minutes weighted,risk,3,athleticism_tools + production_stats + risk_uncertainty,61,-0.0013105535122522193,-0.0025942904906053,0.0,0.5245901639344263,0.47540983606557374,0.0,-0.0060299601911923215,0.0,0.0,Arnoldas Kulboka | Fab Melo | Michael Gbinije | Zhou Qi | Malachi Richardson
PIE top15,risk,3,creation_handle + motor_competitiveness + risk_uncertainty,11,-0.001273668406108381,0.0039120255229277,0.0,0.45454545454545453,0.5454545454545454,0.0,-0.004580909647185946,0.0,0.0,Ekpe Udoh | Ben McLemore | Marcus Smart | Lonzo Ball | Nassir Little
PIE top30,risk,3,feel_iq_passing + production_stats + risk_uncertainty,35,-0.0012696621710409403,-0.0066654652126677,0.0,0.5714285714285714,0.42857142857142855,0.0,-0.00431766781433903,0.0,0.0,Fab Melo | Malachi Richardson | Andrew Wiggins | De'Andre Hunter | Stanley Johnson
PIE top30,risk,3,shooting + upside_tools + production_stats,64,-0.001240657454577741,-0.00236720432243175,0.0,0.5625,0.4375,0.0,-0.0042886630978758306,0.0,0.0,Fab Melo | Malachi Richardson | Dante Exum | Isaac Okoro | Wesley Johnson
PIE available minutes weighted,risk,3,feel_iq_passing + production_stats + risk_uncertainty,50,-0.0012358422557752933,-0.0026322232349420497,0.0,0.54,0.46,0.0,-0.005955248934715395,0.0,0.0,Arnoldas Kulboka | Fab Melo | Michael Gbinije | Malachi Richardson | Andrew Wiggins
PIE top30,risk,2,shooting + upside_tools,123,-0.0012276592530122165,-0.0001232478739376,0.0,0.5040650406504065,0.4959349593495935,0.0,-0.004275664896310306,0.0,0.0,Gani Lawal | Fab Melo | Hasheem Thabeet | Malachi Richardson | Dante Exum
PIE top15,risk,3,feel_iq_passing + shooting + finishing_touch,45,-0.0011755559200747614,-0.0019480557218348,0.0,0.5111111111111111,0.4888888888888889,0.0,-0.004482797161152326,0.0,0.0,Hasheem Thabeet | Dante Exum | Isaac Okoro | Ekpe Udoh | Wesley Johnson
PIE available minutes weighted,risk,3,upside_tools + defense + motor_competitiveness,78,-0.0011678593205983418,0.0032436007749944,0.0,0.46153846153846156,0.5384615384615384,0.0,-0.005887265999538443,0.0,0.0,Gani Lawal | Fab Melo | Diamond Stone | Zhou Qi | Dante Exum
PIE top30,risk,3,shooting + athleticism_tools + upside_tools,121,-0.0011467813070652239,-0.0001232478739376,0.0,0.5041322314049587,0.49586776859504134,0.0,-0.004194786950363313,0.0,0.0,Gani Lawal | Fab Melo | Hasheem Thabeet | Malachi Richardson | Dante Exum
PIE top15,risk,2,creation_handle + size_frame,31,-0.0011258336697947233,0.0023321822808637,0.0,0.41935483870967744,0.5806451612903226,0.0,-0.004433074910872288,0.0,0.0,Dante Exum | Johnny Davis | Jarrett Culver | Jan Vesely | Kevin Knox II
PIE top15,risk,3,creation_handle + athleticism_tools + size_frame,31,-0.0011258336697947233,0.0023321822808637,0.0,0.41935483870967744,0.5806451612903226,0.0,-0.004433074910872288,0.0,0.0,Dante Exum | Johnny Davis | Jarrett Culver | Jan Vesely | Kevin Knox II
PIE top30,risk,3,shooting + creation_handle + athleticism_tools,153,-0.0010872367107851195,-0.0001232478739376,0.0,0.5032679738562091,0.49673202614379086,0.0,-0.004135242354083209,0.0,0.0,Royce White | Terrance Ferguson | Justin Harper | Hasheem Thabeet | Malachi Richardson
PIE top15,risk,3,creation_handle + defense + size_frame,26,-0.001055282252251931,0.0013180152566499498,0.0,0.46153846153846156,0.5384615384615384,0.0,-0.004362523493329495,0.0,0.0,Dante Exum | Jarrett Culver | Jan Vesely | Kevin Knox II | Marcus Smart
PIE available minutes weighted,risk,3,shooting + creation_handle + athleticism_tools,220,-0.000999174873595753,0.00125638192466985,0.0,0.4772727272727273,0.5227272727272727,0.0,-0.005718581552535855,0.0,0.0,David Johnson | Arnoldas Kulboka | Royce White | Ben Bentil | Nemanja Nedovic
PIE available minutes weighted,risk,3,finishing_touch + production_stats + risk_uncertainty,25,-0.0009720430559926957,0.0039205877312656,0.0,0.48,0.52,0.0,-0.005691449734932797,0.0,0.0,Arnoldas Kulboka | Fab Melo | Victor Claver | Stanley Johnson | Christian Koloko
PIE top30,risk,3,feel_iq_passing + athleticism_tools + production_stats,113,-0.0009687995607020562,-0.0018997137352805,0.0,0.5221238938053098,0.4778761061946903,0.0,-0.004016805204000146,0.0,0.0,Fab Melo | Craig Brackins | Rashad Vaughn | Malachi Richardson | Dante Exum
PIE available minutes weighted,risk,3,creation_handle + finishing_touch + upside_tools,35,-0.0009648774957594308,-0.0029601975903661,0.0,0.5428571428571428,0.45714285714285713,0.0,-0.005684284174699533,0.0,0.0,Hasheem Thabeet | Isaiah Todd | Dante Exum | Isaac Okoro | Ekpe Udoh
PIE top15,risk,2,feel_iq_passing + finishing_touch,49,-0.0009539127741487224,-0.0019480557218348,0.0,0.5102040816326531,0.4897959183673469,0.0,-0.004261154015226287,0.0,0.0,Hasheem Thabeet | Dante Exum | Isaac Okoro | Jerome Robinson | Ekpe Udoh
PIE top15,risk,3,feel_iq_passing + finishing_touch + athleticism_tools,49,-0.0009539127741487224,-0.0019480557218348,0.0,0.5102040816326531,0.4897959183673469,0.0,-0.004261154015226287,0.0,0.0,Hasheem Thabeet | Dante Exum | Isaac Okoro | Jerome Robinson | Ekpe Udoh
PIE available minutes weighted,risk,2,creation_handle + risk_uncertainty,47,-0.0009408589076867284,0.0039120255229277,0.0,0.48936170212765956,0.5106382978723404,0.0,-0.00566026558662683,0.0,0.0,Arnoldas Kulboka | Royce White | Malachi Richardson | Joshua Primo | Ekpe Udoh
PIE available minutes weighted,risk,3,creation_handle + athleticism_tools + risk_uncertainty,47,-0.0009408589076867284,0.0039120255229277,0.0,0.48936170212765956,0.5106382978723404,0.0,-0.00566026558662683,0.0,0.0,Arnoldas Kulboka | Royce White | Malachi Richardson | Joshua Primo | Ekpe Udoh
PIE top15,risk,3,shooting + upside_tools + production_stats,31,-0.000940514612802768,-0.0028187725491276,0.0,0.5806451612903226,0.41935483870967744,0.0,-0.0042477558538803325,0.0,0.0,Dante Exum | Isaac Okoro | Wesley Johnson | Patrick Williams | De'Andre Hunter
PIE top30,risk,3,feel_iq_passing + shooting + production_stats,105,-0.000925592044283076,-0.0018997137352805,0.0,0.5142857142857142,0.4857142857142857,0.0,-0.003973597687581165,0.0,0.0,Fab Melo | Craig Brackins | Rashad Vaughn | Malachi Richardson | Dante Exum
PIE top15,risk,3,feel_iq_passing + creation_handle + defense,48,-0.0009218325648367749,-0.0022844794309709497,0.0,0.5208333333333334,0.4791666666666667,0.0,-0.0042290738059143395,0.0,0.0,Dante Exum | Isaac Okoro | Ekpe Udoh | Ben McLemore | Sekou Doumbouya
PIE top15,risk,3,feel_iq_passing + upside_tools + defense,33,-0.0009064905497357305,0.0003038482324362,0.0,0.48484848484848486,0.5151515151515151,0.0,-0.004213731790813295,0.0,0.0,Dante Exum | Andrew Wiggins | Isaac Okoro | Ekpe Udoh | Ben McLemore
PIE available minutes weighted,risk,2,shooting + creation_handle,231,-0.0008940008578670609,0.001231479585015,0.0,0.4805194805194805,0.5194805194805194,0.0,-0.005613407536807163,0.0,0.0,David Johnson | Arnoldas Kulboka | Royce White | Ben Bentil | Nemanja Nedovic
PIE available minutes weighted,risk,3,feel_iq_passing + creation_handle + athleticism_tools,165,-0.0008628103060724785,0.0017956377362797,0.0,0.4727272727272727,0.5272727272727272,0.0,-0.00558221698501258,0.0,0.0,David Johnson | Arnoldas Kulboka | Ben Bentil | Nemanja Nedovic | Terrance Ferguson
PIE top30,risk,3,feel_iq_passing + shooting + creation_handle,115,-0.000829963338041175,0.0003038482324362,0.0,0.4956521739130435,0.5043478260869565,0.0,-0.0038779689813392645,0.0,0.0,Terrance Ferguson | Hasheem Thabeet | Malachi Richardson | Dante Exum | Joshua Primo
PIE available minutes weighted,risk,2,feel_iq_passing + creation_handle,170,-0.000808863229950075,0.0017795166996695,0.0,0.4764705882352941,0.5235294117647059,0.0,-0.005528269908890177,0.0,0.0,David Johnson | Arnoldas Kulboka | Ben Bentil | Nemanja Nedovic | Terrance Ferguson
PIE available minutes weighted,risk,3,creation_handle + defense + production_stats,87,-0.0007923042912773448,0.0011961842938022,0.0,0.4827586206896552,0.5172413793103449,0.0,-0.005511710970217447,0.0,0.0,Arnoldas Kulboka | Ben Bentil | Kris Joseph | Dante Exum | Isaac Okoro
PIE top15,risk,3,feel_iq_passing + defense + production_stats,48,-0.0006484678186038367,-0.00235924314220405,0.0,0.5208333333333334,0.4791666666666667,0.0,-0.003955709059681401,0.0,0.0,Dante Exum | Andrew Wiggins | Isaac Okoro | Jan Vesely | Kevin Knox II
PIE top15,risk,2,finishing_touch + production_stats,31,-0.0006431250748436873,-0.0035027443005674,0.0,0.5806451612903226,0.41935483870967744,0.0,-0.003950366315921251,0.0,0.0,Dante Exum | Isaac Okoro | Wesley Johnson | Jan Vesely | Patrick Williams
PIE top15,risk,3,finishing_touch + athleticism_tools + production_stats,31,-0.0006431250748436873,-0.0035027443005674,0.0,0.5806451612903226,0.41935483870967744,0.0,-0.003950366315921251,0.0,0.0,Dante Exum | Isaac Okoro | Wesley Johnson | Jan Vesely | Patrick Williams
PIE top30,risk,3,shooting + production_stats + risk_uncertainty,37,-0.000557736647768171,-0.0059172372621698,0.0,0.5675675675675675,0.43243243243243246,0.0,-0.003605742291066261,0.0,0.0,Fab Melo | Malachi Richardson | De'Andre Hunter | Stanley Johnson | Kris Dunn
PIE top30,risk,2,creation_handle + risk_uncertainty,33,-0.0005329774872001514,0.0051246903788358,0.0,0.45454545454545453,0.5454545454545454,0.0,-0.003580983130498241,0.0,0.0,Royce White | Malachi Richardson | Joshua Primo | Ekpe Udoh | Ben McLemore
PIE top30,risk,3,creation_handle + athleticism_tools + risk_uncertainty,33,-0.0005329774872001514,0.0051246903788358,0.0,0.45454545454545453,0.5454545454545454,0.0,-0.003580983130498241,0.0,0.0,Royce White | Malachi Richardson | Joshua Primo | Ekpe Udoh | Ben McLemore
PIE top30,risk,2,creation_handle + athleticism_tools,170,-0.0004954173562775052,9.030017924930001e-05,0.0,0.5,0.5,0.0,-0.0035434229995755947,0.0,0.0,Royce White | Terrance Ferguson | Justin Harper | Hasheem Thabeet | Malachi Richardson
PIE available minutes weighted,risk,2,creation_handle + upside_tools,79,-0.0004882395860009306,-0.0001232478739376,0.0,0.5063291139240507,0.4936708860759494,0.0,-0.0052076462649410325,0.0,0.0,Ben Bentil | Hasheem Thabeet | Isaiah Todd | Malachi Richardson | Dante Exum
PIE available minutes weighted,risk,3,creation_handle + athleticism_tools + upside_tools,79,-0.0004882395860009306,-0.0001232478739376,0.0,0.5063291139240507,0.4936708860759494,0.0,-0.0052076462649410325,0.0,0.0,Ben Bentil | Hasheem Thabeet | Isaiah Todd | Malachi Richardson | Dante Exum
PIE top30,risk,2,athleticism_tools + upside_tools,136,-0.00048234217139395255,-0.00014634250769255,0.0,0.5073529411764706,0.49264705882352944,0.0,-0.003530347814692042,0.0,0.0,Gani Lawal | Fab Melo | Hasheem Thabeet | Malachi Richardson | Dante Exum
PIE top15,risk,3,shooting + finishing_touch + production_stats,30,-0.00047583762953267686,-0.0019752811134192997,0.0,0.5666666666666667,0.43333333333333335,0.0,-0.0037830788706102415,0.0,0.0,Dante Exum | Isaac Okoro | Wesley Johnson | Jan Vesely | Patrick Williams
PIE top30,risk,2,feel_iq_passing + production_stats,116,-0.00041574534124613803,-0.0014137589022578,0.0,0.5172413793103449,0.4827586206896552,0.0,-0.0034637509845442276,0.0,0.0,Fab Melo | Craig Brackins | Rashad Vaughn | Malachi Richardson | Dante Exum
PIE top30,risk,3,feel_iq_passing + creation_handle + finishing_touch,54,-0.0004111225019479904,-0.0021017632003538,0.0,0.5185185185185185,0.48148148148148145,0.0,-0.00345912814524608,0.0,0.0,Hasheem Thabeet | Dante Exum | Joshua Primo | Isaac Okoro | Ekpe Udoh
PIE available minutes weighted,risk,3,shooting + creation_handle + production_stats,100,-0.0003706953382554232,0.00108637307594335,0.0,0.48,0.52,0.0,-0.005090102017195525,0.0,0.0,Arnoldas Kulboka | Ben Bentil | Kris Joseph | Malachi Richardson | Dante Exum
PIE top15,risk,3,finishing_touch + upside_tools + production_stats,18,-0.00036942029453624985,-0.0019752811134192997,0.0,0.6111111111111112,0.3888888888888889,0.0,-0.003676661535613814,0.0,0.0,Dante Exum | Isaac Okoro | Wesley Johnson | Patrick Williams | Kevin Knox II
PIE top30,risk,3,creation_handle + finishing_touch + production_stats,34,-0.00034868389078928817,-0.0031091177031486,0.0,0.5588235294117647,0.4411764705882353,0.0,-0.0033966895340873777,0.0,0.0,Dante Exum | Isaac Okoro | Wesley Johnson | James Young | Jan Vesely
PIE top30,risk,3,feel_iq_passing + defense + motor_competitiveness,125,-0.00031689153754826564,0.0027763320264545,0.0,0.448,0.552,0.0,-0.003364897180846355,0.0,0.0,Gani Lawal | Fab Melo | Craig Brackins | Terrance Ferguson | Glen Rice
PIE top30,risk,2,creation_handle + size_frame,65,-0.0003050657077481233,0.0023321822808637,0.0,0.4461538461538462,0.5538461538461539,0.0,-0.003353071351046213,0.0,0.0,Royce White | Justin Harper | Dante Exum | Johnny Davis | Jarrett Culver
PIE top30,risk,3,creation_handle + athleticism_tools + size_frame,65,-0.0003050657077481233,0.0023321822808637,0.0,0.4461538461538462,0.5538461538461539,0.0,-0.003353071351046213,0.0,0.0,Royce White | Justin Harper | Dante Exum | Johnny Davis | Jarrett Culver
PIE top30,risk,3,upside_tools + defense + production_stats,57,-0.00028270529695990064,-0.0020116374995787,0.0,0.5614035087719298,0.43859649122807015,0.0,-0.00333071094025799,0.0,0.0,Fab Melo | Dante Exum | Andrew Wiggins | Isaac Okoro | James Young
PIE top30,risk,3,creation_handle + upside_tools + defense,48,-0.0002127796149315539,-0.00026045961589664997,0.0,0.5208333333333334,0.4791666666666667,0.0,-0.0032607852582296434,0.0,0.0,Dante Exum | Isaac Okoro | Ekpe Udoh | Ben McLemore | James Young
PIE top30,risk,3,shooting + creation_handle + production_stats,69,-0.00019586447193328533,-0.0018997137352805,0.0,0.5217391304347826,0.4782608695652174,0.0,-0.003243870115231375,0.0,0.0,Malachi Richardson | Dante Exum | Isaac Okoro | Wesley Johnson | DaJuan Summers
PIE available minutes weighted,risk,3,feel_iq_passing + creation_handle + motor_competitiveness,88,-0.00018932653158377992,0.0029615358464573,0.0,0.45454545454545453,0.5454545454545454,0.0,-0.0049087332105238815,0.0,0.0,Arnoldas Kulboka | Terrance Ferguson | Hasheem Thabeet | Kris Joseph | Melvin Frazier Jr.
PIE top15,risk,2,feel_iq_passing + upside_tools,45,-0.000165839581732789,0.0008454170941929,0.0,0.4666666666666667,0.5333333333333333,0.0,-0.0034730808228103536,0.0,0.0,Hasheem Thabeet | Dante Exum | Andrew Wiggins | Isaac Okoro | Ekpe Udoh
PIE top15,risk,3,feel_iq_passing + athleticism_tools + upside_tools,45,-0.000165839581732789,0.0008454170941929,0.0,0.4666666666666667,0.5333333333333333,0.0,-0.0034730808228103536,0.0,0.0,Hasheem Thabeet | Dante Exum | Andrew Wiggins | Isaac Okoro | Ekpe Udoh
PIE available minutes weighted,risk,3,shooting + creation_handle + upside_tools,73,-0.00015236212257829426,0.0003038482324362,0.0,0.4931506849315068,0.5068493150684932,0.0,-0.004871768801518396,0.0,0.0,Ben Bentil | Hasheem Thabeet | Isaiah Todd | Malachi Richardson | Dante Exum
PIE available minutes weighted,risk,2,creation_handle + defense,187,-0.00014938275766603867,0.0012812842643247,0.0,0.47593582887700536,0.5240641711229946,0.0,-0.00486878943660614,0.0,0.0,David Johnson | Arnoldas Kulboka | Ben Bentil | Nemanja Nedovic | Terrance Ferguson
PIE top30,risk,3,feel_iq_passing + finishing_touch + production_stats,49,-0.00014026095942072048,0.0010890368338717,0.0,0.4897959183673469,0.5102040816326531,0.0,-0.00318826660271881,0.0,0.0,Fab Melo | Craig Brackins | Dante Exum | Isaac Okoro | Wesley Johnson
PIE available minutes weighted,risk,3,creation_handle + athleticism_tools + defense,183,-0.0001326701211541599,0.0012812842643247,0.0,0.47540983606557374,0.5245901639344263,0.0,-0.004852076800094262,0.0,0.0,David Johnson | Arnoldas Kulboka | Ben Bentil | Nemanja Nedovic | Terrance Ferguson
PIE top30,risk,3,finishing_touch + defense + production_stats,50,-0.00012815489599706371,-0.00042274464206345,0.0,0.52,0.48,0.0,-0.003176160539295153,0.0,0.0,Fab Melo | Craig Brackins | Dante Exum | Isaac Okoro | James Young
PIE top30,risk,2,feel_iq_passing + creation_handle,127,-9.932589036495708e-05,0.0009765618580845,0.0,0.4881889763779528,0.5118110236220472,0.0,-0.0031473315336630467,0.0,0.0,Terrance Ferguson | Hasheem Thabeet | Malachi Richardson | Dante Exum | Joshua Primo
PIE top30,risk,3,creation_handle + finishing_touch + defense,53,-9.827012244009252e-05,-0.0021682960691445,0.0,0.5283018867924528,0.4716981132075472,0.0,-0.003146275765738182,0.0,0.0,Justin Harper | Dante Exum | Dragan Bender | Joshua Primo | Isaac Okoro
PIE top30,risk,3,feel_iq_passing + creation_handle + motor_competitiveness,67,-9.650878327154934e-05,0.0027763320264545,0.0,0.4626865671641791,0.5373134328358209,0.0,-0.003144514426569639,0.0,0.0,Terrance Ferguson | Hasheem Thabeet | Dante Exum | Zhaire Smith | Ekpe Udoh
PIE available minutes weighted,risk,3,feel_iq_passing + upside_tools + defense,98,-9.40738693134595e-05,0.0033381099434511502,0.0,0.4489795918367347,0.5510204081632653,0.0,-0.004813480548253562,0.0,0.0,Gani Lawal | Ben Bentil | Fab Melo | Isaiah Todd | Jared Cunningham
PIE top15,risk,3,shooting + finishing_touch + upside_tools,29,-9.156105119958977e-05,-0.0003976713578557,0.0,0.5172413793103449,0.4827586206896552,0.0,-0.003398802292277154,0.0,0.0,Hasheem Thabeet | Dante Exum | Isaac Okoro | Ekpe Udoh | Wesley Johnson
PIE top30,risk,3,shooting + creation_handle + finishing_touch,66,-9.099540739989181e-05,-0.00205817589548965,0.0,0.5303030303030303,0.4696969696969697,0.0,-0.0031390010506979816,0.0,0.0,Justin Harper | Hasheem Thabeet | Dante Exum | Dragan Bender | Joshua Primo
PIE top30,risk,2,production_stats + risk_uncertainty,40,-8.474755480726258e-05,-0.004049793701889751,0.0,0.55,0.45,0.0,-0.0031327531981053523,0.0,0.0,Fab Melo | Malachi Richardson | Andrew Wiggins | De'Andre Hunter | Stanley Johnson
PIE top30,risk,3,creation_handle + defense + production_stats,62,-3.4138873356710855e-05,-0.0014137589022578,0.0,0.532258064516129,0.46774193548387094,0.0,-0.0030821445166548003,0.0,0.0,Dante Exum | Isaac Okoro | DaJuan Summers | James Young | Nolan Smith
PIE top30,risk,3,athleticism_tools + production_stats + risk_uncertainty,39,-3.308377278545679e-05,-0.0059172372621698,0.0,0.5384615384615384,0.46153846153846156,0.0,-0.0030810894160835465,0.0,0.0,Fab Melo | Malachi Richardson | Andrew Wiggins | De'Andre Hunter | Stanley Johnson
PIE top30,risk,3,feel_iq_passing + defense + production_stats,99,2.5214424650672485e-05,-0.0009278040692351,0.0,0.5151515151515151,0.48484848484848486,0.0,-0.003022791218647417,0.0,0.0,Fab Melo | Craig Brackins | Rashad Vaughn | Dante Exum | Andrew Wiggins
PIE top30,risk,3,creation_handle + athleticism_tools + production_stats,75,2.93626909438426e-05,-0.0009278040692351,0.0,0.52,0.48,0.0,-0.003018642952354247,0.0,0.0,Malachi Richardson | Dante Exum | Isaac Okoro | Wesley Johnson | DaJuan Summers
PIE top15,risk,3,feel_iq_passing + upside_tools + motor_competitiveness,28,4.066448583675757e-05,0.00326075519961815,0.0,0.42857142857142855,0.5714285714285714,0.0,-0.0032665767552408067,0.0,0.0,Hasheem Thabeet | Dante Exum | Andrew Wiggins | Ekpe Udoh | Ben McLemore
PIE top30,risk,2,creation_handle + finishing_touch,72,7.416960846140095e-05,-0.00205817589548965,0.0,0.5277777777777778,0.4722222222222222,0.0,-0.0029738360348366888,0.0,0.0,Justin Harper | Hasheem Thabeet | Dante Exum | Dragan Bender | Joshua Primo
PIE top30,risk,3,shooting + creation_handle + defense,119,0.00010980429621210018,-0.0001232478739376,0.0,0.5042016806722689,0.4957983193277311,0.0,-0.0029382013470859894,0.0,0.0,Terrance Ferguson | Justin Harper | Dante Exum | Dragan Bender | Joshua Primo
PIE available minutes weighted,risk,3,creation_handle + finishing_touch + production_stats,44,0.00011276163014687519,0.0012138319394085998,0.0,0.4772727272727273,0.5227272727272727,0.0,-0.004606645048793227,0.0,0.0,Arnoldas Kulboka | Dante Exum | Isaac Okoro | Wesley Johnson | James Young
xRAPM historical top30,risk,3,motor_competitiveness + production_stats + injury_medical,16,0.00011674320927029802,-0.030314858183710602,0.3125,0.5,0.5,0.3125,-0.08031388458621525,-0.008395522388059684,-0.0183457711442786,James Wiseman | Shabazz Muhammad | Arnett Moultrie | Damian Jones | Guerschon Yabusele
PIE available minutes weighted,risk,3,creation_handle + finishing_touch + risk_uncertainty,23,0.00013115080732963206,0.0039120255229277,0.0,0.4782608695652174,0.5217391304347826,0.0,-0.00458825587161047,0.0,0.0,Arnoldas Kulboka | Joshua Primo | Ekpe Udoh | Thon Maker | Aaron Nesmith
PIE available minutes weighted,risk,3,shooting + upside_tools + defense,126,0.00015151778692636212,0.0033381099434511502,0.0,0.4603174603174603,0.5396825396825397,0.0,-0.00456788889201374,0.0,0.0,Gani Lawal | Ben Bentil | Fab Melo | Diamond Stone | Zhou Qi
PIE top30,risk,3,creation_handle + finishing_touch + athleticism_tools,71,0.00015739290217546963,-0.0019480557218348,0.0,0.5211267605633803,0.4788732394366197,0.0,-0.00289061274112262,0.0,0.0,Justin Harper | Hasheem Thabeet | Dante Exum | Dragan Bender | Joshua Primo
PIE top15,risk,3,feel_iq_passing + finishing_touch + motor_competitiveness,30,0.00018580450345364677,0.0016261132459220499,0.0,0.4666666666666667,0.5333333333333333,0.0,-0.0031214367376239177,0.0,0.0,Hasheem Thabeet | Dante Exum | Ekpe Udoh | Jan Vesely | Patrick Williams
PIE available minutes weighted,risk,2,creation_handle + athleticism_tools,244,0.00019304324937115036,0.0019125122877374,0.0,0.46311475409836067,0.5368852459016393,0.0,-0.004526363429568952,0.0,0.0,David Johnson | Arnoldas Kulboka | Royce White | Ben Bentil | Nemanja Nedovic
PIE top15,risk,3,feel_iq_passing + creation_handle + size_frame,26,0.0002060159927523804,0.0025542571536591,0.0,0.38461538461538464,0.6153846153846154,0.0,-0.003101225248325184,0.0,0.0,Dante Exum | Johnny Davis | Jan Vesely | Kevin Knox II | Marcus Smart
PIE top30,risk,3,shooting + creation_handle + motor_competitiveness,84,0.00020868028581643594,0.0017641832873329499,0.0,0.47619047619047616,0.5238095238095238,0.0,-0.002839325357481654,0.0,0.0,Terrance Ferguson | Hasheem Thabeet | Dante Exum | Dragan Bender | Zhaire Smith
PIE top30,risk,3,feel_iq_passing + creation_handle + athleticism_tools,123,0.0002187963646132606,0.0011961842938022,0.0,0.4796747967479675,0.5203252032520326,0.0,-0.002829209278684829,0.0,0.0,Terrance Ferguson | Hasheem Thabeet | Malachi Richardson | Dante Exum | Joshua Primo
PIE top30,risk,3,creation_handle + size_frame + risk_uncertainty,13,0.00023534566826752203,0.0126415828946757,0.0,0.38461538461538464,0.6153846153846154,0.0,-0.0028126599750305675,0.0,0.0,Royce White | Marcus Smart | Bismack Biyombo | Jaden McDaniels | P.J. Washington
PIE top30,risk,3,creation_handle + production_stats + risk_uncertainty,16,0.00027233682990434986,-0.0046104804109664,0.0,0.5625,0.4375,0.0,-0.0027756688133937397,0.0,0.0,Malachi Richardson | Kris Dunn | Aaron Nesmith | Marcus Smart | Bismack Biyombo
PIE available minutes weighted,risk,3,defense + motor_competitiveness + risk_uncertainty,55,0.0002989113054093711,0.0039120255229277,0.0,0.45454545454545453,0.5454545454545454,0.0,-0.004420495373530731,0.0,0.0,Arnoldas Kulboka | Fab Melo | Michael Gbinije | Zhou Qi | Andrew Wiggins
PIE top15,risk,3,upside_tools + defense + production_stats,27,0.00031120707683815935,-0.0004478179262712,0.0,0.5555555555555556,0.4444444444444444,0.0,-0.002996034164239405,0.0,0.0,Dante Exum | Andrew Wiggins | Isaac Okoro | Kevin Knox II | James Wiseman
PIE available minutes weighted,risk,3,creation_handle + athleticism_tools + production_stats,107,0.0003351129512080204,0.0011961842938022,0.0,0.4766355140186916,0.5233644859813084,0.0,-0.004384293727732081,0.0,0.0,Arnoldas Kulboka | Ben Bentil | Kris Joseph | Malachi Richardson | Dante Exum
PIE top15,risk,3,finishing_touch + athleticism_tools + upside_tools,30,0.00043569382850444915,-0.00042274464206345,0.0,0.5333333333333333,0.4666666666666667,0.0,-0.0028715474125731153,0.0,0.0,Hasheem Thabeet | Dante Exum | Isaac Okoro | Ekpe Udoh | Wesley Johnson
PIE available minutes weighted,risk,3,shooting + creation_handle + motor_competitiveness,111,0.0004569448882907766,0.0023321822808637,0.0,0.46846846846846846,0.5315315315315315,0.0,-0.004262461790649325,0.0,0.0,Arnoldas Kulboka | Terrance Ferguson | Hasheem Thabeet | Kris Joseph | Melvin Frazier Jr.
PIE top30,risk,2,creation_handle + production_stats,76,0.0004884248244866108,-0.0006627377135454,0.0,0.5131578947368421,0.4868421052631579,0.0,-0.002559580818811479,0.0,0.0,Malachi Richardson | Dante Exum | Isaac Okoro | Wesley Johnson | DaJuan Summers
PIE top15,risk,3,athleticism_tools + upside_tools + defense,50,0.0004933855760094123,-0.00081948408985715,0.0,0.54,0.46,0.0,-0.002813855665068152,0.0,0.0,Dante Exum | Andrew Wiggins | Isaac Okoro | Ekpe Udoh | Ben McLemore
PIE available minutes weighted,risk,3,feel_iq_passing + defense + motor_competitiveness,156,0.0005193379046774516,0.0036508794677926,0.0,0.42948717948717946,0.5705128205128205,0.0,-0.00420006877426265,0.0,0.0,Gani Lawal | Arnoldas Kulboka | Fab Melo | Michael Gbinije | Craig Brackins
PIE top30,risk,2,creation_handle + defense,132,0.0005753190746414097,-0.00026045961589664997,0.0,0.5075757575757576,0.49242424242424243,0.0,-0.00247268656865668,0.0,0.0,Terrance Ferguson | Justin Harper | Dante Exum | Dragan Bender | Joshua Primo
PIE top30,risk,2,creation_handle + motor_competitiveness,92,0.000623126428662161,0.0017641832873329499,0.0,0.4782608695652174,0.5217391304347826,0.0,-0.0024248792146359284,0.0,0.0,Terrance Ferguson | Hasheem Thabeet | Dante Exum | Dragan Bender | Zhaire Smith
PIE available minutes weighted,risk,3,creation_handle + upside_tools + defense,62,0.0006286589797383117,0.0007500162631192,0.0,0.4838709677419355,0.5161290322580645,0.0,-0.00409074769920179,0.0,0.0,Ben Bentil | Isaiah Todd | Dante Exum | Isaac Okoro | Ekpe Udoh
PIE top15,risk,2,upside_tools + defense,51,0.0006443062264314606,-0.0004478179262712,0.0,0.5294117647058824,0.47058823529411764,0.0,-0.0026629350146461037,0.0,0.0,Dante Exum | Andrew Wiggins | Isaac Okoro | Ekpe Udoh | Ben McLemore
PIE top15,risk,2,finishing_touch + upside_tools,31,0.0006858436646021734,-0.0003976713578557,0.0,0.5161290322580645,0.4838709677419355,0.0,-0.002621397576475391,0.0,0.0,Hasheem Thabeet | Dante Exum | Isaac Okoro | Ekpe Udoh | Wesley Johnson
PIE top30,risk,3,feel_iq_passing + shooting + injury_medical,33,0.0007013451979514609,-0.0001694371414475,0.0,0.5151515151515151,0.48484848484848486,0.0,-0.002346660445346629,0.0,0.0,Glen Rice | Rashad Vaughn | Johnny Davis | Romeo Langford | Kris Dunn
PIE top15,risk,3,creation_handle + motor_competitiveness + size_frame,22,0.0007113665823040364,0.0056614953406732,0.0,0.36363636363636365,0.6363636363636364,0.0,-0.002595874658773528,0.0,0.0,Dante Exum | Jarrett Culver | Jan Vesely | Kevin Knox II | Marcus Smart
PIE top15,risk,3,finishing_touch + defense + production_stats,28,0.0007183900886506828,-0.0019752811134192997,0.0,0.5714285714285714,0.42857142857142855,0.0,-0.0025888511524268815,0.0,0.0,Dante Exum | Isaac Okoro | Jan Vesely | Kevin Knox II | Stanley Johnson
PIE top30,risk,3,creation_handle + athleticism_tools + defense,129,0.0007185710782273013,-0.0001232478739376,0.0,0.5038759689922481,0.49612403100775193,0.0,-0.0023294345650707884,0.0,0.0,Terrance Ferguson | Justin Harper | Dante Exum | Dragan Bender | Joshua Primo
PIE top30,risk,3,size_frame + production_stats + risk_uncertainty,19,0.0007506287030693196,-0.0021823501416097,0.0,0.5263157894736842,0.47368421052631576,0.0,-0.00229737694022877,0.0,0.0,Fab Melo | De'Andre Hunter | Marcus Smart | Ziaire Williams | James Wiseman
PIE available minutes weighted,risk,2,creation_handle + production_stats,109,0.0007694750306951384,0.001231479585015,0.0,0.46788990825688076,0.5321100917431193,0.0,-0.003949931648244963,0.0,0.0,Arnoldas Kulboka | Ben Bentil | Kris Joseph | Malachi Richardson | Dante Exum
PIE top30,risk,3,feel_iq_passing + shooting + motor_competitiveness,138,0.000784335601717886,0.0041721736937488495,0.0,0.43478260869565216,0.5652173913043478,0.0,-0.0022636700415802034,0.0,0.0,Gani Lawal | Fab Melo | Craig Brackins | Terrance Ferguson | Hasheem Thabeet
PIE top15,risk,3,feel_iq_passing + shooting + upside_tools,44,0.000790825421636114,0.0015887996875283,0.0,0.45454545454545453,0.5454545454545454,0.0,-0.0025164158194414506,0.0,0.0,Hasheem Thabeet | Dante Exum | Isaac Okoro | Ekpe Udoh | Ben McLemore
PIE available minutes weighted,risk,3,creation_handle + defense + motor_competitiveness,94,0.0007942367736214917,0.0029615358464573,0.0,0.44680851063829785,0.5531914893617021,0.0,-0.00392516990531861,0.0,0.0,Arnoldas Kulboka | Terrance Ferguson | Kris Joseph | Dante Exum | Dragan Bender
xRAPM historical top30,risk,3,athleticism_tools + production_stats + risk_uncertainty,38,0.0007988722522865631,-0.2584696200884725,0.3157894736842105,0.5526315789473685,0.4473684210526316,0.2631578947368421,-0.07963175554319898,-0.005106048703849175,-0.06768787640743651,James Wiseman | Fab Melo | Bismack Biyombo | Shabazz Muhammad | Tyler Honeycutt
PIE available minutes weighted,risk,2,upside_tools + defense,143,0.0008078264571800669,0.0023321822808637,0.0,0.46853146853146854,0.5314685314685315,0.0,-0.003911580221760035,0.0,0.0,Gani Lawal | Ben Bentil | Fab Melo | Diamond Stone | Zhou Qi
PIE top15,risk,2,shooting + production_stats,63,0.0008394690711817505,-0.0004478179262712,0.0,0.5238095238095238,0.47619047619047616,0.0,-0.002467772169895814,0.0,0.0,Dante Exum | Isaac Okoro | Wesley Johnson | Jan Vesely | Patrick Williams
PIE available minutes weighted,risk,3,feel_iq_passing + defense + production_stats,134,0.0008544696952402059,0.00147978997843075,0.0,0.4701492537313433,0.5298507462686567,0.0,-0.003864936983699896,0.0,0.0,Arnoldas Kulboka | Ben Bentil | Fab Melo | Michael Gbinije | Craig Brackins
PIE top30,risk,3,creation_handle + upside_tools + size_frame,21,0.0008580458659198138,0.0011961842938022,0.0,0.42857142857142855,0.5714285714285714,0.0,-0.002189959777378276,0.0,0.0,Dante Exum | Kevin Knox II | Tony Snell | Josh Okogie | Kyle Singler
PIE top15,risk,3,shooting + athleticism_tools + production_stats,62,0.0008868739764210965,-0.00042274464206345,0.0,0.5161290322580645,0.4838709677419355,0.0,-0.002420367264656468,0.0,0.0,Dante Exum | Isaac Okoro | Wesley Johnson | Jan Vesely | Patrick Williams
PIE available minutes weighted,risk,3,athleticism_tools + upside_tools + defense,141,0.0009061044917897885,0.0023321822808637,0.0,0.46808510638297873,0.5319148936170213,0.0,-0.0038133021871503132,0.0,0.0,Gani Lawal | Ben Bentil | Fab Melo | Diamond Stone | Zhou Qi
PIE top30,risk,3,feel_iq_passing + shooting + defense,185,0.0009087895264013629,0.0027763320264545,0.0,0.4486486486486487,0.5513513513513514,0.0,-0.002139216116896727,0.0,0.0,Gani Lawal | Fab Melo | Craig Brackins | Terrance Ferguson | Glen Rice
PIE available minutes weighted,risk,3,defense + size_frame + production_stats,86,0.0009308887709402879,0.00353366369886285,0.0,0.4186046511627907,0.5813953488372093,0.0,-0.003788517907999814,0.0,0.0,Arnoldas Kulboka | Fab Melo | Diamond Stone | Michael Gbinije | Zhou Qi
PIE available minutes weighted,risk,3,shooting + upside_tools + motor_competitiveness,93,0.0009476929077256613,0.0053573282937581,0.0,0.44086021505376344,0.5591397849462365,0.0,-0.0037717137712144407,0.0,0.0,Gani Lawal | Fab Melo | Diamond Stone | Hasheem Thabeet | Zhou Qi
PIE top15,risk,2,upside_tools + motor_competitiveness,38,0.000959439019814224,0.00019879958396085,0.0,0.5,0.5,0.0,-0.0023478022212633405,0.0,0.0,Hasheem Thabeet | Dante Exum | Andrew Wiggins | Ekpe Udoh | Ben McLemore
PIE top15,risk,3,athleticism_tools + upside_tools + motor_competitiveness,38,0.000959439019814224,0.00019879958396085,0.0,0.5,0.5,0.0,-0.0023478022212633405,0.0,0.0,Hasheem Thabeet | Dante Exum | Andrew Wiggins | Ekpe Udoh | Ben McLemore
PIE top30,risk,3,finishing_touch + production_stats + risk_uncertainty,15,0.00098135630782616,-0.0070386106803231,0.0,0.5333333333333333,0.4666666666666667,0.0,-0.0020666493354719296,0.0,0.0,Fab Melo | Stanley Johnson | Aaron Nesmith | Marcus Smart | James Wiseman
PIE available minutes weighted,risk,3,shooting + creation_handle + size_frame,84,0.0009934244605012026,0.0029615358464573,0.0,0.42857142857142855,0.5714285714285714,0.0,-0.003725982218438899,0.0,0.0,Arnoldas Kulboka | Royce White | Justin Harper | Isaiah Todd | Dante Exum
PIE top15,risk,2,athleticism_tools + upside_tools,64,0.0010358621699009943,-0.00042274464206345,0.0,0.515625,0.484375,0.0,-0.0022713790711765703,0.0,0.0,Hasheem Thabeet | Dante Exum | Andrew Wiggins | Isaac Okoro | Ekpe Udoh
PIE top30,risk,3,creation_handle + finishing_touch + motor_competitiveness,44,0.0010472136758663214,0.0025510863206522497,0.0,0.4772727272727273,0.5227272727272727,0.0,-0.0020007919674317684,0.0,0.0,Hasheem Thabeet | Dante Exum | Dragan Bender | Ekpe Udoh | James Young
PIE top15,risk,3,upside_tools + defense + motor_competitiveness,29,0.0010536004397504858,-0.0004478179262712,0.0,0.5172413793103449,0.4827586206896552,0.0,-0.002253640801327079,0.0,0.0,Dante Exum | Andrew Wiggins | Ekpe Udoh | Ben McLemore | Kevin Knox II
PIE top30,risk,3,creation_handle + defense + motor_competitiveness,73,0.0010642607449125926,0.0023321822808637,0.0,0.4657534246575342,0.5342465753424658,0.0,-0.001983744898385497,0.0,0.0,Terrance Ferguson | Dante Exum | Dragan Bender | Zhaire Smith | Ekpe Udoh
PIE available minutes weighted,risk,3,creation_handle + motor_competitiveness + risk_uncertainty,28,0.0010752683870386512,0.00451835795088175,0.0,0.4642857142857143,0.5357142857142857,0.0,-0.003644138291901451,0.0,0.0,Arnoldas Kulboka | Ekpe Udoh | Ben McLemore | Tyler Lydon | Thon Maker
PIE top30,risk,3,creation_handle + athleticism_tools + motor_competitiveness,91,0.0010905527570925979,0.0023321822808637,0.0,0.4725274725274725,0.5274725274725275,0.0,-0.001957452886205492,0.0,0.0,Terrance Ferguson | Hasheem Thabeet | Dante Exum | Dragan Bender | Ekpe Udoh
PIE available minutes weighted,risk,2,creation_handle + motor_competitiveness,121,0.001100497405534917,0.0027763320264545,0.0,0.4628099173553719,0.5371900826446281,0.0,-0.003618909273405185,0.0,0.0,Arnoldas Kulboka | Terrance Ferguson | Hasheem Thabeet | Kris Joseph | Melvin Frazier Jr.
PIE available minutes weighted,risk,3,feel_iq_passing + athleticism_tools + production_stats,157,0.0011499928009690622,0.0017633956630593,0.0,0.46496815286624205,0.535031847133758,0.0,-0.0035694138779710396,0.0,0.0,Arnoldas Kulboka | Ben Bentil | Fab Melo | Michael Gbinije | Craig Brackins
PIE available minutes weighted,risk,3,upside_tools + defense + production_stats,78,0.0012236497382743488,0.00057463266331455,0.0,0.48717948717948717,0.5128205128205128,0.0,-0.003495756940665753,0.0,0.0,Ben Bentil | Fab Melo | Diamond Stone | Zhou Qi | Jared Cunningham
PIE top30,risk,3,creation_handle + size_frame + production_stats,32,0.0012585528162851153,0.00198625816012835,0.0,0.4375,0.5625,0.0,-0.0017894528270129743,0.0,0.0,Dante Exum | Jan Vesely | Kevin Knox II | Josh Okogie | Kyle Singler
PIE top30,risk,3,creation_handle + finishing_touch + size_frame,29,0.0012902607074858762,0.0039059883475023,0.0,0.4482758620689655,0.5517241379310345,0.0,-0.0017577449358122134,0.0,0.0,Justin Harper | Dante Exum | Jan Vesely | Kevin Knox II | Marcus Smart
PIE available minutes weighted,risk,2,upside_tools + production_stats,97,0.0013060599722124274,0.0008454170941929,0.0,0.4845360824742268,0.5154639175257731,0.0,-0.0034133467067276745,0.0,0.0,Ben Bentil | Fab Melo | Diamond Stone | Zhou Qi | Jared Cunningham
PIE available minutes weighted,risk,3,athleticism_tools + upside_tools + production_stats,97,0.0013060599722124274,0.0008454170941929,0.0,0.4845360824742268,0.5154639175257731,0.0,-0.0034133467067276745,0.0,0.0,Ben Bentil | Fab Melo | Diamond Stone | Zhou Qi | Jared Cunningham
PIE available minutes weighted,risk,3,feel_iq_passing + shooting + production_stats,148,0.001314873400667622,0.0024697608422134497,0.0,0.4527027027027027,0.5472972972972973,0.0,-0.00340453327827248,0.0,0.0,Arnoldas Kulboka | Ben Bentil | Fab Melo | Michael Gbinije | Craig Brackins
PIE available minutes weighted,risk,3,shooting + defense + motor_competitiveness,199,0.0013384767812696157,0.0039120255229277,0.0,0.4271356783919598,0.5728643216080402,0.0,-0.003380929897670486,0.0,0.0,Gani Lawal | Arnoldas Kulboka | Fab Melo | Diamond Stone | Michael Gbinije
PIE top30,risk,3,shooting + finishing_touch + production_stats,55,0.0013908187547663025,0.0010890368338717,0.0,0.4909090909090909,0.509090909090909,0.0,-0.0016571868885317872,0.0,0.0,Fab Melo | Craig Brackins | Dante Exum | Isaac Okoro | Wesley Johnson
PIE top30,risk,3,feel_iq_passing + creation_handle + defense,97,0.001393124614441066,0.0017633956630593,0.0,0.4742268041237113,0.5257731958762887,0.0,-0.0016548810288570235,0.0,0.0,Terrance Ferguson | Dante Exum | Joshua Primo | Zhaire Smith | Isaac Okoro
PIE top15,risk,3,shooting + upside_tools + defense,46,0.0013987508063973387,-4.691156270974998e-05,0.0,0.5,0.5,0.0,-0.0019084904346802257,0.0,0.0,Dante Exum | Isaac Okoro | Ekpe Udoh | Ben McLemore | Sekou Doumbouya
PIE top15,risk,3,shooting + finishing_touch + athleticism_tools,68,0.0014011353932592042,0.0016261132459220499,0.0,0.4852941176470588,0.5147058823529411,0.0,-0.0019061058478183602,0.0,0.0,Hasheem Thabeet | Dante Exum | Dragan Bender | Isaac Okoro | Ekpe Udoh
PIE available minutes weighted,risk,3,feel_iq_passing + creation_handle + finishing_touch,68,0.001407035010896467,0.00211319063925775,0.0,0.4852941176470588,0.5147058823529411,0.0,-0.003312371668043635,0.0,0.0,Arnoldas Kulboka | Hasheem Thabeet | Isaiah Todd | Dante Exum | Joshua Primo
PIE top30,risk,3,defense + production_stats + risk_uncertainty,32,0.0014110179058831622,-0.004049793701889751,0.0,0.53125,0.46875,0.0,-0.0016369877374149274,0.0,0.0,Fab Melo | Andrew Wiggins | Stanley Johnson | Kris Dunn | Aaron Nesmith
PIE available minutes weighted,risk,3,motor_competitiveness + size_frame + production_stats,72,0.0014254844979756014,0.00600310834875055,0.0,0.4166666666666667,0.5833333333333334,0.0,-0.0032939221809645007,0.0,0.0,Arnoldas Kulboka | Fab Melo | Grant Jerrett | Diamond Stone | Michael Gbinije
PIE available minutes weighted,risk,3,shooting + upside_tools + production_stats,88,0.0014343731350619302,0.00211319063925775,0.0,0.4659090909090909,0.5340909090909091,0.0,-0.0032850335438781714,0.0,0.0,Ben Bentil | Fab Melo | Diamond Stone | Zhou Qi | Jared Cunningham
PIE top15,risk,3,shooting + creation_handle + risk_uncertainty,15,0.001453116078133288,0.0039120255229277,0.0,0.4666666666666667,0.5333333333333333,0.0,-0.0018541251629442764,0.0,0.0,Ekpe Udoh | Ben McLemore | Kris Dunn | Marcus Smart | Lonzo Ball
PIE available minutes weighted,risk,3,creation_handle + finishing_touch + defense,71,0.0014640738102667783,0.0039120255229277,0.0,0.4647887323943662,0.5352112676056338,0.0,-0.0032553328686733235,0.0,0.0,Arnoldas Kulboka | Justin Harper | Isaiah Todd | Dante Exum | Dragan Bender
PIE top30,risk,2,feel_iq_passing + shooting,244,0.0014729555792528473,0.00264214765911725,0.0,0.45081967213114754,0.5491803278688525,0.0,-0.0015750500640452423,0.0,0.0,Gani Lawal | Fab Melo | Craig Brackins | Terrance Ferguson | Hasheem Thabeet
PIE top15,risk,2,athleticism_tools + production_stats,69,0.0014812112294770583,-0.0003976713578557,0.0,0.5072463768115942,0.4927536231884058,0.0,-0.0018260300116005061,0.0,0.0,Dante Exum | Andrew Wiggins | Isaac Okoro | Wesley Johnson | Jan Vesely
PIE top15,risk,2,shooting + finishing_touch,69,0.001499529644770432,0.0021631896579724,0.0,0.4782608695652174,0.5217391304347826,0.0,-0.0018077115963071324,0.0,0.0,Hasheem Thabeet | Dante Exum | Dragan Bender | Isaac Okoro | Ekpe Udoh
PIE available minutes weighted,risk,2,feel_iq_passing + production_stats,160,0.0015112297532932698,0.00196329266051585,0.0,0.4625,0.5375,0.0,-0.003208176925646832,0.0,0.0,Arnoldas Kulboka | Ben Bentil | Fab Melo | Michael Gbinije | Craig Brackins
PIE top15,risk,3,finishing_touch + upside_tools + motor_competitiveness,21,0.0015154735173478378,-0.0004478179262712,0.0,0.5238095238095238,0.47619047619047616,0.0,-0.0017917677237297266,0.0,0.0,Hasheem Thabeet | Dante Exum | Ekpe Udoh | Patrick Williams | Kevin Knox II
PIE top30,risk,3,shooting + defense + motor_competitiveness,154,0.0015316710817205026,0.0036955270632313,0.0,0.43506493506493504,0.564935064935065,0.0,-0.001516334561577587,0.0,0.0,Gani Lawal | Fab Melo | Craig Brackins | Terrance Ferguson | Glen Rice
PIE available minutes weighted,risk,2,upside_tools + motor_competitiveness,99,0.0015397193447789818,0.0053573282937581,0.0,0.4444444444444444,0.5555555555555556,0.0,-0.0031796873341611203,0.0,0.0,Gani Lawal | Fab Melo | Diamond Stone | Hasheem Thabeet | Zhou Qi
PIE available minutes weighted,risk,3,athleticism_tools + upside_tools + motor_competitiveness,99,0.0015397193447789818,0.0053573282937581,0.0,0.4444444444444444,0.5555555555555556,0.0,-0.0031796873341611203,0.0,0.0,Gani Lawal | Fab Melo | Diamond Stone | Hasheem Thabeet | Zhou Qi
PIE available minutes weighted,risk,3,creation_handle + athleticism_tools + motor_competitiveness,119,0.0015544138470749136,0.0031467396664601,0.0,0.453781512605042,0.5462184873949579,0.0,-0.003164992831865188,0.0,0.0,Arnoldas Kulboka | Terrance Ferguson | Hasheem Thabeet | Kris Joseph | Melvin Frazier Jr.
PIE top30,risk,3,athleticism_tools + defense + production_stats,125,0.0015553861514838647,-0.0004478179262712,0.0,0.52,0.48,0.0,-0.001492619491814225,0.0,0.0,Fab Melo | Craig Brackins | Rashad Vaughn | Dante Exum | Andrew Wiggins
PIE top15,risk,3,shooting + defense + production_stats,54,0.0015733110497955533,-0.00042274464206345,0.0,0.5185185185185185,0.48148148148148145,0.0,-0.0017339301912820111,0.0,0.0,Dante Exum | Isaac Okoro | Jan Vesely | Kevin Knox II | Stanley Johnson
PIE available minutes weighted,risk,2,defense + motor_competitiveness,225,0.0015743078237657805,0.0034790286035349,0.0,0.44,0.56,0.0,-0.0031450988551743214,0.0,0.0,Gani Lawal | Arnoldas Kulboka | Fab Melo | Diamond Stone | Michael Gbinije
PIE top15,risk,2,defense + production_stats,59,0.0016275285630244338,-0.0004478179262712,0.0,0.5254237288135594,0.4745762711864407,0.0,-0.0016797126780531307,0.0,0.0,Dante Exum | Andrew Wiggins | Isaac Okoro | Jan Vesely | Kevin Knox II
PIE top15,risk,3,athleticism_tools + defense + production_stats,59,0.0016275285630244338,-0.0004478179262712,0.0,0.5254237288135594,0.4745762711864407,0.0,-0.0016797126780531307,0.0,0.0,Dante Exum | Andrew Wiggins | Isaac Okoro | Jan Vesely | Kevin Knox II
PIE top30,risk,2,feel_iq_passing + motor_competitiveness,149,0.0016373114621205855,0.0041893281183726,0.0,0.42953020134228187,0.5704697986577181,0.0,-0.001410694181177504,0.0,0.0,Gani Lawal | Fab Melo | Craig Brackins | Terrance Ferguson | Hasheem Thabeet
PIE top30,risk,3,finishing_touch + upside_tools + production_stats,32,0.001645244425542497,0.00039925646797324995,0.0,0.5,0.5,0.0,-0.0014027612177555926,0.0,0.0,Fab Melo | Dante Exum | Isaac Okoro | Wesley Johnson | James Young
PIE top15,risk,3,shooting + athleticism_tools + upside_tools,59,0.0016572559054226566,0.0003038482324362,0.0,0.4915254237288136,0.5084745762711864,0.0,-0.0016499853356549078,0.0,0.0,Hasheem Thabeet | Dante Exum | Isaac Okoro | Ekpe Udoh | Ben McLemore
PIE available minutes weighted,risk,3,feel_iq_passing + shooting + motor_competitiveness,178,0.0016621869536618547,0.00514281767889775,0.0,0.42134831460674155,0.5786516853932584,0.0,-0.003057219725278247,0.0,0.0,Gani Lawal | Arnoldas Kulboka | Fab Melo | Michael Gbinije | Craig Brackins
PIE top30,risk,2,shooting + defense,267,0.0016710233209463912,0.0023321822808637,0.0,0.46441947565543074,0.5355805243445693,0.0,-0.0013769823223516984,0.0,0.0,Gani Lawal | Fab Melo | Craig Brackins | Leandro Bolmaro | Terrance Ferguson
PIE top30,risk,2,feel_iq_passing + defense,205,0.0016857918250244932,0.0027763320264545,0.0,0.45365853658536587,0.5463414634146342,0.0,-0.0013622138182735964,0.0,0.0,Gani Lawal | Fab Melo | Craig Brackins | Terrance Ferguson | Glen Rice
PIE available minutes weighted,risk,3,feel_iq_passing + shooting + defense,260,0.0017092688725871843,0.00395713905485745,0.0,0.4230769230769231,0.5769230769230769,0.0,-0.0030101378063529176,0.0,0.0,Gani Lawal | David Johnson | Arnoldas Kulboka | Ben Bentil | Fab Melo
PIE available minutes weighted,risk,3,creation_handle + upside_tools + risk_uncertainty,15,0.0017546787468363007,-0.0070386106803231,0.0,0.6,0.4,0.0,-0.002964727932103801,0.0,0.0,Malachi Richardson | Ekpe Udoh | Ben McLemore | MarJon Beauchamp | Nassir Little
PIE top30,risk,2,defense + motor_competitiveness,170,0.001762928530257783,0.0032279528303022498,0.0,0.4470588235294118,0.5529411764705883,0.0,-0.0012850771130403066,0.0,0.0,Gani Lawal | Fab Melo | Craig Brackins | Terrance Ferguson | Anthony Bennett
PIE top15,risk,2,shooting + upside_tools,60,0.0017661406194578436,0.00057463266331455,0.0,0.48333333333333334,0.5166666666666667,0.0,-0.0015411006216197209,0.0,0.0,Hasheem Thabeet | Dante Exum | Isaac Okoro | Ekpe Udoh | Ben McLemore
PIE available minutes weighted,risk,3,shooting + athleticism_tools + upside_tools,164,0.0017727908022284774,0.00395713905485745,0.0,0.45121951219512196,0.5487804878048781,0.0,-0.0029466158767116244,0.0,0.0,Gani Lawal | Ben Bentil | Fab Melo | Diamond Stone | Hasheem Thabeet
PIE available minutes weighted,risk,3,creation_handle + defense + risk_uncertainty,38,0.001777123645260253,0.00451835795088175,0.0,0.47368421052631576,0.5263157894736842,0.0,-0.002942283033679849,0.0,0.0,Arnoldas Kulboka | Joshua Primo | Ekpe Udoh | Ben McLemore | Sergey Karasev
PIE top30,risk,3,feel_iq_passing + creation_handle + injury_medical,13,0.001780745383648761,0.0011961842938022,0.0,0.46153846153846156,0.5384615384615384,0.0,-0.0012672602596493286,0.0,0.0,Johnny Davis | Kris Dunn | Aaron Nesmith | Cody Zeller | Alex Len
PIE available minutes weighted,risk,3,feel_iq_passing + athleticism_tools + upside_tools,131,0.0018147172114133217,0.0034302089778811,0.0,0.45038167938931295,0.549618320610687,0.0,-0.00290468946752678,0.0,0.0,Gani Lawal | Ben Bentil | Fab Melo | Hasheem Thabeet | Isaiah Todd
PIE top30,risk,3,feel_iq_passing + shooting + athleticism_tools,232,0.0018521385698575977,0.0030035370208914497,0.0,0.44396551724137934,0.5560344827586207,0.0,-0.001195867073440492,0.0,0.0,Gani Lawal | Fab Melo | Craig Brackins | Terrance Ferguson | Hasheem Thabeet
xRAPM historical top30,risk,2,finishing_touch + defense,106,0.001852592147265714,0.08032006245120975,0.32075471698113206,0.4716981132075472,0.5283018867924528,0.2830188679245283,-0.07857803564821983,-0.00014080540692762433,-0.047826903219750305,James Wiseman | Kevin Knox II | Jahlil Okafor | Craig Brackins | Fab Melo
PIE available minutes weighted,risk,3,upside_tools + size_frame + production_stats,43,0.0018830808813928394,0.0039205877312656,0.0,0.4418604651162791,0.5581395348837209,0.0,-0.0028363257975472624,0.0,0.0,Fab Melo | Diamond Stone | Zhou Qi | Dante Exum | De'Andre Hunter
PIE available minutes weighted,risk,3,athleticism_tools + defense + motor_competitiveness,221,0.001910227898242467,0.0039120255229277,0.0,0.4343891402714932,0.5656108597285068,0.0,-0.002809178780697635,0.0,0.0,Gani Lawal | Arnoldas Kulboka | Fab Melo | Diamond Stone | Michael Gbinije
PIE top15,risk,3,feel_iq_passing + finishing_touch + defense,38,0.0019186194038583765,-0.0012068537333478498,0.0,0.5,0.5,0.0,-0.001388621837219188,0.0,0.0,Dante Exum | Isaac Okoro | Jerome Robinson | Ekpe Udoh | Frank Ntilikina
PIE available minutes weighted,risk,2,shooting + upside_tools,167,0.001958991808145108,0.0039936903784493,0.0,0.4491017964071856,0.5508982035928144,0.0,-0.002760414870794994,0.0,0.0,Gani Lawal | Ben Bentil | Fab Melo | Diamond Stone | Hasheem Thabeet
PIE available minutes weighted,risk,3,creation_handle + size_frame + production_stats,48,0.0019772862037089026,0.0063056606543459,0.0,0.375,0.625,0.0,-0.0027421204752311992,0.0,0.0,Arnoldas Kulboka | Dante Exum | Jan Vesely | Kevin Knox II | Tyler Lydon
PIE top30,risk,3,feel_iq_passing + athleticism_tools + defense,198,0.002023666922941957,0.0031114439830454,0.0,0.4444444444444444,0.5555555555555556,0.0,-0.0010243387203561325,0.0,0.0,Gani Lawal | Fab Melo | Craig Brackins | Terrance Ferguson | Glen Rice
PIE top30,risk,3,shooting + athleticism_tools + defense,256,0.002028908155941168,0.0028766045417620498,0.0,0.45703125,0.54296875,0.0,-0.0010190974873569218,0.0,0.0,Gani Lawal | Fab Melo | Craig Brackins | Leandro Bolmaro | Terrance Ferguson
PIE available minutes weighted,risk,3,feel_iq_passing + shooting + upside_tools,124,0.00208622531579137,0.00395713905485745,0.0,0.43548387096774194,0.5645161290322581,0.0,-0.0026331813631487316,0.0,0.0,Gani Lawal | Ben Bentil | Fab Melo | Hasheem Thabeet | Isaiah Todd
PIE top15,risk,3,feel_iq_passing + motor_competitiveness + production_stats,33,0.002107035434953258,0.0010890368338717,0.0,0.45454545454545453,0.5454545454545454,0.0,-0.0012002058061243064,0.0,0.0,Dante Exum | Andrew Wiggins | Jan Vesely | Patrick Williams | Kevin Knox II
PIE available minutes weighted,risk,3,feel_iq_passing + upside_tools + production_stats,75,0.002107430303818314,0.0011961842938022,0.0,0.4666666666666667,0.5333333333333333,0.0,-0.002611976375121788,0.0,0.0,Ben Bentil | Fab Melo | Jared Cunningham | Malachi Richardson | Dante Exum
PIE top30,risk,3,shooting + defense + production_stats,116,0.0021153499213401507,6.720554549435001e-05,0.0,0.5,0.5,0.0,-0.0009326557219579389,0.0,0.0,Fab Melo | Craig Brackins | Rashad Vaughn | Dante Exum | Isaac Okoro
PIE top30,risk,2,defense + production_stats,127,0.002124720275803289,-0.0003976713578557,0.0,0.5118110236220472,0.4881889763779528,0.0,-0.0009232853674948005,0.0,0.0,Fab Melo | Craig Brackins | Rashad Vaughn | Dante Exum | Andrew Wiggins
PIE top30,risk,3,feel_iq_passing + athleticism_tools + motor_competitiveness,145,0.002151038020829325,0.0051246903788358,0.0,0.4206896551724138,0.5793103448275863,0.0,-0.0008969676224687647,0.0,0.0,Gani Lawal | Fab Melo | Craig Brackins | Terrance Ferguson | Hasheem Thabeet
PIE available minutes weighted,risk,2,feel_iq_passing + upside_tools,132,0.002169571553450897,0.0036753983545733497,0.0,0.44696969696969696,0.553030303030303,0.0,-0.002549835125489205,0.0,0.0,Gani Lawal | Ben Bentil | Fab Melo | Hasheem Thabeet | Isaiah Todd
PIE available minutes weighted,risk,3,feel_iq_passing + athleticism_tools + defense,274,0.002202344853722863,0.00395713905485745,0.0,0.42700729927007297,0.572992700729927,0.0,-0.002517061825217239,0.0,0.0,Gani Lawal | David Johnson | Arnoldas Kulboka | Ben Bentil | Fab Melo
PIE available minutes weighted,risk,3,upside_tools + production_stats + risk_uncertainty,32,0.0022123910285196057,0.00238300241272925,0.0,0.46875,0.53125,0.0,-0.002507015650420496,0.0,0.0,Fab Melo | Zhou Qi | Malachi Richardson | Andrew Wiggins | De'Andre Hunter
PIE top30,risk,3,athleticism_tools + defense + motor_competitiveness,166,0.002214692501856072,0.0036955270632313,0.0,0.4397590361445783,0.5602409638554217,0.0,-0.0008333131414420174,0.0,0.0,Gani Lawal | Fab Melo | Craig Brackins | Terrance Ferguson | Anthony Bennett
PIE available minutes weighted,risk,3,shooting + creation_handle + finishing_touch,86,0.002219619764693185,0.0021774935709154997,0.0,0.46511627906976744,0.5348837209302325,0.0,-0.002499786914246917,0.0,0.0,Arnoldas Kulboka | Justin Harper | Hasheem Thabeet | Isaiah Todd | Dante Exum
PIE available minutes weighted,risk,3,feel_iq_passing + size_frame + production_stats,73,0.002228998836413687,0.0058181917136046,0.0,0.3972602739726027,0.6027397260273972,0.0,-0.002490407842526415,0.0,0.0,Arnoldas Kulboka | Fab Melo | Michael Gbinije | Dante Exum | Victor Claver
PIE top30,risk,3,upside_tools + defense + risk_uncertainty,31,0.002232503109195865,0.0008454170941929,0.0,0.45161290322580644,0.5483870967741935,0.0,-0.0008155025341022248,0.0,0.0,Fab Melo | Andrew Wiggins | Ekpe Udoh | Ben McLemore | James Bouknight
PIE top30,risk,3,motor_competitiveness + production_stats + risk_uncertainty,28,0.0022455863567549627,-0.004049793701889751,0.0,0.5357142857142857,0.4642857142857143,0.0,-0.0008024192865431269,0.0,0.0,Fab Melo | Andrew Wiggins | Stanley Johnson | Marcus Smart | Perry Jones III
PIE available minutes weighted,risk,2,feel_iq_passing + defense,283,0.0022475805291372513,0.0039205877312656,0.0,0.43109540636042404,0.568904593639576,0.0,-0.0024718261498028506,0.0,0.0,Gani Lawal | David Johnson | Arnoldas Kulboka | Ben Bentil | Fab Melo
xRAPM historical mature,risk,2,feel_iq_passing + upside_tools,125,0.0022622667795000827,-0.1171031746031743,0.36,0.552,0.448,0.312,-0.08524551243817621,0.01861513687600641,-0.011671497584541057,James Wiseman | Kevin Knox II | Fab Melo | Elijah Hughes | Patrick Williams
PIE available minutes weighted,risk,3,creation_handle + athleticism_tools + size_frame,93,0.0023046048373587705,0.0041550192691251,0.0,0.3978494623655914,0.6021505376344086,0.0,-0.0024148018415813314,0.0,0.0,Arnoldas Kulboka | Royce White | Justin Harper | Isaiah Todd | Dante Exum
PIE available minutes weighted,risk,3,defense + motor_competitiveness + production_stats,107,0.00231058951903575,0.0029768770570696,0.0,0.4485981308411215,0.5514018691588785,0.0,-0.0024088171599043516,0.0,0.0,Arnoldas Kulboka | Fab Melo | Diamond Stone | Michael Gbinije | Craig Brackins
PIE top15,risk,2,finishing_touch + athleticism_tools,76,0.0023112308757318395,0.0028211091307536497,0.0,0.47368421052631576,0.5263157894736842,0.0,-0.0009960103653457249,0.0,0.0,Hasheem Thabeet | Dante Exum | Dragan Bender | Isaac Okoro | Jerome Robinson
PIE top30,risk,3,creation_handle + defense + size_frame,54,0.002319079504688889,0.0025542571536591,0.0,0.4444444444444444,0.5555555555555556,0.0,-0.0007289261386092005,0.0,0.0,Justin Harper | Dante Exum | Jarrett Culver | Jan Vesely | Kevin Knox II
PIE top15,risk,2,feel_iq_passing + shooting,114,0.0023617565182654315,0.00242007278632185,0.0,0.43859649122807015,0.5614035087719298,0.0,-0.000945484722812133,0.0,0.0,Hasheem Thabeet | Dante Exum | Isaac Okoro | Ekpe Udoh | Johnny Davis
PIE top30,risk,3,shooting + athleticism_tools + production_stats,135,0.002384050093448669,0.0008454170941929,0.0,0.4888888888888889,0.5111111111111111,0.0,-0.0006639555498494207,0.0,0.0,Fab Melo | Craig Brackins | Rashad Vaughn | Malachi Richardson | Dante Exum
PIE available minutes weighted,risk,2,creation_handle + size_frame,94,0.0023863371341383555,0.00463985482398045,0.0,0.39361702127659576,0.6063829787234043,0.0,-0.0023330695448017464,0.0,0.0,Arnoldas Kulboka | Royce White | Justin Harper | Isaiah Todd | Dante Exum
PIE available minutes weighted,risk,3,feel_iq_passing + creation_handle + risk_uncertainty,37,0.0024027325579102352,0.0051246903788358,0.0,0.4864864864864865,0.5135135135135135,0.0,-0.0023166741210298666,0.0,0.0,Arnoldas Kulboka | Malachi Richardson | Joshua Primo | Ekpe Udoh | Ben McLemore
PIE top15,risk,3,shooting + upside_tools + motor_competitiveness,35,0.002452044030124866,0.0023321822808637,0.0,0.45714285714285713,0.5428571428571428,0.0,-0.0008551972109526983,0.0,0.0,Hasheem Thabeet | Dante Exum | Ekpe Udoh | Ben McLemore | Patrick Williams
PIE available minutes weighted,risk,2,feel_iq_passing + motor_competitiveness,190,0.0024603502955705785,0.005388111861320001,0.0,0.41578947368421054,0.5842105263157895,0.0,-0.0022590563833695234,0.0,0.0,Gani Lawal | Arnoldas Kulboka | Fab Melo | Michael Gbinije | Craig Brackins
PIE available minutes weighted,risk,3,defense + motor_competitiveness + size_frame,112,0.002490246987114101,0.00463985482398045,0.0,0.42857142857142855,0.5714285714285714,0.0,-0.0022291596918260007,0.0,0.0,Arnoldas Kulboka | Fab Melo | Diamond Stone | Michael Gbinije | Anthony Bennett
PIE top30,risk,3,shooting + finishing_touch + defense,100,0.0025175186230233905,0.00391630662709665,0.0,0.45,0.55,0.0,-0.0005304870202746991,0.0,0.0,Fab Melo | Craig Brackins | Leandro Bolmaro | Justin Harper | Dante Exum
PIE available minutes weighted,risk,3,creation_handle + defense + size_frame,77,0.002527600623573449,0.0037136850392015,0.0,0.4155844155844156,0.5844155844155844,0.0,-0.002191806055366653,0.0,0.0,Arnoldas Kulboka | Justin Harper | Isaiah Todd | Dante Exum | Jarrett Culver
PIE top15,risk,2,feel_iq_passing + defense,96,0.002528220735429585,0.00196329266051585,0.0,0.4583333333333333,0.5416666666666666,0.0,-0.0007790205056479793,0.0,0.0,Dante Exum | Andrew Wiggins | Isaac Okoro | Jerome Robinson | Ekpe Udoh
PIE top30,risk,3,feel_iq_passing + size_frame + production_stats,54,0.002549082702738103,0.0028766045417620498,0.0,0.42592592592592593,0.5740740740740741,0.0,-0.0004989229405599864,0.0,0.0,Fab Melo | Dante Exum | Jan Vesely | De'Andre Hunter | Kevin Knox II
PIE available minutes weighted,risk,3,feel_iq_passing + upside_tools + motor_competitiveness,76,0.002571194477638404,0.00604168868189015,0.0,0.40789473684210525,0.5921052631578947,0.0,-0.002148212201301698,0.0,0.0,Gani Lawal | Fab Melo | Hasheem Thabeet | Dante Exum | Andrew Wiggins
PIE top15,risk,3,shooting + finishing_touch + motor_competitiveness,41,0.002581284379254058,0.0034790286035349,0.0,0.43902439024390244,0.5609756097560976,0.0,-0.0007259568618235065,0.0,0.0,Hasheem Thabeet | Dante Exum | Dragan Bender | Ekpe Udoh | Jan Vesely
PIE available minutes weighted,risk,2,creation_handle + finishing_touch,94,0.0026050428138546617,0.0034680926661078,0.0,0.4574468085106383,0.5425531914893617,0.0,-0.00211436386508544,0.0,0.0,Arnoldas Kulboka | Justin Harper | Hasheem Thabeet | Isaiah Todd | Dante Exum
PIE available minutes weighted,risk,3,creation_handle + upside_tools + motor_competitiveness,45,0.002612702144649075,0.0011961842938022,0.0,0.4888888888888889,0.5111111111111111,0.0,-0.002106704534291027,0.0,0.0,Hasheem Thabeet | Dante Exum | Ekpe Udoh | Ben McLemore | James Young
PIE available minutes weighted,risk,3,shooting + size_frame + production_stats,95,0.002612863301720198,0.0067931295950872,0.0,0.3894736842105263,0.6105263157894737,0.0,-0.002106543377219904,0.0,0.0,Arnoldas Kulboka | Fab Melo | Grant Jerrett | Diamond Stone | Michael Gbinije
PIE top15,risk,3,creation_handle + athleticism_tools + injury_medical,11,0.002627099545173009,-0.0019480557218348,0.0,0.5454545454545454,0.45454545454545453,0.0,-0.0006801416959045553,0.0,0.0,Johnny Davis | Kris Dunn | Jaylen Brown | Cody Zeller | Alex Len
PIE available minutes weighted,risk,2,size_frame + risk_uncertainty,57,0.0026494509518338464,0.0113154851147843,0.0,0.38596491228070173,0.6140350877192983,0.0,-0.0020699557271062555,0.0,0.0,Arnoldas Kulboka | Royce White | Fab Melo | Michael Gbinije | Zhou Qi
PIE available minutes weighted,risk,3,athleticism_tools + size_frame + risk_uncertainty,57,0.0026494509518338464,0.0113154851147843,0.0,0.38596491228070173,0.6140350877192983,0.0,-0.0020699557271062555,0.0,0.0,Arnoldas Kulboka | Royce White | Fab Melo | Michael Gbinije | Zhou Qi
PIE top30,risk,3,feel_iq_passing + upside_tools + risk_uncertainty,34,0.0026506833017049284,-0.00253591008398845,0.0,0.5,0.5,0.0,-0.0003973223415931612,0.0,0.0,Fab Melo | Malachi Richardson | Andrew Wiggins | Ekpe Udoh | Ben McLemore
PIE available minutes weighted,risk,3,creation_handle + finishing_touch + size_frame,43,0.0026520137215966227,0.0058181917136046,0.0,0.3953488372093023,0.6046511627906976,0.0,-0.002067392957343479,0.0,0.0,Arnoldas Kulboka | Justin Harper | Isaiah Todd | Dante Exum | Jan Vesely
PIE top30,risk,2,shooting + athleticism_tools,340,0.002653762714078479,0.003454618790708,0.0,0.4470588235294118,0.5529411764705883,0.0,-0.0003942429292196105,0.0,0.0,Gani Lawal | Royce White | Fab Melo | Craig Brackins | Leandro Bolmaro
PIE available minutes weighted,risk,3,finishing_touch + defense + size_frame,76,0.0026565156941863108,0.00403780350019535,0.0,0.42105263157894735,0.5789473684210527,0.0,-0.002062890984753791,0.0,0.0,Arnoldas Kulboka | Fab Melo | Diamond Stone | Leandro Bolmaro | Justin Harper
PIE top30,risk,2,feel_iq_passing + athleticism_tools,259,0.0026604721056558,0.0032460109090212,0.0,0.444015444015444,0.555984555984556,0.0,-0.00038753353764228943,0.0,0.0,Gani Lawal | Fab Melo | Craig Brackins | Terrance Ferguson | Hasheem Thabeet
PIE available minutes weighted,risk,3,finishing_touch + defense + production_stats,74,0.00267314637901631,0.0046755093361037,0.0,0.4189189189189189,0.581081081081081,0.0,-0.002046260299923792,0.0,0.0,Arnoldas Kulboka | Fab Melo | Diamond Stone | Craig Brackins | Dante Exum
PIE available minutes weighted,risk,3,creation_handle + finishing_touch + athleticism_tools,93,0.0026957925671782317,0.0039059883475023,0.0,0.45161290322580644,0.5483870967741935,0.0,-0.00202361411176187,0.0,0.0,Arnoldas Kulboka | Justin Harper | Hasheem Thabeet | Isaiah Todd | Dante Exum
PIE available minutes weighted,risk,2,athleticism_tools + upside_tools,189,0.0027064247938462056,0.0034302089778811,0.0,0.455026455026455,0.544973544973545,0.0,-0.0020129818850938962,0.0,0.0,Gani Lawal | Ben Bentil | Fab Melo | Diamond Stone | Hasheem Thabeet
PIE top30,risk,2,athleticism_tools + production_stats,150,0.002717124055596041,0.00057463266331455,0.0,0.49333333333333335,0.5066666666666667,0.0,-0.0003308815877020488,0.0,0.0,Fab Melo | Craig Brackins | Rashad Vaughn | Malachi Richardson | Dante Exum
PIE top15,risk,3,feel_iq_passing + shooting + athleticism_tools,110,0.0027232579936263728,0.0025542571536591,0.0,0.43636363636363634,0.5636363636363636,0.0,-0.0005839832474511916,0.0,0.0,Hasheem Thabeet | Dante Exum | Isaac Okoro | Ekpe Udoh | Johnny Davis
PIE available minutes weighted,risk,3,creation_handle + finishing_touch + motor_competitiveness,56,0.002723771863624047,0.0047561737814416,0.0,0.42857142857142855,0.5714285714285714,0.0,-0.0019956348153160547,0.0,0.0,Arnoldas Kulboka | Hasheem Thabeet | Dante Exum | Dragan Bender | Ekpe Udoh
PIE available minutes weighted,risk,3,feel_iq_passing + motor_competitiveness + risk_uncertainty,50,0.002737124955657493,0.00298505373651435,0.0,0.48,0.52,0.0,-0.001982281723282609,0.0,0.0,Arnoldas Kulboka | Fab Melo | Michael Gbinije | Andrew Wiggins | Ekpe Udoh
PIE top30,risk,2,athleticism_tools + defense,296,0.002749969228446571,0.00228145252507495,0.0,0.46621621621621623,0.5337837837837838,0.0,-0.0002980364148515188,0.0,0.0,Gani Lawal | Fab Melo | Craig Brackins | Leandro Bolmaro | Terrance Ferguson
PIE available minutes weighted,risk,3,shooting + athleticism_tools + defense,369,0.00275119194984607,0.0039205877312656,0.0,0.43089430894308944,0.5691056910569106,0.0,-0.001968214729094032,0.0,0.0,Gani Lawal | David Johnson | Arnoldas Kulboka | Ben Bentil | Fab Melo
PIE top15,risk,3,feel_iq_passing + shooting + defense,88,0.0027613524353473015,0.00224768596941805,0.0,0.4431818181818182,0.5568181818181818,0.0,-0.0005458888057302629,0.0,0.0,Dante Exum | Isaac Okoro | Ekpe Udoh | Ben McLemore | Frank Ntilikina
PIE top15,risk,3,feel_iq_passing + defense + motor_competitiveness,53,0.002766889201111813,0.0027763320264545,0.0,0.41509433962264153,0.5849056603773585,0.0,-0.0005403520399657512,0.0,0.0,Dante Exum | Andrew Wiggins | Ekpe Udoh | Ben McLemore | Jan Vesely
PIE available minutes weighted,risk,3,athleticism_tools + defense + production_stats,183,0.002788769074818108,0.0027763320264545,0.0,0.45901639344262296,0.5409836065573771,0.0,-0.001930637604121994,0.0,0.0,Arnoldas Kulboka | Ben Bentil | Fab Melo | Diamond Stone | Michael Gbinije
PIE available minutes weighted,risk,2,shooting + defense,384,0.0027943453099244634,0.00395713905485745,0.0,0.4322916666666667,0.5677083333333334,0.0,-0.0019250613690156384,0.0,0.0,Gani Lawal | David Johnson | Arnoldas Kulboka | Ben Bentil | Fab Melo
PIE top15,risk,2,feel_iq_passing + athleticism_tools,121,0.0028030736817954258,0.0027763320264545,0.0,0.4380165289256198,0.5619834710743802,0.0,-0.0005041675592821386,0.0,0.0,Hasheem Thabeet | Dante Exum | Andrew Wiggins | Isaac Okoro | Jerome Robinson
PIE top30,risk,3,defense + size_frame + production_stats,61,0.0028134106397507234,0.0027763320264545,0.0,0.4426229508196721,0.5573770491803278,0.0,-0.00023459500354736616,0.0,0.0,Fab Melo | Dante Exum | Jan Vesely | KZ Okpala | Kevin Knox II
PIE available minutes weighted,risk,2,feel_iq_passing + shooting,346,0.0028442260933240087,0.0041721736937488495,0.0,0.42485549132947975,0.5751445086705202,0.0,-0.001875180585616093,0.0,0.0,Gani Lawal | David Johnson | Arnoldas Kulboka | Ben Bentil | Fab Melo
PIE top30,risk,3,shooting + creation_handle + injury_medical,13,0.0028524163900933543,0.0011961842938022,0.0,0.46153846153846156,0.5384615384615384,0.0,-0.0001955892532047353,0.0,0.0,Johnny Davis | Kris Dunn | Aaron Nesmith | Jaylen Brown | Alex Len
PIE top30,risk,2,shooting + production_stats,138,0.002863502417778602,0.0009109894761386999,0.0,0.4855072463768116,0.5144927536231884,0.0,-0.00018450322551948756,0.0,0.0,Fab Melo | Craig Brackins | Rashad Vaughn | Malachi Richardson | Dante Exum
PIE available minutes weighted,risk,3,feel_iq_passing + athleticism_tools + motor_competitiveness,186,0.002878535813562874,0.00571673522864245,0.0,0.40860215053763443,0.5913978494623656,0.0,-0.0018408708653772279,0.0,0.0,Gani Lawal | Arnoldas Kulboka | Fab Melo | Michael Gbinije | Craig Brackins
PIE available minutes weighted,risk,3,defense + production_stats + injury_medical,27,0.0028879802659518335,0.0039205877312656,0.0,0.4444444444444444,0.5555555555555556,0.0,-0.0018314264129882683,0.0,0.0,Zhou Qi | Rashad Vaughn | Victor Claver | Romeo Langford | Kris Dunn
PIE top30,risk,3,shooting + finishing_touch + upside_tools,52,0.00288942831859159,0.00403780350019535,0.0,0.4423076923076923,0.5576923076923077,0.0,-0.00015857732470649956,0.0,0.0,Fab Melo | Hasheem Thabeet | Dante Exum | Isaac Okoro | Ekpe Udoh
PIE top30,risk,2,feel_iq_passing + injury_medical,36,0.0028993952490352234,0.00051337357617735,0.0,0.5,0.5,0.0,-0.00014861039426286625,0.0,0.0,Glen Rice | Rashad Vaughn | Johnny Davis | Romeo Langford | Kris Dunn
PIE top30,risk,3,feel_iq_passing + athleticism_tools + injury_medical,36,0.0028993952490352234,0.00051337357617735,0.0,0.5,0.5,0.0,-0.00014861039426286625,0.0,0.0,Glen Rice | Rashad Vaughn | Johnny Davis | Romeo Langford | Kris Dunn
PIE available minutes weighted,risk,3,shooting + defense + production_stats,168,0.0029368265505388576,0.0032884743221706,0.0,0.44047619047619047,0.5595238095238095,0.0,-0.0017825801284012443,0.0,0.0,Arnoldas Kulboka | Ben Bentil | Fab Melo | Diamond Stone | Michael Gbinije
PIE available minutes weighted,risk,3,feel_iq_passing + shooting + athleticism_tools,328,0.003005899869015711,0.0042691970803750996,0.0,0.42073170731707316,0.5792682926829268,0.0,-0.0017135068099243906,0.0,0.0,Gani Lawal | David Johnson | Arnoldas Kulboka | Ben Bentil | Fab Melo
PIE top15,risk,3,upside_tools + motor_competitiveness + production_stats,20,0.00303551438021943,0.00019879958396085,0.0,0.5,0.5,0.0,-0.00027172686085813426,0.0,0.0,Dante Exum | Andrew Wiggins | Patrick Williams | Kevin Knox II | James Wiseman
PIE top15,risk,3,feel_iq_passing + athleticism_tools + defense,94,0.0030570238921017374,0.00224768596941805,0.0,0.44680851063829785,0.5531914893617021,0.0,-0.00025021734897582703,0.0,0.0,Dante Exum | Andrew Wiggins | Isaac Okoro | Jerome Robinson | Ekpe Udoh
PIE available minutes weighted,risk,3,finishing_touch + size_frame + production_stats,47,0.003069788405193163,0.008732747217848,0.0,0.3617021276595745,0.6382978723404256,0.0,-0.001649618273746939,0.0,0.0,Arnoldas Kulboka | Fab Melo | Diamond Stone | Dante Exum | Victor Claver
PIE available minutes weighted,risk,3,finishing_touch + defense + injury_medical,17,0.003105952647497336,0.0011961842938022,0.0,0.47058823529411764,0.5294117647058824,0.0,-0.0016134540314427658,0.0,0.0,Victor Claver | Romeo Langford | Aaron Nesmith | Stephen Zimmerman | James Wiseman
PIE top30,risk,3,finishing_touch + defense + size_frame,52,0.0031072744682345294,0.0036998081674002497,0.0,0.4230769230769231,0.5769230769230769,0.0,5.926882493643981e-05,0.0,0.0,Fab Melo | Leandro Bolmaro | Justin Harper | Dante Exum | Frank Ntilikina
PIE top30,risk,3,feel_iq_passing + shooting + finishing_touch,89,0.0031338673221642365,0.0041550192691251,0.0,0.43820224719101125,0.5617977528089888,0.0,8.58616788661469e-05,0.0,0.0,Fab Melo | Craig Brackins | Hasheem Thabeet | Dante Exum | Joshua Primo
PIE top15,risk,2,feel_iq_passing + motor_competitiveness,68,0.003145151971079589,0.00490230343102645,0.0,0.39705882352941174,0.6029411764705882,0.0,-0.0001620892699979756,0.0,0.0,Hasheem Thabeet | Dante Exum | Andrew Wiggins | Ekpe Udoh | Ben McLemore
PIE top30,risk,3,finishing_touch + athleticism_tools + defense,111,0.0031484000194020095,0.0034790286035349,0.0,0.4594594594594595,0.5405405405405406,0.0,0.00010039437610391989,0.0,0.0,Fab Melo | Craig Brackins | Leandro Bolmaro | Justin Harper | Dante Exum
PIE top30,risk,3,shooting + upside_tools + size_frame,49,0.003150830687794469,0.0039205877312656,0.0,0.42857142857142855,0.5714285714285714,0.0,0.0001028250444963792,0.0,0.0,Fab Melo | Dante Exum | De'Andre Hunter | Kevin Knox II | Tyler Bey
xRAPM historical mature,risk,3,feel_iq_passing + shooting + risk_uncertainty,83,0.0031831657011846316,-0.101155913978495,0.3373493975903614,0.5421686746987951,0.4578313253012048,0.27710843373493976,-0.08432461351649168,-0.004035465533632154,-0.046563063849601294,James Wiseman | Fab Melo | Tyler Lydon | Mfiondu Kabengele | Emmanuel Mudiay
PIE top30,risk,2,finishing_touch + production_stats,59,0.0031931266766035008,0.0011961842938022,0.0,0.4745762711864407,0.5254237288135594,0.0,0.00014512103330541117,0.0,0.0,Fab Melo | Craig Brackins | Dante Exum | Isaac Okoro | Wesley Johnson
PIE top30,risk,3,finishing_touch + athleticism_tools + production_stats,59,0.0031931266766035008,0.0011961842938022,0.0,0.4745762711864407,0.5254237288135594,0.0,0.00014512103330541117,0.0,0.0,Fab Melo | Craig Brackins | Dante Exum | Isaac Okoro | Wesley Johnson
PIE top30,risk,2,finishing_touch + defense,112,0.003193417329474615,0.0036955270632313,0.0,0.45535714285714285,0.5446428571428571,0.0,0.00014541168617652556,0.0,0.0,Fab Melo | Craig Brackins | Leandro Bolmaro | Justin Harper | Dante Exum
PIE available minutes weighted,risk,3,finishing_touch + defense + risk_uncertainty,40,0.0031940399607920675,0.0046389580125118495,0.0,0.4,0.6,0.0,-0.0015253667181480343,0.0,0.0,Arnoldas Kulboka | Fab Melo | Joshua Primo | Ekpe Udoh | Victor Claver
PIE top30,risk,3,finishing_touch + upside_tools + motor_competitiveness,39,0.0032101957881649538,0.0041550192691251,0.0,0.46153846153846156,0.5384615384615384,0.0,0.00016219014486686415,0.0,0.0,Fab Melo | Hasheem Thabeet | Dante Exum | Ekpe Udoh | James Young
PIE available minutes weighted,risk,2,shooting + motor_competitiveness,254,0.0032214452844437106,0.00571673522864245,0.0,0.41338582677165353,0.5866141732283464,0.0,-0.0014979613944963912,0.0,0.0,Gani Lawal | Arnoldas Kulboka | Fab Melo | Grant Jerrett | Diamond Stone
PIE top15,risk,2,finishing_touch + motor_competitiveness,46,0.003227519921764869,0.0036925084755186,0.0,0.43478260869565216,0.5652173913043478,0.0,-7.972131931269525e-05,0.0,0.0,Hasheem Thabeet | Dante Exum | Dragan Bender | Ekpe Udoh | Jan Vesely
PIE top15,risk,3,finishing_touch + athleticism_tools + motor_competitiveness,46,0.003227519921764869,0.0036925084755186,0.0,0.43478260869565216,0.5652173913043478,0.0,-7.972131931269525e-05,0.0,0.0,Hasheem Thabeet | Dante Exum | Dragan Bender | Ekpe Udoh | Jan Vesely
PIE top30,risk,2,shooting + motor_competitiveness,189,0.0032404615321066964,0.0051246903788358,0.0,0.42857142857142855,0.5714285714285714,0.0,0.0001924558888086068,0.0,0.0,Gani Lawal | Fab Melo | Craig Brackins | Terrance Ferguson | Hasheem Thabeet
PIE available minutes weighted,risk,3,shooting + size_frame + risk_uncertainty,50,0.003271460398809412,0.01197853400473,0.0,0.4,0.6,0.0,-0.0014479462801306898,0.0,0.0,Arnoldas Kulboka | Royce White | Fab Melo | Michael Gbinije | Zhou Qi
PIE top30,risk,3,creation_handle + finishing_touch + risk_uncertainty,15,0.0032749467694145468,0.0039120255229277,0.0,0.4666666666666667,0.5333333333333333,0.0,0.00022694112611645716,0.0,0.0,Joshua Primo | Ekpe Udoh | Aaron Nesmith | Marcus Smart | Bismack Biyombo
PIE top30,risk,3,upside_tools + defense + size_frame,44,0.003279590014202848,0.0017641832873329499,0.0,0.4318181818181818,0.5681818181818182,0.0,0.00023158437090475825,0.0,0.0,Fab Melo | Dante Exum | Kevin Knox II | Cleanthony Early | Justin Patton
PIE available minutes weighted,risk,2,defense + production_stats,187,0.003364253749149897,0.0031467396664601,0.0,0.44919786096256686,0.5508021390374331,0.0,-0.001355152929790205,0.0,0.0,Arnoldas Kulboka | Ben Bentil | Fab Melo | Diamond Stone | Michael Gbinije
PIE available minutes weighted,risk,2,feel_iq_passing + athleticism_tools,359,0.0033815561428386875,0.0041550192691251,0.0,0.42618384401114207,0.5738161559888579,0.0,-0.0013378505361014144,0.0,0.0,Gani Lawal | David Johnson | Arnoldas Kulboka | Ben Bentil | Fab Melo
PIE top30,risk,3,feel_iq_passing + creation_handle + risk_uncertainty,26,0.0033824209413323117,0.0087763982406037,0.0,0.46153846153846156,0.5384615384615384,0.0,0.0003344152980342221,0.0,0.0,Malachi Richardson | Joshua Primo | Ekpe Udoh | Ben McLemore | Kris Dunn
PIE top30,risk,3,feel_iq_passing + creation_handle + size_frame,53,0.0034094660326711287,0.0037136850392015,0.0,0.39622641509433965,0.6037735849056604,0.0,0.0003614603893730391,0.0,0.0,Dante Exum | Johnny Davis | Jan Vesely | Kevin Knox II | Josh Okogie
PIE top30,risk,2,production_stats + injury_medical,25,0.0034132023594446036,0.0011961842938022,0.0,0.48,0.52,0.0,0.000365196716146514,0.0,0.0,Rashad Vaughn | Romeo Langford | Chris Singleton | Kris Dunn | Aaron Nesmith
PIE top30,risk,3,athleticism_tools + production_stats + injury_medical,25,0.0034132023594446036,0.0011961842938022,0.0,0.48,0.52,0.0,0.000365196716146514,0.0,0.0,Rashad Vaughn | Romeo Langford | Chris Singleton | Kris Dunn | Aaron Nesmith
PIE available minutes weighted,risk,3,feel_iq_passing + creation_handle + size_frame,70,0.0034475737933692676,0.0038098366933519,0.0,0.4,0.6,0.0,-0.0012718328855708342,0.0,0.0,Arnoldas Kulboka | Isaiah Todd | Dante Exum | Johnny Davis | Jan Vesely
PIE top15,risk,2,athleticism_tools + defense,143,0.0034482500678658418,0.0021631896579724,0.0,0.46853146853146854,0.5314685314685315,0.0,0.00014100882678827736,0.0,0.0,Anthony Bennett | Dante Exum | Dragan Bender | Andrew Wiggins | Isaac Okoro
PIE available minutes weighted,risk,3,feel_iq_passing + motor_competitiveness + production_stats,95,0.003466791342421351,0.0029768770570696,0.0,0.4421052631578947,0.5578947368421052,0.0,-0.0012526153365187507,0.0,0.0,Arnoldas Kulboka | Fab Melo | Michael Gbinije | Craig Brackins | Kris Joseph
PIE available minutes weighted,risk,2,size_frame + production_stats,102,0.0034746276749388068,0.00881482223184985,0.0,0.38235294117647056,0.6176470588235294,0.0,-0.001244779004001295,0.0,0.0,Arnoldas Kulboka | Fab Melo | Grant Jerrett | Diamond Stone | Michael Gbinije
PIE available minutes weighted,risk,3,athleticism_tools + size_frame + production_stats,102,0.0034746276749388068,0.00881482223184985,0.0,0.38235294117647056,0.6176470588235294,0.0,-0.001244779004001295,0.0,0.0,Arnoldas Kulboka | Fab Melo | Grant Jerrett | Diamond Stone | Michael Gbinije
PIE top15,risk,3,upside_tools + size_frame + production_stats,15,0.003495151261810552,0.0003038482324362,0.0,0.4666666666666667,0.5333333333333333,0.0,0.0001879100207329877,0.0,0.0,Dante Exum | De'Andre Hunter | Kevin Knox II | James Wiseman | Otto Porter Jr.
xRAPM historical top30,risk,3,shooting + athleticism_tools + defense,237,0.00356691243813082,-0.0661788617886176,0.34177215189873417,0.5189873417721519,0.4810126582278481,0.29957805907172996,-0.07686371535735473,0.020876629510674483,-0.03126771207254864,James Wiseman | Kevin Knox II | Jahlil Okafor | Craig Brackins | Jonny Flynn
PIE available minutes weighted,risk,3,creation_handle + motor_competitiveness + production_stats,59,0.0035695389287818576,0.0058181917136046,0.0,0.423728813559322,0.576271186440678,0.0,-0.0011498677501582443,0.0,0.0,Arnoldas Kulboka | Kris Joseph | Dante Exum | DaJuan Summers | James Young
PIE top15,risk,3,finishing_touch + motor_competitiveness + production_stats,22,0.00357012657399773,0.00032060945380025,0.0,0.5,0.5,0.0,0.0002628853329201654,0.0,0.0,Dante Exum | Jan Vesely | Patrick Williams | Kevin Knox II | Stanley Johnson
PIE top30,risk,3,finishing_touch + athleticism_tools + upside_tools,58,0.0035802837615651856,0.00262395347401675,0.0,0.4482758620689655,0.5517241379310345,0.0,0.000532278118267096,0.0,0.0,Fab Melo | Hasheem Thabeet | Dante Exum | Isaac Okoro | Ekpe Udoh
PIE top30,risk,3,feel_iq_passing + finishing_touch + upside_tools,41,0.0035934059602843313,0.0041550192691251,0.0,0.4146341463414634,0.5853658536585366,0.0,0.0005454003169862416,0.0,0.0,Fab Melo | Hasheem Thabeet | Dante Exum | Isaac Okoro | Ekpe Udoh
PIE available minutes weighted,risk,3,shooting + athleticism_tools + motor_competitiveness,249,0.003598757428460518,0.0058285445309704,0.0,0.40562248995983935,0.5943775100401606,0.0,-0.0011206492504795837,0.0,0.0,Gani Lawal | Arnoldas Kulboka | Fab Melo | Grant Jerrett | Diamond Stone
PIE top30,risk,3,feel_iq_passing + upside_tools + size_frame,43,0.003614284017248091,0.0041550192691251,0.0,0.3953488372093023,0.6046511627906976,0.0,0.0005662783739500015,0.0,0.0,Fab Melo | Dante Exum | De'Andre Hunter | Kevin Knox II | Tyler Bey
PIE top30,risk,3,feel_iq_passing + finishing_touch + defense,75,0.0036510923242406472,0.0041550192691251,0.0,0.44,0.56,0.0,0.0006030866809425576,0.0,0.0,Fab Melo | Craig Brackins | Dante Exum | Joshua Primo | Isaac Okoro
PIE available minutes weighted,risk,2,production_stats + injury_medical,34,0.0036537694356391856,0.00395713905485745,0.0,0.4411764705882353,0.5588235294117647,0.0,-0.0010656372433009162,0.0,0.0,Zhou Qi | Rashad Vaughn | Victor Claver | Romeo Langford | Chris Singleton
PIE available minutes weighted,risk,3,athleticism_tools + production_stats + injury_medical,34,0.0036537694356391856,0.00395713905485745,0.0,0.4411764705882353,0.5588235294117647,0.0,-0.0010656372433009162,0.0,0.0,Zhou Qi | Rashad Vaughn | Victor Claver | Romeo Langford | Chris Singleton
PIE top30,risk,2,finishing_touch + upside_tools,59,0.0036584202867510967,0.0030301969847133,0.0,0.4406779661016949,0.559322033898305,0.0,0.0006104146434530071,0.0,0.0,Fab Melo | Hasheem Thabeet | Dante Exum | Isaac Okoro | Ekpe Udoh
PIE top15,risk,3,feel_iq_passing + athleticism_tools + motor_competitiveness,67,0.003674696263010175,0.0056152787436803,0.0,0.3880597014925373,0.6119402985074627,0.0,0.0003674550219326107,0.0,0.0,Hasheem Thabeet | Dante Exum | Andrew Wiggins | Ekpe Udoh | Ben McLemore
PIE top30,risk,3,shooting + athleticism_tools + motor_competitiveness,185,0.003677774782337569,0.0051609449789597,0.0,0.42162162162162165,0.5783783783783784,0.0,0.0006297691390394792,0.0,0.0,Gani Lawal | Fab Melo | Craig Brackins | Terrance Ferguson | Hasheem Thabeet
PIE top30,risk,2,upside_tools + size_frame,56,0.0036870632564181536,0.00227494612209195,0.0,0.42857142857142855,0.5714285714285714,0.0,0.000639057613120064,0.0,0.0,Fab Melo | Dante Exum | De'Andre Hunter | Kevin Knox II | Tyler Bey
PIE top30,risk,3,athleticism_tools + upside_tools + size_frame,56,0.0036870632564181536,0.00227494612209195,0.0,0.42857142857142855,0.5714285714285714,0.0,0.000639057613120064,0.0,0.0,Fab Melo | Dante Exum | De'Andre Hunter | Kevin Knox II | Tyler Bey
PIE top30,risk,3,finishing_touch + upside_tools + size_frame,27,0.003692854637503199,0.0039205877312656,0.0,0.37037037037037035,0.6296296296296297,0.0,0.0006448489942051092,0.0,0.0,Fab Melo | Dante Exum | Kevin Knox II | Justin Patton | James Wiseman
PIE available minutes weighted,risk,3,motor_competitiveness + size_frame + risk_uncertainty,38,0.0037102721778035108,0.01197853400473,0.0,0.39473684210526316,0.6052631578947368,0.0,-0.001009134501136591,0.0,0.0,Arnoldas Kulboka | Fab Melo | Michael Gbinije | Zhou Qi | Victor Claver
PIE top15,risk,2,shooting + defense,132,0.003710370855534889,0.0025542571536591,0.0,0.45454545454545453,0.5454545454545454,0.0,0.00040312961445732477,0.0,0.0,Dante Exum | Dragan Bender | Isaac Okoro | Ekpe Udoh | Ben McLemore
PIE top15,risk,3,feel_iq_passing + shooting + motor_competitiveness,62,0.003711707402153246,0.00572191163732535,0.0,0.3870967741935484,0.6129032258064516,0.0,0.00040446616107568147,0.0,0.0,Hasheem Thabeet | Dante Exum | Ekpe Udoh | Ben McLemore | Jan Vesely
PIE top30,risk,3,upside_tools + motor_competitiveness + production_stats,42,0.003715773177217461,0.0003379899763727,0.0,0.5,0.5,0.0,0.0006677675339193715,0.0,0.0,Fab Melo | Dante Exum | Andrew Wiggins | James Young | Patrick Williams
PIE top15,risk,3,shooting + finishing_touch + defense,55,0.0037472038003872493,0.0034790286035349,0.0,0.45454545454545453,0.5454545454545454,0.0,0.00043996255930968484,0.0,0.0,Dante Exum | Dragan Bender | Isaac Okoro | Ekpe Udoh | Frank Ntilikina
PIE top15,risk,3,finishing_touch + athleticism_tools + defense,59,0.0037978745166744898,0.0021631896579724,0.0,0.4745762711864407,0.5254237288135594,0.0,0.0004906332755969254,0.0,0.0,Dante Exum | Dragan Bender | Isaac Okoro | Jerome Robinson | Ekpe Udoh
PIE top30,risk,2,feel_iq_passing + finishing_touch,99,0.0038023457180662735,0.0039205877312656,0.0,0.4444444444444444,0.5555555555555556,0.0,0.0007543400747681839,0.0,0.0,Fab Melo | Craig Brackins | Hasheem Thabeet | Dante Exum | Joshua Primo
PIE top30,risk,3,feel_iq_passing + finishing_touch + athleticism_tools,99,0.0038023457180662735,0.0039205877312656,0.0,0.4444444444444444,0.5555555555555556,0.0,0.0007543400747681839,0.0,0.0,Fab Melo | Craig Brackins | Hasheem Thabeet | Dante Exum | Joshua Primo
PIE top15,risk,3,finishing_touch + upside_tools + defense,23,0.0038493503300160038,-0.0003976713578557,0.0,0.5217391304347826,0.4782608695652174,0.0,0.0005421090889384393,0.0,0.0,Dante Exum | Isaac Okoro | Ekpe Udoh | Kevin Knox II | James Wiseman
PIE available minutes weighted,risk,2,shooting + athleticism_tools,498,0.003859466512604831,0.005213414333248401,0.0,0.41767068273092367,0.5823293172690763,0.0,-0.0008599401663352707,0.0,0.0,Gani Lawal | David Johnson | Arnoldas Kulboka | Royce White | Ben Bentil
PIE top15,risk,2,finishing_touch + defense,60,0.0038710822538554806,0.0028211091307536497,0.0,0.4666666666666667,0.5333333333333333,0.0,0.0005638410127779161,0.0,0.0,Dante Exum | Dragan Bender | Isaac Okoro | Jerome Robinson | Ekpe Udoh
PIE top30,risk,3,shooting + production_stats + injury_medical,22,0.0038787769344435005,0.0025583860125339,0.0,0.45454545454545453,0.5454545454545454,0.0,0.0008307712911454108,0.0,0.0,Rashad Vaughn | Romeo Langford | Kris Dunn | Aaron Nesmith | Perry Jones III
PIE top30,risk,3,feel_iq_passing + production_stats + injury_medical,23,0.0038796132369217484,0.0011961842938022,0.0,0.4782608695652174,0.5217391304347826,0.0,0.0008316075936236587,0.0,0.0,Rashad Vaughn | Romeo Langford | Kris Dunn | Aaron Nesmith | Perry Jones III
PIE available minutes weighted,risk,3,feel_iq_passing + finishing_touch + production_stats,66,0.0038834305931780932,0.00490594104602695,0.0,0.4090909090909091,0.5909090909090909,0.0,-0.0008359760857620086,0.0,0.0,Arnoldas Kulboka | Fab Melo | Craig Brackins | Dante Exum | Isaac Okoro
PIE available minutes weighted,risk,3,shooting + defense + size_frame,153,0.0038947710603466764,0.0058181917136046,0.0,0.40522875816993464,0.5947712418300654,0.0,-0.0008246356185934254,0.0,0.0,Arnoldas Kulboka | Fab Melo | Diamond Stone | Michael Gbinije | Leandro Bolmaro
PIE available minutes weighted,risk,2,athleticism_tools + defense,439,0.0039309665978147805,0.0039936903784493,0.0,0.43735763097949887,0.5626423690205011,0.0,-0.0007884400811253214,0.0,0.0,Gani Lawal | David Johnson | Arnoldas Kulboka | Ben Bentil | Fab Melo
PIE top30,risk,3,shooting + size_frame + risk_uncertainty,32,0.00393338694658799,0.00822008774681005,0.0,0.40625,0.59375,0.0,0.0008853813032899003,0.0,0.0,Royce White | Fab Melo | De'Andre Hunter | Marcus Smart | Ziaire Williams
PIE available minutes weighted,risk,3,defense + size_frame + risk_uncertainty,46,0.00393447489206415,0.010106191180318,0.0,0.391304347826087,0.6086956521739131,0.0,-0.0007849317868759515,0.0,0.0,Arnoldas Kulboka | Fab Melo | Michael Gbinije | Zhou Qi | Erik Murphy
PIE top15,risk,2,defense + motor_competitiveness,77,0.003951666104897702,0.0034790286035349,0.0,0.42857142857142855,0.5714285714285714,0.0,0.0006444248638201376,0.0,0.0,Anthony Bennett | Dante Exum | Dragan Bender | Andrew Wiggins | Ekpe Udoh
PIE top15,risk,2,shooting + athleticism_tools,167,0.003961942854756782,0.0039120255229277,0.0,0.437125748502994,0.562874251497006,0.0,0.0006547016136792178,0.0,0.0,Hasheem Thabeet | Dante Exum | Dragan Bender | Isaac Okoro | Ekpe Udoh
PIE top30,risk,3,feel_iq_passing + motor_competitiveness + production_stats,73,0.0039656340080007554,0.0021631896579724,0.0,0.4520547945205479,0.547945205479452,0.0,0.0009176283647026658,0.0,0.0,Fab Melo | Craig Brackins | Dante Exum | Andrew Wiggins | DaJuan Summers
PIE available minutes weighted,risk,3,finishing_touch + defense + motor_competitiveness,93,0.003979984463933724,0.0041550192691251,0.0,0.44086021505376344,0.5591397849462365,0.0,-0.0007394222150063781,0.0,0.0,Arnoldas Kulboka | Fab Melo | Diamond Stone | Craig Brackins | Dante Exum
PIE top30,risk,2,shooting + finishing_touch,132,0.003989377801057303,0.0041721736937488495,0.0,0.4393939393939394,0.5606060606060606,0.0,0.000941372157759213,0.0,0.0,Fab Melo | Craig Brackins | Leandro Bolmaro | Justin Harper | Hasheem Thabeet
PIE available minutes weighted,risk,3,shooting + athleticism_tools + production_stats,205,0.004005953679970211,0.0043490660423776,0.0,0.4195121951219512,0.5804878048780487,0.0,-0.000713452998969891,0.0,0.0,Arnoldas Kulboka | Ben Bentil | Fab Melo | Grant Jerrett | Diamond Stone
PIE available minutes weighted,risk,3,shooting + production_stats + injury_medical,31,0.004007457883334653,0.0039936903784493,0.0,0.41935483870967744,0.5806451612903226,0.0,-0.0007119487956054492,0.0,0.0,Zhou Qi | Rashad Vaughn | Victor Claver | Romeo Langford | Kris Dunn
PIE top30,risk,3,feel_iq_passing + finishing_touch + motor_competitiveness,60,0.004016925775245657,0.0041721736937488495,0.0,0.4166666666666667,0.5833333333333334,0.0,0.0009689201319475673,0.0,0.0,Fab Melo | Craig Brackins | Hasheem Thabeet | Dante Exum | Ekpe Udoh
PIE top30,risk,2,shooting + risk_uncertainty,79,0.004024948948914975,0.0039205877312656,0.0,0.4430379746835443,0.5569620253164557,0.0,0.0009769433056168852,0.0,0.0,Royce White | Fab Melo | Malachi Richardson | Joshua Primo | Ekpe Udoh
PIE top30,risk,3,shooting + finishing_touch + athleticism_tools,130,0.0040326324249020575,0.0041721736937488495,0.0,0.43846153846153846,0.5615384615384615,0.0,0.000984626781603968,0.0,0.0,Fab Melo | Craig Brackins | Leandro Bolmaro | Justin Harper | Hasheem Thabeet
PIE top30,risk,3,defense + motor_competitiveness + risk_uncertainty,40,0.004042497795779085,0.00451835795088175,0.0,0.425,0.575,0.0,0.0009944921524809953,0.0,0.0,Fab Melo | Andrew Wiggins | Ekpe Udoh | Ben McLemore | Stanley Johnson
PIE available minutes weighted,risk,3,athleticism_tools + defense + risk_uncertainty,89,0.004077397293681777,0.0051246903788358,0.0,0.42696629213483145,0.5730337078651685,0.0,-0.000642009385258325,0.0,0.0,Arnoldas Kulboka | Fab Melo | Michael Gbinije | Zhou Qi | Erik Murphy
PIE top30,risk,3,creation_handle + defense + risk_uncertainty,27,0.0041073060889682805,0.0051246903788358,0.0,0.4444444444444444,0.5555555555555556,0.0,0.0010593004456701909,0.0,0.0,Joshua Primo | Ekpe Udoh | Ben McLemore | Sergey Karasev | Kris Dunn
PIE available minutes weighted,risk,3,shooting + motor_competitiveness + risk_uncertainty,60,0.004113205960591449,0.00524100933629695,0.0,0.43333333333333335,0.5666666666666667,0.0,-0.0006062007183486526,0.0,0.0,Arnoldas Kulboka | Fab Melo | Michael Gbinije | Zhou Qi | Ekpe Udoh
PIE available minutes weighted,risk,3,shooting + defense + risk_uncertainty,85,0.004148421523980068,0.0039205877312656,0.0,0.4470588235294118,0.5529411764705883,0.0,-0.0005709851549600339,0.0,0.0,Arnoldas Kulboka | Fab Melo | Michael Gbinije | Zhou Qi | Joshua Primo
PIE available minutes weighted,risk,3,feel_iq_passing + creation_handle + injury_medical,15,0.004152430261885767,0.0011961842938022,0.0,0.4666666666666667,0.5333333333333333,0.0,-0.0005669764170543349,0.0,0.0,Johnny Davis | Kris Dunn | Aaron Nesmith | Cody Zeller | OG Anunoby
PIE top30,risk,3,finishing_touch + defense + motor_competitiveness,68,0.004174809615813917,0.0036955270632313,0.0,0.4411764705882353,0.5588235294117647,0.0,0.0011268039725158274,0.0,0.0,Fab Melo | Craig Brackins | Dante Exum | Dragan Bender | Ekpe Udoh
PIE available minutes weighted,risk,2,athleticism_tools + motor_competitiveness,281,0.004176058645236952,0.0058953523798838,0.0,0.4092526690391459,0.5907473309608541,0.0,-0.0005433480337031496,0.0,0.0,Gani Lawal | Arnoldas Kulboka | Fab Melo | Grant Jerrett | Diamond Stone
PIE top15,risk,3,upside_tools + defense + risk_uncertainty,15,0.004194391454475513,0.0039205877312656,0.0,0.4,0.6,0.0,0.0008871502133979488,0.0,0.0,Andrew Wiggins | Ekpe Udoh | Ben McLemore | James Bouknight | James Wiseman
PIE top15,risk,3,shooting + athleticism_tools + defense,128,0.004214746972298461,0.0031032705021678,0.0,0.4453125,0.5546875,0.0,0.0009075057312208962,0.0,0.0,Dante Exum | Dragan Bender | Isaac Okoro | Ekpe Udoh | Ben McLemore
PIE top30,risk,3,shooting + size_frame + production_stats,64,0.004215188682431583,0.0028766045417620498,0.0,0.4375,0.5625,0.0,0.0011671830391334938,0.0,0.0,Fab Melo | Dante Exum | Jan Vesely | KZ Okpala | De'Andre Hunter
PIE top30,risk,2,athleticism_tools + motor_competitiveness,206,0.004250988272024022,0.005388111861320001,0.0,0.4223300970873786,0.5776699029126213,0.0,0.0012029826287259324,0.0,0.0,Gani Lawal | Fab Melo | Craig Brackins | Terrance Ferguson | Hasheem Thabeet
PIE top30,risk,3,feel_iq_passing + defense + risk_uncertainty,50,0.004254223786835142,0.0045226390550507,0.0,0.44,0.56,0.0,0.0012062181435370523,0.0,0.0,Fab Melo | Andrew Wiggins | Joshua Primo | Ekpe Udoh | Ben McLemore
PIE top15,risk,3,finishing_touch + defense + motor_competitiveness,33,0.004280649323376001,0.0021631896579724,0.0,0.45454545454545453,0.5454545454545454,0.0,0.000973408082298437,0.0,0.0,Dante Exum | Dragan Bender | Ekpe Udoh | Jan Vesely | Xavier Henry
PIE available minutes weighted,risk,3,finishing_touch + size_frame + risk_uncertainty,26,0.004283041478516071,0.0064087424885586495,0.0,0.34615384615384615,0.6538461538461539,0.0,-0.00043636520042403086,0.0,0.0,Arnoldas Kulboka | Fab Melo | Victor Claver | Thon Maker | Marcus Smart
PIE top30,risk,3,upside_tools + motor_competitiveness + size_frame,39,0.004283659858669833,0.0041550192691251,0.0,0.4358974358974359,0.5641025641025641,0.0,0.001235654215371743,0.0,0.0,Fab Melo | Dante Exum | Kevin Knox II | Cleanthony Early | Tony Snell
PIE top30,risk,2,size_frame + risk_uncertainty,35,0.004293321624438651,0.0051246903788358,0.0,0.37142857142857144,0.6285714285714286,0.0,0.0012453159811405615,0.0,0.0,Royce White | Fab Melo | De'Andre Hunter | Marcus Smart | Ziaire Williams
PIE top30,risk,3,athleticism_tools + size_frame + risk_uncertainty,35,0.004293321624438651,0.0051246903788358,0.0,0.37142857142857144,0.6285714285714286,0.0,0.0012453159811405615,0.0,0.0,Royce White | Fab Melo | De'Andre Hunter | Marcus Smart | Ziaire Williams
PIE available minutes weighted,risk,3,shooting + athleticism_tools + risk_uncertainty,105,0.004367774841928906,0.0053573282937581,0.0,0.4380952380952381,0.5619047619047619,0.0,-0.0003516318370111954,0.0,0.0,Arnoldas Kulboka | Royce White | Fab Melo | Michael Gbinije | Zhou Qi
PIE top30,risk,3,creation_handle + motor_competitiveness + risk_uncertainty,19,0.004425146785844568,0.0051246903788358,0.0,0.42105263157894735,0.5789473684210527,0.0,0.0013771411425464782,0.0,0.0,Ekpe Udoh | Ben McLemore | Marcus Smart | Lonzo Ball | Bismack Biyombo
PIE top15,risk,3,athleticism_tools + defense + motor_competitiveness,76,0.004429113232439378,0.0036955270632313,0.0,0.42105263157894735,0.5789473684210527,0.0,0.0011218719913618134,0.0,0.0,Anthony Bennett | Dante Exum | Dragan Bender | Andrew Wiggins | Ekpe Udoh
PIE available minutes weighted,risk,2,shooting + production_stats,210,0.004466150379712154,0.00547272475372615,0.0,0.4142857142857143,0.5857142857142857,0.0,-0.0002532562992279474,0.0,0.0,Arnoldas Kulboka | Ben Bentil | Fab Melo | Grant Jerrett | Diamond Stone
PIE available minutes weighted,risk,2,defense + risk_uncertainty,93,0.004493131797792953,0.0051246903788358,0.0,0.43010752688172044,0.5698924731182796,0.0,-0.00022627488114714857,0.0,0.0,Arnoldas Kulboka | Fab Melo | Michael Gbinije | Zhou Qi | Erik Murphy
PIE available minutes weighted,risk,3,defense + motor_competitiveness + injury_medical,33,0.004536280150069871,0.0051246903788358,0.0,0.45454545454545453,0.5454545454545454,0.0,-0.00018312652887023106,0.0,0.0,Anthony Bennett | Zhou Qi | Glen Rice | Victor Claver | Romeo Langford
PIE available minutes weighted,risk,2,athleticism_tools + production_stats,230,0.004538402126285245,0.00485319716806785,0.0,0.4260869565217391,0.5739130434782609,0.0,-0.000181004552654857,0.0,0.0,Arnoldas Kulboka | Ben Bentil | Fab Melo | Grant Jerrett | Diamond Stone
PIE top30,risk,3,shooting + athleticism_tools + risk_uncertainty,75,0.004546590328683163,0.0051246903788358,0.0,0.4266666666666667,0.5733333333333334,0.0,0.0014985846853850732,0.0,0.0,Royce White | Fab Melo | Malachi Richardson | Joshua Primo | Ekpe Udoh
PIE top30,risk,3,defense + motor_competitiveness + production_stats,82,0.004583860791485818,0.0024697608422134497,0.0,0.45121951219512196,0.5487804878048781,0.0,0.0015358551481877286,0.0,0.0,Fab Melo | Craig Brackins | Dante Exum | Andrew Wiggins | DaJuan Summers
PIE top30,risk,2,upside_tools + risk_uncertainty,43,0.004588810426351671,0.0022177099633202,0.0,0.4418604651162791,0.5581395348837209,0.0,0.001540804783053581,0.0,0.0,Fab Melo | Malachi Richardson | Andrew Wiggins | Ekpe Udoh | Ben McLemore
PIE available minutes weighted,risk,3,upside_tools + motor_competitiveness + production_stats,53,0.004604869405697342,0.0053573282937581,0.0,0.4528301886792453,0.5471698113207547,0.0,-0.00011453727324275964,0.0,0.0,Fab Melo | Diamond Stone | Zhou Qi | Dante Exum | Andrew Wiggins
PIE top15,risk,2,athleticism_tools + motor_competitiveness,100,0.0046228098129067665,0.00490230343102645,0.0,0.41,0.59,0.0,0.001315568571829202,0.0,0.0,Hasheem Thabeet | Anthony Bennett | Dante Exum | Dragan Bender | Andrew Wiggins
PIE top30,risk,3,shooting + defense + risk_uncertainty,59,0.004641408342786758,0.0039120255229277,0.0,0.4406779661016949,0.559322033898305,0.0,0.0015934026994886682,0.0,0.0,Fab Melo | Joshua Primo | Ekpe Udoh | Ben McLemore | James Bouknight
PIE available minutes weighted,risk,2,athleticism_tools + risk_uncertainty,116,0.004642995680892845,0.006204736843282399,0.0,0.4224137931034483,0.5775862068965517,0.0,-7.641099804725666e-05,0.0,0.0,Arnoldas Kulboka | Royce White | Fab Melo | Michael Gbinije | Zhou Qi
xRAPM historical top15,risk,3,shooting + upside_tools + risk_uncertainty,19,0.004645628772502683,-0.0042063492063492,0.2631578947368421,0.5263157894736842,0.47368421052631576,0.21052631578947367,-0.11010647903449934,-0.03413940256045522,-0.1408250355618777,James Wiseman | James Bouknight | Marvin Bagley III | Julius Randle | Ben McLemore
PIE available minutes weighted,risk,3,shooting + finishing_touch + production_stats,81,0.004680037056348746,0.0058181917136046,0.0,0.3950617283950617,0.6049382716049383,0.0,-3.936962259135611e-05,0.0,0.0,Arnoldas Kulboka | Fab Melo | Diamond Stone | Craig Brackins | Dante Exum
PIE top30,risk,2,athleticism_tools + injury_medical,48,0.004691043864744975,0.0025583860125339,0.0,0.4791666666666667,0.5208333333333334,0.0,0.0016430382214468854,0.0,0.0,Anthony Bennett | Glen Rice | Rashad Vaughn | Johnny Davis | Romeo Langford
PIE top30,risk,3,finishing_touch + upside_tools + defense,43,0.0047418088118001325,0.0039205877312656,0.0,0.4418604651162791,0.5581395348837209,0.0,0.0016938031685020428,0.0,0.0,Fab Melo | Dante Exum | Isaac Okoro | Ekpe Udoh | James Young
PIE top30,risk,2,size_frame + production_stats,68,0.004752473389446689,0.0034487323941676,0.0,0.4264705882352941,0.5735294117647058,0.0,0.0017044677461485998,0.0,0.0,Fab Melo | Dante Exum | Jan Vesely | KZ Okpala | De'Andre Hunter
PIE top30,risk,3,athleticism_tools + size_frame + production_stats,68,0.004752473389446689,0.0034487323941676,0.0,0.4264705882352941,0.5735294117647058,0.0,0.0017044677461485998,0.0,0.0,Fab Melo | Dante Exum | Jan Vesely | KZ Okpala | De'Andre Hunter
PIE top15,risk,2,creation_handle + risk_uncertainty,17,0.004782482039829153,0.008916600249783,0.0,0.4117647058823529,0.5882352941176471,0.0,0.0014752407987515888,0.0,0.0,Ekpe Udoh | Ben McLemore | Kris Dunn | Marcus Smart | Lonzo Ball
PIE top15,risk,3,creation_handle + athleticism_tools + risk_uncertainty,17,0.004782482039829153,0.008916600249783,0.0,0.4117647058823529,0.5882352941176471,0.0,0.0014752407987515888,0.0,0.0,Ekpe Udoh | Ben McLemore | Kris Dunn | Marcus Smart | Lonzo Ball
PIE top15,risk,3,finishing_touch + size_frame + production_stats,17,0.004787054784527217,0.0010890368338717,0.0,0.47058823529411764,0.5294117647058824,0.0,0.0014798135434496529,0.0,0.0,Dante Exum | Jan Vesely | Kevin Knox II | Marcus Smart | Doug McDermott
PIE top30,risk,2,finishing_touch + athleticism_tools,150,0.004791495815426867,0.00391630662709665,0.0,0.44,0.56,0.0,0.0017434901721287777,0.0,0.0,Fab Melo | Craig Brackins | Leandro Bolmaro | Justin Harper | Hasheem Thabeet
PIE top30,risk,2,shooting + injury_medical,43,0.004792030786767467,0.0011961842938022,0.0,0.4883720930232558,0.5116279069767442,0.0,0.0017440251434693776,0.0,0.0,Glen Rice | Rashad Vaughn | Johnny Davis | Romeo Langford | C.J. Wilcox
PIE available minutes weighted,risk,3,finishing_touch + motor_competitiveness + risk_uncertainty,30,0.004819965708522802,0.01066250167411165,0.0,0.36666666666666664,0.6333333333333333,0.0,0.00010055902958270007,0.0,0.0,Arnoldas Kulboka | Fab Melo | Ekpe Udoh | Victor Claver | Stanley Johnson
PIE top30,risk,3,finishing_touch + size_frame + production_stats,32,0.00483917981737771,0.0048693897224351,0.0,0.40625,0.59375,0.0,0.00179117417407962,0.0,0.0,Fab Melo | Dante Exum | Jan Vesely | Kevin Knox II | Justin Patton
PIE top15,risk,3,feel_iq_passing + size_frame + production_stats,26,0.004855149178178269,0.0069637285356392,0.0,0.34615384615384615,0.6538461538461539,0.0,0.0015479079371007042,0.0,0.0,Dante Exum | Jan Vesely | De'Andre Hunter | Kevin Knox II | Marcus Smart
PIE available minutes weighted,risk,2,shooting + risk_uncertainty,112,0.0048824377414206765,0.006204736843282399,0.0,0.4375,0.5625,0.0,0.00016303106248057465,0.0,0.0,Arnoldas Kulboka | Royce White | Fab Melo | Michael Gbinije | Zhou Qi
PIE top30,risk,3,creation_handle + motor_competitiveness + size_frame,44,0.004901362182608097,0.00463985482398045,0.0,0.38636363636363635,0.6136363636363636,0.0,0.0018533565393100077,0.0,0.0,Dante Exum | Jarrett Culver | Jan Vesely | Kevin Knox II | Tony Snell
PIE available minutes weighted,risk,2,motor_competitiveness + risk_uncertainty,64,0.0049014195958032,0.0071271127698049,0.0,0.421875,0.578125,0.0,0.0001820129168630981,0.0,0.0,Arnoldas Kulboka | Fab Melo | Michael Gbinije | Zhou Qi | Andrew Wiggins
PIE available minutes weighted,risk,3,athleticism_tools + motor_competitiveness + risk_uncertainty,64,0.0049014195958032,0.0071271127698049,0.0,0.421875,0.578125,0.0,0.0001820129168630981,0.0,0.0,Arnoldas Kulboka | Fab Melo | Michael Gbinije | Zhou Qi | Andrew Wiggins
PIE available minutes weighted,risk,3,feel_iq_passing + shooting + injury_medical,44,0.004902262267558792,0.0043800180819979,0.0,0.4318181818181818,0.5681818181818182,0.0,0.00018285558861869024,0.0,0.0,Glen Rice | Rashad Vaughn | Johnny Davis | Victor Claver | Romeo Langford
PIE top30,risk,2,athleticism_tools + risk_uncertainty,81,0.004936948796026113,0.0051246903788358,0.0,0.4074074074074074,0.5925925925925926,0.0,0.0018889431527280235,0.0,0.0,Royce White | Fab Melo | Malachi Richardson | Andrew Wiggins | Joshua Primo
PIE available minutes weighted,risk,3,shooting + finishing_touch + defense,142,0.004986820182534123,0.0060811563430033,0.0,0.4084507042253521,0.5915492957746479,0.0,0.00026741350359402085,0.0,0.0,Arnoldas Kulboka | Fab Melo | Diamond Stone | Craig Brackins | Leandro Bolmaro
PIE top30,risk,2,creation_handle + injury_medical,16,0.004994982406664257,0.003160437336319,0.0,0.4375,0.5625,0.0,0.0019469767633661676,0.0,0.0,Johnny Davis | Kris Dunn | Aaron Nesmith | Jaylen Brown | Cody Zeller
PIE top30,risk,3,creation_handle + athleticism_tools + injury_medical,16,0.004994982406664257,0.003160437336319,0.0,0.4375,0.5625,0.0,0.0019469767633661676,0.0,0.0,Johnny Davis | Kris Dunn | Aaron Nesmith | Jaylen Brown | Cody Zeller
PIE available minutes weighted,risk,3,feel_iq_passing + defense + size_frame,116,0.005011951991296929,0.0054714410462202,0.0,0.4051724137931034,0.5948275862068966,0.0,0.000292545312356827,0.0,0.0,Arnoldas Kulboka | Fab Melo | Michael Gbinije | Marko Simonovic | Isaiah Todd
xRAPM historical top30,risk,3,shooting + motor_competitiveness + injury_medical,28,0.005031811657240315,-0.27733606557377066,0.32142857142857145,0.5357142857142857,0.4642857142857143,0.2857142857142857,-0.07539881613824523,0.0005330490405117683,-0.0451314854299929,James Wiseman | Brice Johnson | Shabazz Muhammad | Arnett Moultrie | Glen Rice
PIE top15,risk,3,defense + motor_competitiveness + risk_uncertainty,21,0.005037049843447418,0.0113154851147843,0.0,0.3333333333333333,0.6666666666666666,0.0,0.0017298086023698534,0.0,0.0,Andrew Wiggins | Ekpe Udoh | Ben McLemore | Stanley Johnson | Marcus Smart
PIE available minutes weighted,risk,3,shooting + athleticism_tools + size_frame,193,0.005044698969317487,0.008732747217848,0.0,0.38860103626943004,0.6113989637305699,0.0,0.0003252922903773849,0.0,0.0,Arnoldas Kulboka | Royce White | Fab Melo | Grant Jerrett | Diamond Stone
PIE available minutes weighted,risk,3,upside_tools + defense + size_frame,62,0.005054237906435138,0.0051715221265108,0.0,0.4032258064516129,0.5967741935483871,0.0,0.00033483122749503654,0.0,0.0,Fab Melo | Diamond Stone | Zhou Qi | Isaiah Todd | Dante Exum
PIE available minutes weighted,risk,3,feel_iq_passing + size_frame + risk_uncertainty,42,0.005062094921578804,0.013056314598751,0.0,0.40476190476190477,0.5952380952380952,0.0,0.0003426882426387024,0.0,0.0,Arnoldas Kulboka | Fab Melo | Michael Gbinije | Jacob Evans | Victor Claver
PIE top30,risk,3,feel_iq_passing + defense + injury_medical,31,0.005071322524398522,0.0039205877312656,0.0,0.45161290322580644,0.5483870967741935,0.0,0.002023316881100432,0.0,0.0,Glen Rice | Rashad Vaughn | Romeo Langford | Kris Dunn | Aaron Nesmith
PIE available minutes weighted,risk,3,shooting + creation_handle + injury_medical,15,0.0050812118008044145,0.0011961842938022,0.0,0.4666666666666667,0.5333333333333333,0.0,0.0003618051218643127,0.0,0.0,Johnny Davis | Kris Dunn | Aaron Nesmith | Jaylen Brown | OG Anunoby
PIE available minutes weighted,risk,2,shooting + size_frame,195,0.0050819246162952195,0.008732747217848,0.0,0.38461538461538464,0.6153846153846154,0.0,0.0003625179373551177,0.0,0.0,Arnoldas Kulboka | Royce White | Fab Melo | Grant Jerrett | Diamond Stone
PIE available minutes weighted,risk,3,feel_iq_passing + defense + risk_uncertainty,71,0.005147358053642359,0.0070521453928067,0.0,0.43661971830985913,0.5633802816901409,0.0,0.00042795137470225727,0.0,0.0,Arnoldas Kulboka | Fab Melo | Michael Gbinije | Andrew Wiggins | Joshua Primo
PIE available minutes weighted,risk,3,athleticism_tools + defense + size_frame,181,0.005160288627108086,0.0061880249838965,0.0,0.4088397790055249,0.5911602209944752,0.0,0.00044088194816798397,0.0,0.0,Arnoldas Kulboka | Fab Melo | Diamond Stone | Michael Gbinije | Leandro Bolmaro
PIE top15,risk,2,shooting + motor_competitiveness,90,0.005160819669654772,0.00572191163732535,0.0,0.4,0.6,0.0,0.0018535784285772078,0.0,0.0,Hasheem Thabeet | Dante Exum | Dragan Bender | Ekpe Udoh | Ben McLemore
PIE top30,risk,2,defense + risk_uncertainty,64,0.005164436876374632,0.00391630662709665,0.0,0.421875,0.578125,0.0,0.0021164312330765427,0.0,0.0,Fab Melo | Andrew Wiggins | Joshua Primo | Ekpe Udoh | Ben McLemore
PIE top15,risk,3,shooting + size_frame + production_stats,30,0.0051677055172871,0.0033484598788600497,0.0,0.4,0.6,0.0,0.0018604642762095358,0.0,0.0,Dante Exum | Jan Vesely | De'Andre Hunter | Kevin Knox II | Marcus Smart
PIE available minutes weighted,risk,2,defense + size_frame,182,0.005172380219072619,0.00649057728949185,0.0,0.4065934065934066,0.5934065934065934,0.0,0.00045297354013251745,0.0,0.0,Arnoldas Kulboka | Fab Melo | Diamond Stone | Michael Gbinije | Leandro Bolmaro
PIE top30,risk,3,shooting + defense + size_frame,113,0.005173998872272908,0.0051246903788358,0.0,0.39823008849557523,0.6017699115044248,0.0,0.0021259932289748188,0.0,0.0,Fab Melo | Leandro Bolmaro | Justin Harper | Dante Exum | Jarrett Culver
PIE top30,risk,3,athleticism_tools + upside_tools + risk_uncertainty,42,0.005184541358244434,0.0027318604361707003,0.0,0.42857142857142855,0.5714285714285714,0.0,0.0021365357149463445,0.0,0.0,Fab Melo | Malachi Richardson | Andrew Wiggins | Ekpe Udoh | Ben McLemore
PIE available minutes weighted,risk,3,shooting + motor_competitiveness + production_stats,122,0.005229679431217966,0.0058619484554271,0.0,0.4098360655737705,0.5901639344262295,0.0,0.0005102727522778641,0.0,0.0,Arnoldas Kulboka | Fab Melo | Grant Jerrett | Diamond Stone | Michael Gbinije
PIE available minutes weighted,risk,3,feel_iq_passing + finishing_touch + defense,101,0.005299548971299378,0.0058285445309704,0.0,0.4158415841584158,0.5841584158415841,0.0,0.0005801422923592762,0.0,0.0,Arnoldas Kulboka | Fab Melo | Craig Brackins | Isaiah Todd | Dante Exum
xRAPM historical top30,risk,3,finishing_touch + defense + size_frame,49,0.00531759725931524,-0.0042063492063492,0.40816326530612246,0.5102040816326531,0.4897959183673469,0.3469387755102041,-0.0751130305361703,0.08726774291806277,0.01609300436592548,James Wiseman | Kevin Knox II | Fab Melo | Justin Patton | Justin Harper
PIE top30,risk,3,defense + production_stats + injury_medical,22,0.005334442707756692,0.0025583860125339,0.0,0.45454545454545453,0.5454545454545454,0.0,0.002286437064458602,0.0,0.0,Rashad Vaughn | Romeo Langford | Kris Dunn | Aaron Nesmith | Perry Jones III
PIE top30,risk,3,finishing_touch + defense + injury_medical,13,0.005376685368245014,0.0011961842938022,0.0,0.46153846153846156,0.5384615384615384,0.0,0.0023286797249469247,0.0,0.0,Romeo Langford | Aaron Nesmith | James Wiseman | Daniel Orton | Cody Zeller
PIE top30,risk,3,shooting + athleticism_tools + injury_medical,42,0.00539260029867013,0.0025583860125339,0.0,0.47619047619047616,0.5238095238095238,0.0,0.0023445946553720407,0.0,0.0,Glen Rice | Rashad Vaughn | Johnny Davis | Romeo Langford | Kris Dunn
PIE available minutes weighted,risk,3,feel_iq_passing + shooting + finishing_touch,122,0.005401142932847813,0.0060811563430033,0.0,0.4098360655737705,0.5901639344262295,0.0,0.0006817362539077113,0.0,0.0,Arnoldas Kulboka | Fab Melo | Kevin Murphy | Craig Brackins | Hasheem Thabeet
PIE top15,risk,3,creation_handle + defense + risk_uncertainty,15,0.005402239268394759,0.0124281061023716,0.0,0.4,0.6,0.0,0.0020949980273171948,0.0,0.0,Ekpe Udoh | Ben McLemore | Kris Dunn | Marcus Smart | Lonzo Ball
PIE available minutes weighted,risk,3,creation_handle + motor_competitiveness + size_frame,57,0.00540653694872173,0.0074170023338441,0.0,0.3508771929824561,0.6491228070175439,0.0,0.0006871302697816278,0.0,0.0,Arnoldas Kulboka | Dante Exum | Jarrett Culver | Jan Vesely | Kevin Knox II
PIE available minutes weighted,risk,3,athleticism_tools + motor_competitiveness + production_stats,127,0.005425570331613145,0.0058953523798838,0.0,0.4094488188976378,0.5905511811023622,0.0,0.0007061636526730433,0.0,0.0,Arnoldas Kulboka | Fab Melo | Grant Jerrett | Diamond Stone | Michael Gbinije
PIE top30,risk,3,feel_iq_passing + finishing_touch + injury_medical,13,0.005505203797239746,0.0011961842938022,0.0,0.46153846153846156,0.5384615384615384,0.0,0.002457198153941656,0.0,0.0,Romeo Langford | Aaron Nesmith | James Wiseman | Cody Zeller | Dzanan Musa
PIE top30,risk,3,creation_handle + motor_competitiveness + production_stats,42,0.005521297507421814,0.0058233681222875,0.0,0.42857142857142855,0.5714285714285714,0.0,0.0024732918641237247,0.0,0.0,Dante Exum | DaJuan Summers | James Young | Jan Vesely | Patrick Williams
PIE top30,risk,3,athleticism_tools + defense + size_frame,127,0.005551229557199698,0.0047196630959634,0.0,0.4094488188976378,0.5905511811023622,0.0,0.0025032239139016086,0.0,0.0,Fab Melo | Leandro Bolmaro | Justin Harper | Anthony Bennett | Dante Exum
PIE available minutes weighted,risk,3,shooting + finishing_touch + risk_uncertainty,45,0.005559520136213272,0.0119488111696748,0.0,0.37777777777777777,0.6222222222222222,0.0,0.0008401134572731698,0.0,0.0,Arnoldas Kulboka | Fab Melo | Joshua Primo | Ekpe Udoh | Victor Claver
PIE top30,risk,3,feel_iq_passing + upside_tools + injury_medical,13,0.0055637263812176995,0.0011961842938022,0.0,0.46153846153846156,0.5384615384615384,0.0,0.00251572073791961,0.0,0.0,Perry Jones III | Ziaire Williams | Quincy Miller | James Wiseman | Kevin Seraphin
PIE top30,risk,2,defense + size_frame,128,0.0055653680635079274,0.0049221767373996,0.0,0.40625,0.59375,0.0,0.002517362420209838,0.0,0.0,Fab Melo | Leandro Bolmaro | Justin Harper | Anthony Bennett | Dante Exum
PIE top30,risk,3,shooting + finishing_touch + motor_competitiveness,77,0.005567360342441751,0.0058181917136046,0.0,0.4025974025974026,0.5974025974025974,0.0,0.002519354699143661,0.0,0.0,Fab Melo | Craig Brackins | Hasheem Thabeet | Dante Exum | Dragan Bender
PIE top15,risk,3,shooting + athleticism_tools + motor_competitiveness,89,0.005582113324238192,0.0058285445309704,0.0,0.39325842696629215,0.6067415730337079,0.0,0.002274872083160628,0.0,0.0,Hasheem Thabeet | Dante Exum | Dragan Bender | Ekpe Udoh | Ben McLemore
PIE top30,risk,3,shooting + athleticism_tools + size_frame,135,0.005696800826822289,0.0058181917136046,0.0,0.3925925925925926,0.6074074074074074,0.0,0.002648795183524199,0.0,0.0,Royce White | Fab Melo | Leandro Bolmaro | Justin Harper | Dante Exum
PIE available minutes weighted,risk,2,motor_competitiveness + production_stats,128,0.005699574635673513,0.00604168868189015,0.0,0.40625,0.59375,0.0,0.000980167956733411,0.0,0.0,Arnoldas Kulboka | Fab Melo | Grant Jerrett | Diamond Stone | Michael Gbinije
PIE top30,risk,3,defense + motor_competitiveness + size_frame,89,0.005705235229933273,0.0051246903788358,0.0,0.4157303370786517,0.5842696629213483,0.0,0.0026572295866351837,0.0,0.0,Fab Melo | Anthony Bennett | Dante Exum | Jarrett Culver | Jan Vesely
PIE top30,risk,2,shooting + size_frame,136,0.0057090372793063395,0.00600310834875055,0.0,0.3897058823529412,0.6102941176470589,0.0,0.00266103163600825,0.0,0.0,Royce White | Fab Melo | Leandro Bolmaro | Justin Harper | Dante Exum
PIE available minutes weighted,risk,3,motor_competitiveness + production_stats + injury_medical,22,0.005718683149332992,0.0035071880037034,0.0,0.45454545454545453,0.5454545454545454,0.0,0.00099927647039289,0.0,0.0,Zhou Qi | Victor Claver | Romeo Langford | Perry Jones III | Ziaire Williams
PIE available minutes weighted,risk,2,feel_iq_passing + finishing_touch,132,0.0057307384259346755,0.0058233681222875,0.0,0.4166666666666667,0.5833333333333334,0.0,0.0010113317469945737,0.0,0.0,Arnoldas Kulboka | Fab Melo | Kevin Murphy | Craig Brackins | Hasheem Thabeet
PIE top15,risk,3,feel_iq_passing + creation_handle + risk_uncertainty,14,0.00574532847844455,0.012949576202598949,0.0,0.42857142857142855,0.5714285714285714,0.0,0.0024380872373669852,0.0,0.0,Ekpe Udoh | Ben McLemore | Kris Dunn | Marcus Smart | Nassir Little
PIE available minutes weighted,risk,3,finishing_touch + athleticism_tools + defense,162,0.005784724302446461,0.0058233681222875,0.0,0.41975308641975306,0.5802469135802469,0.0,0.001065317623506359,0.0,0.0,Arnoldas Kulboka | Fab Melo | Diamond Stone | Craig Brackins | Leandro Bolmaro
PIE top15,risk,2,production_stats + risk_uncertainty,21,0.005793314433013537,0.0039205877312656,0.0,0.42857142857142855,0.5714285714285714,0.0,0.002486073191935973,0.0,0.0,Andrew Wiggins | De'Andre Hunter | Stanley Johnson | Kris Dunn | Marcus Smart
PIE available minutes weighted,risk,3,upside_tools + defense + risk_uncertainty,40,0.00579347362356587,0.0035832993201434,0.0,0.425,0.575,0.0,0.0010740669446257685,0.0,0.0,Fab Melo | Zhou Qi | Andrew Wiggins | Ekpe Udoh | Ben McLemore
PIE available minutes weighted,risk,2,finishing_touch + defense,163,0.0057994826732752185,0.0058285445309704,0.0,0.4171779141104294,0.5828220858895705,0.0,0.0010800759943351166,0.0,0.0,Arnoldas Kulboka | Fab Melo | Diamond Stone | Craig Brackins | Leandro Bolmaro
PIE top15,risk,3,shooting + production_stats + risk_uncertainty,18,0.005800736073230694,0.00238300241272925,0.0,0.4444444444444444,0.5555555555555556,0.0,0.0024934948321531296,0.0,0.0,De'Andre Hunter | Stanley Johnson | Kris Dunn | Marcus Smart | James Wiseman
PIE available minutes weighted,risk,2,athleticism_tools + injury_medical,63,0.005834322410290276,0.0047663457855465,0.0,0.4444444444444444,0.5555555555555556,0.0,0.0011149157313501742,0.0,0.0,Anthony Bennett | Zhou Qi | Glen Rice | Rashad Vaughn | Johnny Davis
PIE top30,risk,3,athleticism_tools + defense + risk_uncertainty,62,0.00585923529788991,0.0045226390550507,0.0,0.4032258064516129,0.5967741935483871,0.0,0.00281122965459182,0.0,0.0,Fab Melo | Andrew Wiggins | Joshua Primo | Ekpe Udoh | Ben McLemore
PIE top30,risk,3,feel_iq_passing + size_frame + injury_medical,18,0.005869881098042106,0.0045226390550507,0.0,0.3888888888888889,0.6111111111111112,0.0,0.0028218754547440165,0.0,0.0,Johnny Davis | Ziaire Williams | James Wiseman | Mfiondu Kabengele | Guerschon Yabusele
PIE available minutes weighted,risk,3,feel_iq_passing + shooting + size_frame,135,0.005888520005687303,0.0058181917136046,0.0,0.4,0.6,0.0,0.0011691133267472007,0.0,0.0,Arnoldas Kulboka | Fab Melo | Michael Gbinije | Marko Simonovic | Isaiah Todd
PIE top15,risk,3,shooting + defense + motor_competitiveness,70,0.005903239428869829,0.00662277343240725,0.0,0.38571428571428573,0.6142857142857143,0.0,0.0025959981877922643,0.0,0.0,Dante Exum | Dragan Bender | Ekpe Udoh | Ben McLemore | Jarrett Culver
PIE available minutes weighted,risk,3,upside_tools + production_stats + injury_medical,19,0.005907199663684333,0.0039936903784493,0.0,0.3684210526315789,0.631578947368421,0.0,0.0011877929847442315,0.0,0.0,Zhou Qi | Perry Jones III | Ziaire Williams | Quincy Miller | James Wiseman
PIE top30,risk,3,feel_iq_passing + motor_competitiveness + injury_medical,23,0.005922915869705813,0.0051246903788358,0.0,0.43478260869565216,0.5652173913043478,0.0,0.002874910226407724,0.0,0.0,Glen Rice | Romeo Langford | Perry Jones III | Ziaire Williams | James Wiseman
PIE top30,risk,3,shooting + upside_tools + risk_uncertainty,40,0.005926609839466792,0.0035832993201434,0.0,0.45,0.55,0.0,0.0028786041961687027,0.0,0.0,Fab Melo | Malachi Richardson | Ekpe Udoh | Ben McLemore | De'Andre Hunter
PIE available minutes weighted,risk,3,athleticism_tools + motor_competitiveness + size_frame,136,0.0059346050797576535,0.0096096684250575,0.0,0.375,0.625,0.0,0.0012151984008175517,0.0,0.0,Arnoldas Kulboka | Fab Melo | Grant Jerrett | Diamond Stone | Michael Gbinije
PIE top30,risk,3,finishing_touch + motor_competitiveness + risk_uncertainty,20,0.005935058956047034,0.01253484449852365,0.0,0.35,0.65,0.0,0.0028870533127489445,0.0,0.0,Fab Melo | Ekpe Udoh | Stanley Johnson | Marcus Smart | James Wiseman
PIE available minutes weighted,risk,3,shooting + motor_competitiveness + size_frame,120,0.005935733044113068,0.0096096684250575,0.0,0.36666666666666664,0.6333333333333333,0.0,0.0012163263651729659,0.0,0.0,Arnoldas Kulboka | Fab Melo | Grant Jerrett | Diamond Stone | Michael Gbinije
PIE available minutes weighted,risk,3,finishing_touch + motor_competitiveness + production_stats,61,0.005937947138124274,0.0088968972458517,0.0,0.39344262295081966,0.6065573770491803,0.0,0.0012185404591841722,0.0,0.0,Arnoldas Kulboka | Fab Melo | Diamond Stone | Craig Brackins | Dante Exum
PIE available minutes weighted,risk,3,feel_iq_passing + production_stats + injury_medical,31,0.006003580962196664,0.0039936903784493,0.0,0.41935483870967744,0.5806451612903226,0.0,0.0012841742832565622,0.0,0.0,Rashad Vaughn | Victor Claver | Romeo Langford | Kris Dunn | Aaron Nesmith
PIE top15,risk,2,size_frame + production_stats,32,0.006021847043300704,0.0069637285356392,0.0,0.375,0.625,0.0,0.002714605802223139,0.0,0.0,Dante Exum | Jan Vesely | De'Andre Hunter | Kevin Knox II | Marcus Smart
PIE top15,risk,3,athleticism_tools + size_frame + production_stats,32,0.006021847043300704,0.0069637285356392,0.0,0.375,0.625,0.0,0.002714605802223139,0.0,0.0,Dante Exum | Jan Vesely | De'Andre Hunter | Kevin Knox II | Marcus Smart
PIE top15,risk,2,motor_competitiveness + production_stats,40,0.0060253329535179204,0.0024697608422134497,0.0,0.425,0.575,0.0,0.002718091712440356,0.0,0.0,Dante Exum | Andrew Wiggins | Jan Vesely | Patrick Williams | Kevin Knox II
PIE top15,risk,3,athleticism_tools + motor_competitiveness + production_stats,40,0.0060253329535179204,0.0024697608422134497,0.0,0.425,0.575,0.0,0.002718091712440356,0.0,0.0,Dante Exum | Andrew Wiggins | Jan Vesely | Patrick Williams | Kevin Knox II
PIE top15,risk,3,feel_iq_passing + production_stats + risk_uncertainty,19,0.006044349363008368,0.0039205877312656,0.0,0.42105263157894735,0.5789473684210527,0.0,0.002737108121930804,0.0,0.0,Andrew Wiggins | De'Andre Hunter | Stanley Johnson | Kris Dunn | Marcus Smart
PIE available minutes weighted,risk,3,feel_iq_passing + finishing_touch + risk_uncertainty,37,0.006064462171795286,0.0126415828946757,0.0,0.40540540540540543,0.5945945945945946,0.0,0.0013450554928551841,0.0,0.0,Arnoldas Kulboka | Fab Melo | Joshua Primo | Ekpe Udoh | Victor Claver
PIE available minutes weighted,risk,3,upside_tools + defense + injury_medical,19,0.006067527472071647,0.0039205877312656,0.0,0.42105263157894735,0.5789473684210527,0.0,0.0013481207931315452,0.0,0.0,Zhou Qi | C.J. Wilcox | Perry Jones III | Ziaire Williams | James Wiseman
PIE top15,risk,3,defense + motor_competitiveness + production_stats,36,0.006076309377327195,0.0024697608422134497,0.0,0.4166666666666667,0.5833333333333334,0.0,0.0027690681362496305,0.0,0.0,Dante Exum | Andrew Wiggins | Jan Vesely | Kevin Knox II | Stanley Johnson
PIE available minutes weighted,risk,3,feel_iq_passing + athleticism_tools + risk_uncertainty,87,0.006077356391980867,0.0113154851147843,0.0,0.4367816091954023,0.5632183908045977,0.0,0.0013579497130407651,0.0,0.0,Arnoldas Kulboka | Fab Melo | Michael Gbinije | Jacob Evans | Malachi Richardson
PIE available minutes weighted,risk,2,defense + injury_medical,52,0.006097576797471429,0.0043800180819979,0.0,0.4423076923076923,0.5576923076923077,0.0,0.0013781701185313269,0.0,0.0,Anthony Bennett | Zhou Qi | Glen Rice | Rashad Vaughn | Victor Claver
PIE available minutes weighted,risk,2,athleticism_tools + size_frame,233,0.006112559125385476,0.008842141694801,0.0,0.38197424892703863,0.6180257510729614,0.0,0.0013931524464453745,0.0,0.0,Arnoldas Kulboka | Royce White | Fab Melo | Grant Jerrett | Diamond Stone
PIE available minutes weighted,risk,2,finishing_touch + production_stats,88,0.00611737845980572,0.006310837063028801,0.0,0.38636363636363635,0.6136363636363636,0.0,0.0013979717808656183,0.0,0.0,Arnoldas Kulboka | Fab Melo | Diamond Stone | Craig Brackins | Dante Exum
PIE available minutes weighted,risk,3,finishing_touch + athleticism_tools + production_stats,88,0.00611737845980572,0.006310837063028801,0.0,0.38636363636363635,0.6136363636363636,0.0,0.0013979717808656183,0.0,0.0,Arnoldas Kulboka | Fab Melo | Diamond Stone | Craig Brackins | Dante Exum
PIE top30,risk,3,finishing_touch + motor_competitiveness + production_stats,46,0.006119408207086815,0.0039906906857885005,0.0,0.43478260869565216,0.5652173913043478,0.0,0.0030714025637887258,0.0,0.0,Fab Melo | Craig Brackins | Dante Exum | James Young | Jan Vesely
PIE top15,risk,3,feel_iq_passing + upside_tools + risk_uncertainty,19,0.006147814533723173,0.0039205877312656,0.0,0.42105263157894735,0.5789473684210527,0.0,0.0028405732926456086,0.0,0.0,Andrew Wiggins | Ekpe Udoh | Ben McLemore | De'Andre Hunter | James Bouknight
PIE top15,risk,3,defense + size_frame + production_stats,29,0.006150029916384253,0.0039205877312656,0.0,0.3793103448275862,0.6206896551724138,0.0,0.0028427886753066883,0.0,0.0,Dante Exum | Jan Vesely | Kevin Knox II | Marcus Smart | Terrence Ross
PIE top30,risk,2,athleticism_tools + size_frame,157,0.006150697541099986,0.0051246903788358,0.0,0.3885350318471338,0.6114649681528662,0.0,0.0031026918978018965,0.0,0.0,Royce White | Fab Melo | Leandro Bolmaro | Justin Harper | Anthony Bennett
PIE top30,risk,2,defense + injury_medical,41,0.006169808813257332,0.0039205877312656,0.0,0.4634146341463415,0.5365853658536586,0.0,0.0031218031699592422,0.0,0.0,Anthony Bennett | Glen Rice | Rashad Vaughn | Romeo Langford | C.J. Wilcox
PIE available minutes weighted,risk,3,finishing_touch + upside_tools + production_stats,43,0.006175034346024177,0.0039936903784493,0.0,0.4186046511627907,0.5813953488372093,0.0,0.0014556276670840747,0.0,0.0,Fab Melo | Diamond Stone | Dante Exum | Isaac Okoro | Wesley Johnson
PIE top30,risk,3,feel_iq_passing + motor_competitiveness + risk_uncertainty,37,0.00617568159467906,0.0113154851147843,0.0,0.43243243243243246,0.5675675675675675,0.0,0.0031276759513809704,0.0,0.0,Fab Melo | Andrew Wiggins | Ekpe Udoh | Ben McLemore | Stanley Johnson
PIE top15,risk,3,defense + motor_competitiveness + size_frame,44,0.006179408377186127,0.009822583589160501,0.0,0.36363636363636365,0.6363636363636364,0.0,0.0028721671361085625,0.0,0.0,Anthony Bennett | Dante Exum | Jarrett Culver | Jan Vesely | Kevin Knox II
PIE available minutes weighted,risk,3,upside_tools + motor_competitiveness + size_frame,49,0.006183683610578086,0.0079543347328334,0.0,0.3877551020408163,0.6122448979591837,0.0,0.0014642769316379842,0.0,0.0,Fab Melo | Diamond Stone | Zhou Qi | Dante Exum | Kevin Knox II
PIE top15,risk,2,size_frame + injury_medical,13,0.006184852043470753,0.0113154851147843,0.0,0.3076923076923077,0.6923076923076923,0.0,0.002877610802393189,0.0,0.0,Anthony Bennett | Johnny Davis | James Wiseman | Alex Len | Kyrie Irving
PIE top15,risk,3,athleticism_tools + size_frame + injury_medical,13,0.006184852043470753,0.0113154851147843,0.0,0.3076923076923077,0.6923076923076923,0.0,0.002877610802393189,0.0,0.0,Anthony Bennett | Johnny Davis | James Wiseman | Alex Len | Kyrie Irving
PIE top15,risk,3,athleticism_tools + production_stats + risk_uncertainty,20,0.0061879619073471,0.0064185939905243,0.0,0.4,0.6,0.0,0.0028807206662695354,0.0,0.0,Andrew Wiggins | De'Andre Hunter | Stanley Johnson | Kris Dunn | Marcus Smart
PIE top30,risk,2,feel_iq_passing + risk_uncertainty,65,0.006198229008872476,0.0070521453928067,0.0,0.4307692307692308,0.5692307692307692,0.0,0.0031502233655743865,0.0,0.0,Fab Melo | Malachi Richardson | Andrew Wiggins | Joshua Primo | Ekpe Udoh
PIE available minutes weighted,risk,3,shooting + defense + injury_medical,46,0.006211254416128291,0.0043800180819979,0.0,0.43478260869565216,0.5652173913043478,0.0,0.001491847737188189,0.0,0.0,Zhou Qi | Glen Rice | Rashad Vaughn | Victor Claver | Romeo Langford
PIE top30,risk,3,feel_iq_passing + shooting + risk_uncertainty,62,0.006219976319380309,0.00608841788582125,0.0,0.43548387096774194,0.5645161290322581,0.0,0.0031719706760822194,0.0,0.0,Fab Melo | Malachi Richardson | Joshua Primo | Ekpe Udoh | Ben McLemore
PIE top15,risk,3,upside_tools + defense + size_frame,20,0.0062441504016166995,0.00312638500606465,0.0,0.4,0.6,0.0,0.002936909160539135,0.0,0.0,Dante Exum | Kevin Knox II | James Wiseman | Otto Porter Jr. | Jonathan Isaac
PIE top30,risk,3,finishing_touch + defense + risk_uncertainty,28,0.006260043248435614,0.0079346994504702,0.0,0.35714285714285715,0.6428571428571429,0.0,0.0032120376051375243,0.0,0.0,Fab Melo | Joshua Primo | Ekpe Udoh | Stanley Johnson | Aaron Nesmith
PIE available minutes weighted,risk,2,motor_competitiveness + size_frame,137,0.00626473037412128,0.0096382978383082,0.0,0.3722627737226277,0.6277372262773723,0.0,0.0015453236951811777,0.0,0.0,Arnoldas Kulboka | Fab Melo | Grant Jerrett | Diamond Stone | Michael Gbinije
PIE available minutes weighted,risk,3,shooting + finishing_touch + upside_tools,69,0.006274653285435048,0.0053573282937581,0.0,0.4057971014492754,0.5942028985507246,0.0,0.001555246606494946,0.0,0.0,Fab Melo | Diamond Stone | Hasheem Thabeet | Isaiah Todd | Dante Exum
PIE available minutes weighted,risk,2,motor_competitiveness + injury_medical,39,0.006276350917406977,0.0058181917136046,0.0,0.4358974358974359,0.5641025641025641,0.0,0.001556944238466875,0.0,0.0,Anthony Bennett | Zhou Qi | Glen Rice | Victor Claver | Romeo Langford
PIE available minutes weighted,risk,3,athleticism_tools + motor_competitiveness + injury_medical,39,0.006276350917406977,0.0058181917136046,0.0,0.4358974358974359,0.5641025641025641,0.0,0.001556944238466875,0.0,0.0,Anthony Bennett | Zhou Qi | Glen Rice | Victor Claver | Romeo Langford
PIE available minutes weighted,risk,3,shooting + upside_tools + size_frame,74,0.006295569063190507,0.008398238213817199,0.0,0.3918918918918919,0.6081081081081081,0.0,0.0015761623842504048,0.0,0.0,Fab Melo | Diamond Stone | Zhou Qi | Isaiah Todd | Dante Exum
PIE top30,risk,3,shooting + defense + injury_medical,37,0.006302642439516495,0.0039205877312656,0.0,0.4594594594594595,0.5405405405405406,0.0,0.0032546367962184054,0.0,0.0,Glen Rice | Rashad Vaughn | Romeo Langford | C.J. Wilcox | Kris Dunn
PIE available minutes weighted,risk,2,feel_iq_passing + injury_medical,47,0.006317731429903332,0.0047663457855465,0.0,0.425531914893617,0.574468085106383,0.0,0.00159832475096323,0.0,0.0,Glen Rice | Rashad Vaughn | Johnny Davis | Victor Claver | Romeo Langford
PIE available minutes weighted,risk,3,feel_iq_passing + athleticism_tools + injury_medical,47,0.006317731429903332,0.0047663457855465,0.0,0.425531914893617,0.574468085106383,0.0,0.00159832475096323,0.0,0.0,Glen Rice | Rashad Vaughn | Johnny Davis | Victor Claver | Romeo Langford
PIE available minutes weighted,risk,2,shooting + injury_medical,57,0.006322387382660129,0.0047663457855465,0.0,0.43859649122807015,0.5614035087719298,0.0,0.001602980703720027,0.0,0.0,Zhou Qi | Glen Rice | Rashad Vaughn | Johnny Davis | Victor Claver
PIE available minutes weighted,risk,3,shooting + finishing_touch + size_frame,82,0.006325474067838872,0.00881482223184985,0.0,0.36585365853658536,0.6341463414634146,0.0,0.00160606738889877,0.0,0.0,Arnoldas Kulboka | Fab Melo | Diamond Stone | Leandro Bolmaro | Justin Harper
PIE available minutes weighted,risk,2,shooting + finishing_touch,187,0.00632585747253573,0.0068593903759126,0.0,0.40106951871657753,0.5989304812834224,0.0,0.0016064507935956282,0.0,0.0,Arnoldas Kulboka | Fab Melo | Kevin Murphy | Diamond Stone | Craig Brackins
PIE available minutes weighted,risk,3,feel_iq_passing + finishing_touch + motor_competitiveness,76,0.006327437740784935,0.0067742081895436,0.0,0.39473684210526316,0.6052631578947368,0.0,0.0016080310618448333,0.0,0.0,Arnoldas Kulboka | Fab Melo | Craig Brackins | Hasheem Thabeet | Dante Exum
PIE top30,risk,3,feel_iq_passing + athleticism_tools + risk_uncertainty,63,0.006402804277727985,0.0070521453928067,0.0,0.42857142857142855,0.5714285714285714,0.0,0.0033547986344298958,0.0,0.0,Fab Melo | Malachi Richardson | Andrew Wiggins | Joshua Primo | Ekpe Udoh
PIE available minutes weighted,risk,3,feel_iq_passing + finishing_touch + athleticism_tools,131,0.006406280000461321,0.0058285445309704,0.0,0.4122137404580153,0.5877862595419847,0.0,0.0016868733215212196,0.0,0.0,Arnoldas Kulboka | Fab Melo | Craig Brackins | Hasheem Thabeet | Isaiah Todd
PIE available minutes weighted,risk,3,finishing_touch + upside_tools + motor_competitiveness,48,0.006422398001570157,0.00559293641236425,0.0,0.4166666666666667,0.5833333333333334,0.0,0.0017029913226300555,0.0,0.0,Fab Melo | Diamond Stone | Hasheem Thabeet | Dante Exum | Ekpe Udoh
PIE available minutes weighted,risk,2,feel_iq_passing + size_frame,147,0.006436926257716241,0.0061880249838965,0.0,0.3877551020408163,0.6122448979591837,0.0,0.0017175195787761388,0.0,0.0,Arnoldas Kulboka | Fab Melo | Michael Gbinije | Marko Simonovic | Isaiah Todd
PIE available minutes weighted,risk,3,feel_iq_passing + athleticism_tools + size_frame,147,0.006436926257716241,0.0061880249838965,0.0,0.3877551020408163,0.6122448979591837,0.0,0.0017175195787761388,0.0,0.0,Arnoldas Kulboka | Fab Melo | Michael Gbinije | Marko Simonovic | Isaiah Todd
PIE available minutes weighted,risk,2,finishing_touch + risk_uncertainty,48,0.006473264867055149,0.01042285420776325,0.0,0.3541666666666667,0.6458333333333334,0.0,0.0017538581881150475,0.0,0.0,Arnoldas Kulboka | Fab Melo | Joshua Primo | Ekpe Udoh | Victor Claver
PIE available minutes weighted,risk,3,finishing_touch + athleticism_tools + risk_uncertainty,48,0.006473264867055149,0.01042285420776325,0.0,0.3541666666666667,0.6458333333333334,0.0,0.0017538581881150475,0.0,0.0,Arnoldas Kulboka | Fab Melo | Joshua Primo | Ekpe Udoh | Victor Claver
PIE available minutes weighted,risk,3,shooting + athleticism_tools + injury_medical,55,0.006496173084354574,0.0047663457855465,0.0,0.43636363636363634,0.5636363636363636,0.0,0.001776766405414472,0.0,0.0,Zhou Qi | Glen Rice | Rashad Vaughn | Johnny Davis | Victor Claver
PIE available minutes weighted,risk,2,finishing_touch + injury_medical,22,0.006500693977662903,0.00395713905485745,0.0,0.4090909090909091,0.5909090909090909,0.0,0.0017812872987228012,0.0,0.0,Victor Claver | Romeo Langford | Aaron Nesmith | Stephen Zimmerman | James Wiseman
PIE available minutes weighted,risk,3,finishing_touch + athleticism_tools + injury_medical,22,0.006500693977662903,0.00395713905485745,0.0,0.4090909090909091,0.5909090909090909,0.0,0.0017812872987228012,0.0,0.0,Victor Claver | Romeo Langford | Aaron Nesmith | Stephen Zimmerman | James Wiseman
PIE available minutes weighted,risk,3,feel_iq_passing + motor_competitiveness + injury_medical,28,0.006519151667160465,0.0054714410462202,0.0,0.42857142857142855,0.5714285714285714,0.0,0.001799744988220363,0.0,0.0,Glen Rice | Victor Claver | Romeo Langford | Perry Jones III | Ziaire Williams
PIE top30,risk,3,motor_competitiveness + size_frame + production_stats,53,0.006556929251574111,0.0058181917136046,0.0,0.41509433962264153,0.5849056603773585,0.0,0.0035089236082760213,0.0,0.0,Fab Melo | Dante Exum | Jan Vesely | KZ Okpala | Kevin Knox II
PIE available minutes weighted,risk,3,defense + size_frame + injury_medical,26,0.006594795821606292,0.00856683841419445,0.0,0.34615384615384615,0.6538461538461539,0.0,0.0018753891426661904,0.0,0.0,Anthony Bennett | Zhou Qi | Victor Claver | Ziaire Williams | Stephen Zimmerman
PIE top30,risk,3,upside_tools + production_stats + injury_medical,12,0.0065966669792148665,0.0025583860125339,0.0,0.4166666666666667,0.5833333333333334,0.0,0.003548661335916777,0.0,0.0,Perry Jones III | Ziaire Williams | Quincy Miller | James Wiseman | Damian Jones
PIE top30,risk,2,finishing_touch + motor_competitiveness,87,0.006596878884547053,0.0058181917136046,0.0,0.40229885057471265,0.5977011494252874,0.0,0.0035488732412489636,0.0,0.0,Fab Melo | Craig Brackins | Hasheem Thabeet | Dante Exum | Dragan Bender
PIE top30,risk,3,finishing_touch + athleticism_tools + motor_competitiveness,87,0.006596878884547053,0.0058181917136046,0.0,0.40229885057471265,0.5977011494252874,0.0,0.0035488732412489636,0.0,0.0,Fab Melo | Craig Brackins | Hasheem Thabeet | Dante Exum | Dragan Bender
PIE top15,risk,3,upside_tools + production_stats + risk_uncertainty,12,0.006602191764006359,0.00238300241272925,0.0,0.4166666666666667,0.5833333333333334,0.0,0.003294950522928795,0.0,0.0,Andrew Wiggins | De'Andre Hunter | James Wiseman | Nassir Little | Harrison Barnes
PIE available minutes weighted,risk,3,feel_iq_passing + finishing_touch + injury_medical,17,0.006610636968206577,0.0039205877312656,0.0,0.4117647058823529,0.5882352941176471,0.0,0.0018912302892664752,0.0,0.0,Victor Claver | Romeo Langford | Aaron Nesmith | James Wiseman | Cody Zeller
PIE available minutes weighted,risk,3,shooting + finishing_touch + motor_competitiveness,102,0.006611364110801852,0.00842561598934255,0.0,0.38235294117647056,0.6176470588235294,0.0,0.00189195743186175,0.0,0.0,Arnoldas Kulboka | Fab Melo | Diamond Stone | Craig Brackins | Hasheem Thabeet
PIE available minutes weighted,risk,2,creation_handle + injury_medical,18,0.00661424902486004,0.003160437336319,0.0,0.4444444444444444,0.5555555555555556,0.0,0.0018948423459199384,0.0,0.0,Johnny Davis | Kris Dunn | Aaron Nesmith | Jaylen Brown | Cody Zeller
PIE available minutes weighted,risk,3,creation_handle + athleticism_tools + injury_medical,18,0.00661424902486004,0.003160437336319,0.0,0.4444444444444444,0.5555555555555556,0.0,0.0018948423459199384,0.0,0.0,Johnny Davis | Kris Dunn | Aaron Nesmith | Jaylen Brown | Cody Zeller
PIE available minutes weighted,risk,3,athleticism_tools + defense + injury_medical,51,0.006617762395718798,0.0047663457855465,0.0,0.43137254901960786,0.5686274509803921,0.0,0.0018983557167786963,0.0,0.0,Anthony Bennett | Zhou Qi | Glen Rice | Rashad Vaughn | Victor Claver
PIE available minutes weighted,risk,3,feel_iq_passing + motor_competitiveness + size_frame,92,0.00663221135905859,0.0096096684250575,0.0,0.358695652173913,0.6413043478260869,0.0,0.0019128046801184882,0.0,0.0,Arnoldas Kulboka | Fab Melo | Michael Gbinije | Marko Simonovic | Dante Exum
PIE available minutes weighted,risk,2,size_frame + injury_medical,32,0.006639834076689406,0.0110972027796995,0.0,0.34375,0.65625,0.0,0.0019204273977493046,0.0,0.0,Anthony Bennett | Zhou Qi | Johnny Davis | Victor Claver | Ziaire Williams
PIE available minutes weighted,risk,3,athleticism_tools + size_frame + injury_medical,32,0.006639834076689406,0.0110972027796995,0.0,0.34375,0.65625,0.0,0.0019204273977493046,0.0,0.0,Anthony Bennett | Zhou Qi | Johnny Davis | Victor Claver | Ziaire Williams
PIE top30,risk,3,shooting + finishing_touch + size_frame,56,0.0066673192733343305,0.0063056606543459,0.0,0.375,0.625,0.0,0.003619313630036241,0.0,0.0,Fab Melo | Leandro Bolmaro | Justin Harper | Dante Exum | Frank Ntilikina
PIE top30,risk,3,feel_iq_passing + shooting + size_frame,100,0.006682887372613636,0.0046570092486042,0.0,0.39,0.61,0.0,0.0036348817293155467,0.0,0.0,Fab Melo | Dante Exum | Johnny Davis | Frank Ntilikina | Jan Vesely
PIE top15,risk,2,defense + risk_uncertainty,31,0.006713948057397107,0.0113154851147843,0.0,0.3548387096774194,0.6451612903225806,0.0,0.0034067068163195426,0.0,0.0,Andrew Wiggins | Ekpe Udoh | Ben McLemore | James Bouknight | Stanley Johnson
PIE top15,risk,2,defense + size_frame,60,0.006731786295140265,0.009822583589160501,0.0,0.35,0.65,0.0,0.0034245450540627003,0.0,0.0,Anthony Bennett | Dante Exum | Jarrett Culver | Frank Ntilikina | Jan Vesely
PIE top15,risk,3,athleticism_tools + defense + size_frame,60,0.006731786295140265,0.009822583589160501,0.0,0.35,0.65,0.0,0.0034245450540627003,0.0,0.0,Anthony Bennett | Dante Exum | Jarrett Culver | Frank Ntilikina | Jan Vesely
PIE available minutes weighted,risk,2,feel_iq_passing + risk_uncertainty,91,0.006768788446378549,0.0118249557479014,0.0,0.42857142857142855,0.5714285714285714,0.0,0.0020493817674384473,0.0,0.0,Arnoldas Kulboka | Fab Melo | Michael Gbinije | Jacob Evans | Malachi Richardson
PIE available minutes weighted,risk,3,upside_tools + injury_medical + risk_uncertainty,18,0.006813363684019401,0.00761803642302495,0.0,0.4444444444444444,0.5555555555555556,0.0,0.0020939570050792994,0.0,0.0,Zhou Qi | C.J. Wilcox | Perry Jones III | Ziaire Williams | Quincy Miller
PIE top15,risk,3,shooting + defense + risk_uncertainty,28,0.00681735842872066,0.00761803642302495,0.0,0.35714285714285715,0.6428571428571429,0.0,0.003510117187643095,0.0,0.0,Ekpe Udoh | Ben McLemore | James Bouknight | Stanley Johnson | Kris Dunn
PIE top30,risk,3,feel_iq_passing + defense + size_frame,90,0.006818204411217447,0.0054714410462202,0.0,0.3888888888888889,0.6111111111111112,0.0,0.0037701987679193572,0.0,0.0,Fab Melo | Dante Exum | Frank Ntilikina | Jan Vesely | Kevin Knox II
PIE top30,risk,3,athleticism_tools + defense + injury_medical,40,0.006834851251417376,0.0045226390550507,0.0,0.45,0.55,0.0,0.0037868456081192863,0.0,0.0,Anthony Bennett | Glen Rice | Rashad Vaughn | Romeo Langford | Kris Dunn
PIE available minutes weighted,risk,3,motor_competitiveness + size_frame + injury_medical,24,0.006845914561884628,0.0110972027796995,0.0,0.3333333333333333,0.6666666666666666,0.0,0.0021265078829445262,0.0,0.0,Anthony Bennett | Zhou Qi | Victor Claver | Ziaire Williams | Stephen Zimmerman
xRAPM historical top30,risk,3,shooting + defense + size_frame,109,0.006853908762739625,-0.1198360655737704,0.3577981651376147,0.5321100917431193,0.46788990825688076,0.3394495412844037,-0.07357671903274592,0.036902642749555015,0.008603770140125089,James Wiseman | Kevin Knox II | Jonny Flynn | Fab Melo | Justin Patton
PIE available minutes weighted,risk,3,shooting + finishing_touch + athleticism_tools,184,0.006866004895102939,0.0072896311120147,0.0,0.3967391304347826,0.6032608695652174,0.0,0.002146598216162837,0.0,0.0,Arnoldas Kulboka | Fab Melo | Diamond Stone | Craig Brackins | Leandro Bolmaro
PIE top30,risk,3,finishing_touch + production_stats + injury_medical,11,0.0068790728376746015,0.0039205877312656,0.0,0.36363636363636365,0.6363636363636364,0.0,0.003831067194376512,0.0,0.0,Romeo Langford | Aaron Nesmith | James Wiseman | Cody Zeller | Arnett Moultrie
PIE available minutes weighted,risk,2,upside_tools + size_frame,84,0.006898587330477912,0.008398238213817199,0.0,0.38095238095238093,0.6190476190476191,0.0,0.00217918065153781,0.0,0.0,Fab Melo | Diamond Stone | Zhou Qi | Isaiah Todd | Dante Exum
PIE available minutes weighted,risk,3,athleticism_tools + upside_tools + size_frame,84,0.006898587330477912,0.008398238213817199,0.0,0.38095238095238093,0.6190476190476191,0.0,0.00217918065153781,0.0,0.0,Fab Melo | Diamond Stone | Zhou Qi | Isaiah Todd | Dante Exum
PIE top15,risk,3,feel_iq_passing + defense + risk_uncertainty,27,0.0069407403900501995,0.0124281061023716,0.0,0.37037037037037035,0.6296296296296297,0.0,0.003633499148972635,0.0,0.0,Andrew Wiggins | Ekpe Udoh | Ben McLemore | James Bouknight | Stanley Johnson
PIE top30,risk,2,finishing_touch + injury_medical,17,0.006959062492246059,0.0039205877312656,0.0,0.4117647058823529,0.5882352941176471,0.0,0.00391105684894797,0.0,0.0,Romeo Langford | Aaron Nesmith | James Wiseman | Daniel Orton | Cody Zeller
PIE top30,risk,3,finishing_touch + athleticism_tools + injury_medical,17,0.006959062492246059,0.0039205877312656,0.0,0.4117647058823529,0.5882352941176471,0.0,0.00391105684894797,0.0,0.0,Romeo Langford | Aaron Nesmith | James Wiseman | Daniel Orton | Cody Zeller
PIE top30,risk,2,size_frame + injury_medical,23,0.0070027808427444126,0.0058181917136046,0.0,0.34782608695652173,0.6521739130434783,0.0,0.003954775199446323,0.0,0.0,Anthony Bennett | Johnny Davis | Ziaire Williams | James Wiseman | Mfiondu Kabengele
PIE top30,risk,3,athleticism_tools + size_frame + injury_medical,23,0.0070027808427444126,0.0058181917136046,0.0,0.34782608695652173,0.6521739130434783,0.0,0.003954775199446323,0.0,0.0,Anthony Bennett | Johnny Davis | Ziaire Williams | James Wiseman | Mfiondu Kabengele
PIE available minutes weighted,risk,3,creation_handle + upside_tools + size_frame,33,0.0070895647221180455,0.0093072254935051,0.0,0.36363636363636365,0.6363636363636364,0.0,0.0023701580431779437,0.0,0.0,Isaiah Todd | Dante Exum | Kevin Knox II | Tony Snell | Josh Okogie
PIE available minutes weighted,risk,2,upside_tools + injury_medical,25,0.007095341484107257,0.0039936903784493,0.0,0.4,0.6,0.0,0.002375934805167155,0.0,0.0,Zhou Qi | C.J. Wilcox | Perry Jones III | Ziaire Williams | Quincy Miller
PIE available minutes weighted,risk,3,shooting + upside_tools + injury_medical,25,0.007095341484107257,0.0039936903784493,0.0,0.4,0.6,0.0,0.002375934805167155,0.0,0.0,Zhou Qi | C.J. Wilcox | Perry Jones III | Ziaire Williams | Quincy Miller
PIE available minutes weighted,risk,3,feel_iq_passing + defense + injury_medical,38,0.007144362428446787,0.00494551808219115,0.0,0.39473684210526316,0.6052631578947368,0.0,0.0024249557495066854,0.0,0.0,Glen Rice | Rashad Vaughn | Victor Claver | Romeo Langford | Kris Dunn
PIE available minutes weighted,risk,2,finishing_touch + size_frame,98,0.007145350584369408,0.0083435409753407,0.0,0.35714285714285715,0.6428571428571429,0.0,0.002425943905429306,0.0,0.0,Arnoldas Kulboka | Fab Melo | Diamond Stone | Leandro Bolmaro | Justin Harper
PIE available minutes weighted,risk,3,finishing_touch + athleticism_tools + size_frame,98,0.007145350584369408,0.0083435409753407,0.0,0.35714285714285715,0.6428571428571429,0.0,0.002425943905429306,0.0,0.0,Arnoldas Kulboka | Fab Melo | Diamond Stone | Leandro Bolmaro | Justin Harper
PIE top30,risk,3,shooting + motor_competitiveness + production_stats,86,0.007165429413827513,0.004397534385337101,0.0,0.43023255813953487,0.5697674418604651,0.0,0.0041174237705294235,0.0,0.0,Fab Melo | Craig Brackins | Dante Exum | DaJuan Summers | James Young
PIE top30,risk,2,finishing_touch + size_frame,66,0.007180762319434916,0.0050037599159886,0.0,0.36363636363636365,0.6363636363636364,0.0,0.004132756676136827,0.0,0.0,Fab Melo | Leandro Bolmaro | Justin Harper | Dante Exum | Frank Ntilikina
PIE top30,risk,3,finishing_touch + athleticism_tools + size_frame,66,0.007180762319434916,0.0050037599159886,0.0,0.36363636363636365,0.6363636363636364,0.0,0.004132756676136827,0.0,0.0,Fab Melo | Leandro Bolmaro | Justin Harper | Dante Exum | Frank Ntilikina
PIE top15,risk,3,shooting + motor_competitiveness + production_stats,37,0.007217563411479264,0.0027763320264545,0.0,0.40540540540540543,0.5945945945945946,0.0,0.003910322170401699,0.0,0.0,Dante Exum | Jan Vesely | Patrick Williams | Kevin Knox II | Stanley Johnson
xRAPM historical mature,risk,3,upside_tools + size_frame + risk_uncertainty,24,0.00722928301319888,-0.20546604938271623,0.2916666666666667,0.5833333333333334,0.4166666666666667,0.25,-0.08027849620447743,-0.04971819645732689,-0.07367149758454106,James Wiseman | Fab Melo | Tyler Honeycutt | Julius Randle | Zhou Qi
PIE available minutes weighted,risk,3,finishing_touch + upside_tools + size_frame,40,0.0073310579447609285,0.0060718314256030005,0.0,0.35,0.65,0.0,0.0026116512658208267,0.0,0.0,Fab Melo | Diamond Stone | Isaiah Todd | Dante Exum | Kevin Knox II
PIE top30,risk,3,athleticism_tools + motor_competitiveness + production_stats,91,0.007332455726323558,0.0058181917136046,0.0,0.42857142857142855,0.5714285714285714,0.0,0.004284450083025468,0.0,0.0,Fab Melo | Craig Brackins | Dante Exum | Andrew Wiggins | DaJuan Summers
PIE top15,risk,3,feel_iq_passing + finishing_touch + size_frame,24,0.007337866865632425,0.004054957924819099,0.0,0.375,0.625,0.0,0.0040306256245548604,0.0,0.0,Dante Exum | Frank Ntilikina | Jan Vesely | Kevin Knox II | Marcus Smart
PIE available minutes weighted,risk,2,finishing_touch + motor_competitiveness,118,0.007345705406241219,0.00842561598934255,0.0,0.3898305084745763,0.6101694915254238,0.0,0.002626298727301117,0.0,0.0,Arnoldas Kulboka | Fab Melo | Diamond Stone | Craig Brackins | Hasheem Thabeet
PIE available minutes weighted,risk,3,finishing_touch + athleticism_tools + motor_competitiveness,118,0.007345705406241219,0.00842561598934255,0.0,0.3898305084745763,0.6101694915254238,0.0,0.002626298727301117,0.0,0.0,Arnoldas Kulboka | Fab Melo | Diamond Stone | Craig Brackins | Hasheem Thabeet
PIE top15,risk,3,athleticism_tools + defense + risk_uncertainty,30,0.007348304314912127,0.01187179560857795,0.0,0.3333333333333333,0.6666666666666666,0.0,0.004041063073834563,0.0,0.0,Andrew Wiggins | Ekpe Udoh | Ben McLemore | James Bouknight | Stanley Johnson
PIE top30,risk,3,finishing_touch + size_frame + risk_uncertainty,17,0.007364050942920153,0.0039205877312656,0.0,0.29411764705882354,0.7058823529411765,0.0,0.004316045299622063,0.0,0.0,Fab Melo | Marcus Smart | James Wiseman | Bismack Biyombo | Jaden McDaniels
PIE top30,risk,3,upside_tools + motor_competitiveness + risk_uncertainty,25,0.007397896533363206,0.0113154851147843,0.0,0.44,0.56,0.0,0.004349890890065117,0.0,0.0,Fab Melo | Andrew Wiggins | Ekpe Udoh | Ben McLemore | Perry Jones III
PIE available minutes weighted,risk,3,feel_iq_passing + shooting + risk_uncertainty,87,0.007404944194122705,0.0118249557479014,0.0,0.42528735632183906,0.5747126436781609,0.0,0.002685537515182603,0.0,0.0,Arnoldas Kulboka | Fab Melo | Michael Gbinije | Malachi Richardson | Joshua Primo
PIE available minutes weighted,risk,3,finishing_touch + motor_competitiveness + injury_medical,16,0.007450398328296275,0.0035071880037034,0.0,0.4375,0.5625,0.0,0.0027309916493561733,0.0,0.0,Victor Claver | Romeo Langford | Stephen Zimmerman | James Wiseman | Cody Zeller
PIE available minutes weighted,risk,3,feel_iq_passing + upside_tools + risk_uncertainty,43,0.0074519074666867064,0.0032460109090212,0.0,0.46511627906976744,0.5348837209302325,0.0,0.0027325007877466046,0.0,0.0,Fab Melo | Malachi Richardson | Andrew Wiggins | Ekpe Udoh | Ben McLemore
PIE top15,risk,3,shooting + finishing_touch + size_frame,29,0.00747150458976658,0.0041893281183726,0.0,0.3793103448275862,0.6206896551724138,0.0,0.004164263348689015,0.0,0.0,Dante Exum | Frank Ntilikina | Jan Vesely | Kevin Knox II | Marcus Smart
xRAPM historical mature,risk,3,feel_iq_passing + motor_competitiveness + risk_uncertainty,51,0.007483559508431135,-0.1171031746031743,0.35294117647058826,0.5294117647058824,0.47058823529411764,0.29411764705882354,-0.08002421970924517,0.011556313346594682,-0.029553850525717518,James Wiseman | Fab Melo | Tyler Lydon | Victor Claver | Bismack Biyombo
PIE available minutes weighted,risk,3,feel_iq_passing + finishing_touch + size_frame,61,0.007509265060405889,0.008732747217848,0.0,0.36065573770491804,0.639344262295082,0.0,0.002789858381465787,0.0,0.0,Arnoldas Kulboka | Fab Melo | Isaiah Todd | Dante Exum | Frank Ntilikina
PIE top30,risk,3,shooting + finishing_touch + injury_medical,15,0.007539126023849487,0.0039205877312656,0.0,0.4,0.6,0.0,0.004491120380551397,0.0,0.0,Romeo Langford | Aaron Nesmith | James Wiseman | Daniel Orton | Dzanan Musa
PIE top15,risk,3,shooting + defense + size_frame,55,0.007545567309745801,0.0100068693400128,0.0,0.32727272727272727,0.6727272727272727,0.0,0.004238326068668237,0.0,0.0,Dante Exum | Jarrett Culver | Frank Ntilikina | Jan Vesely | Kevin Knox II
PIE top30,risk,2,finishing_touch + risk_uncertainty,34,0.007600136859364556,0.0121884586360232,0.0,0.3235294117647059,0.6764705882352942,0.0,0.004552131216066466,0.0,0.0,Fab Melo | Joshua Primo | Ekpe Udoh | Stanley Johnson | Blake Wesley
PIE top30,risk,3,finishing_touch + athleticism_tools + risk_uncertainty,34,0.007600136859364556,0.0121884586360232,0.0,0.3235294117647059,0.6764705882352942,0.0,0.004552131216066466,0.0,0.0,Fab Melo | Joshua Primo | Ekpe Udoh | Stanley Johnson | Blake Wesley
PIE available minutes weighted,risk,2,upside_tools + risk_uncertainty,55,0.007602472068742924,0.0039205877312656,0.0,0.41818181818181815,0.5818181818181818,0.0,0.0028830653898028226,0.0,0.0,Fab Melo | Zhou Qi | Malachi Richardson | Andrew Wiggins | Ekpe Udoh
PIE available minutes weighted,risk,3,finishing_touch + athleticism_tools + upside_tools,79,0.007642520905953833,0.0041893281183726,0.0,0.4050632911392405,0.5949367088607594,0.0,0.002923114227013731,0.0,0.0,Fab Melo | Diamond Stone | Hasheem Thabeet | Isaiah Todd | Dante Exum
PIE available minutes weighted,risk,2,finishing_touch + upside_tools,80,0.007649368628973585,0.00477332820606535,0.0,0.4,0.6,0.0,0.0029299619500334833,0.0,0.0,Fab Melo | Diamond Stone | Hasheem Thabeet | Isaiah Todd | Dante Exum
PIE top15,risk,3,finishing_touch + defense + size_frame,28,0.007652981524095701,0.0036998081674002497,0.0,0.42857142857142855,0.5714285714285714,0.0,0.004345740283018137,0.0,0.0,Dante Exum | Frank Ntilikina | Jan Vesely | Kevin Knox II | Marcus Smart
PIE available minutes weighted,risk,3,finishing_touch + motor_competitiveness + size_frame,65,0.007656486813171855,0.0107293748381704,0.0,0.3384615384615385,0.6615384615384615,0.0,0.002937080134231753,0.0,0.0,Arnoldas Kulboka | Fab Melo | Diamond Stone | Dante Exum | Victor Claver
PIE top30,risk,2,motor_competitiveness + production_stats,92,0.007692952090725915,0.0058233681222875,0.0,0.42391304347826086,0.5760869565217391,0.0,0.004644946447427825,0.0,0.0,Fab Melo | Craig Brackins | Dante Exum | Andrew Wiggins | DaJuan Summers
xRAPM historical mature,risk,3,athleticism_tools + motor_competitiveness + size_frame,134,0.007706889737947471,0.03032006245120985,0.3805970149253731,0.4925373134328358,0.5074626865671642,0.3582089552238806,-0.07980088947972883,0.03921215180137955,0.03453745763933952,James Wiseman | Anthony Bennett | Kevin Knox II | Jonny Flynn | Fab Melo
PIE available minutes weighted,risk,2,finishing_touch + athleticism_tools,217,0.007741520703736371,0.0068593903759126,0.0,0.4009216589861751,0.5990783410138248,0.0,0.0030221140247962694,0.0,0.0,Arnoldas Kulboka | Fab Melo | Diamond Stone | Craig Brackins | Leandro Bolmaro
PIE available minutes weighted,risk,3,finishing_touch + production_stats + injury_medical,15,0.007765532020654381,0.0039936903784493,0.0,0.3333333333333333,0.6666666666666666,0.0,0.0030461253417142795,0.0,0.0,Victor Claver | Romeo Langford | Aaron Nesmith | James Wiseman | Cody Zeller
PIE top30,risk,2,feel_iq_passing + size_frame,111,0.007793544562353373,0.0058181917136046,0.0,0.36936936936936937,0.6306306306306306,0.0,0.004745538919055284,0.0,0.0,Fab Melo | Dante Exum | Johnny Davis | Frank Ntilikina | Jan Vesely
PIE top30,risk,3,feel_iq_passing + athleticism_tools + size_frame,111,0.007793544562353373,0.0058181917136046,0.0,0.36936936936936937,0.6306306306306306,0.0,0.004745538919055284,0.0,0.0,Fab Melo | Dante Exum | Johnny Davis | Frank Ntilikina | Jan Vesely
PIE top15,risk,3,defense + production_stats + risk_uncertainty,16,0.007807875904510975,0.00761803642302495,0.0,0.375,0.625,0.0,0.0045006346634334105,0.0,0.0,Andrew Wiggins | Stanley Johnson | Kris Dunn | Marcus Smart | James Wiseman
PIE top30,risk,2,motor_competitiveness + risk_uncertainty,46,0.00786498102651228,0.01187179560857795,0.0,0.391304347826087,0.6086956521739131,0.0,0.004816975383214191,0.0,0.0,Fab Melo | Andrew Wiggins | Ekpe Udoh | Ben McLemore | Stanley Johnson
PIE top30,risk,3,athleticism_tools + motor_competitiveness + risk_uncertainty,46,0.00786498102651228,0.01187179560857795,0.0,0.391304347826087,0.6086956521739131,0.0,0.004816975383214191,0.0,0.0,Fab Melo | Andrew Wiggins | Ekpe Udoh | Ben McLemore | Stanley Johnson
PIE top15,risk,2,motor_competitiveness + risk_uncertainty,25,0.007869783207087923,0.0124281061023716,0.0,0.32,0.68,0.0,0.004562541966010358,0.0,0.0,Andrew Wiggins | Ekpe Udoh | Ben McLemore | Stanley Johnson | Marcus Smart
PIE top15,risk,3,athleticism_tools + motor_competitiveness + risk_uncertainty,25,0.007869783207087923,0.0124281061023716,0.0,0.32,0.68,0.0,0.004562541966010358,0.0,0.0,Andrew Wiggins | Ekpe Udoh | Ben McLemore | Stanley Johnson | Marcus Smart
PIE top30,risk,3,upside_tools + defense + injury_medical,15,0.007911979093691393,0.0011961842938022,0.0,0.4666666666666667,0.5333333333333333,0.0,0.004863973450393303,0.0,0.0,C.J. Wilcox | Perry Jones III | Ziaire Williams | James Wiseman | Jaylen Brown
PIE available minutes weighted,risk,3,feel_iq_passing + upside_tools + size_frame,59,0.00796345805921974,0.0095810390118068,0.0,0.3728813559322034,0.6271186440677966,0.0,0.003244051380279638,0.0,0.0,Fab Melo | Isaiah Todd | Dante Exum | De'Andre Hunter | Kevin Knox II
PIE top15,risk,2,upside_tools + risk_uncertainty,21,0.007990627329335639,0.0113154851147843,0.0,0.38095238095238093,0.6190476190476191,0.0,0.004683386088258074,0.0,0.0,Andrew Wiggins | Ekpe Udoh | Ben McLemore | De'Andre Hunter | James Bouknight
PIE top15,risk,3,athleticism_tools + upside_tools + risk_uncertainty,21,0.007990627329335639,0.0113154851147843,0.0,0.38095238095238093,0.6190476190476191,0.0,0.004683386088258074,0.0,0.0,Andrew Wiggins | Ekpe Udoh | Ben McLemore | De'Andre Hunter | James Bouknight
PIE top30,risk,3,shooting + finishing_touch + risk_uncertainty,32,0.007996596835436885,0.01253484449852365,0.0,0.34375,0.65625,0.0,0.004948591192138795,0.0,0.0,Fab Melo | Joshua Primo | Ekpe Udoh | Stanley Johnson | Blake Wesley
PIE top30,risk,2,upside_tools + injury_medical,18,0.008017041513514305,0.0025583860125339,0.0,0.4444444444444444,0.5555555555555556,0.0,0.004969035870216215,0.0,0.0,C.J. Wilcox | Perry Jones III | Ziaire Williams | Quincy Miller | James Wiseman
PIE top30,risk,3,shooting + upside_tools + injury_medical,18,0.008017041513514305,0.0025583860125339,0.0,0.4444444444444444,0.5555555555555556,0.0,0.004969035870216215,0.0,0.0,C.J. Wilcox | Perry Jones III | Ziaire Williams | Quincy Miller | James Wiseman
PIE available minutes weighted,risk,3,upside_tools + motor_competitiveness + injury_medical,16,0.008023962550773362,0.0062558347042932505,0.0,0.4375,0.5625,0.0,0.00330455587183326,0.0,0.0,Zhou Qi | Perry Jones III | Ziaire Williams | James Wiseman | Jaylen Brown
PIE top15,risk,2,athleticism_tools + size_frame,74,0.008070663127913632,0.01059281451335875,0.0,0.3108108108108108,0.6891891891891891,0.0,0.004763421886836067,0.0,0.0,Anthony Bennett | Dante Exum | Johnny Davis | Jarrett Culver | Frank Ntilikina
PIE available minutes weighted,risk,3,shooting + finishing_touch + injury_medical,19,0.008100003655428284,0.0039936903784493,0.0,0.3684210526315789,0.631578947368421,0.0,0.0033805969764881824,0.0,0.0,Victor Claver | Romeo Langford | Aaron Nesmith | James Wiseman | Daniel Orton
PIE available minutes weighted,risk,3,production_stats + injury_medical + risk_uncertainty,22,0.008106182186905325,0.0123932657088053,0.0,0.4090909090909091,0.5909090909090909,0.0,0.0033867755079652227,0.0,0.0,Zhou Qi | Victor Claver | Kris Dunn | Aaron Nesmith | Perry Jones III
PIE top30,risk,3,upside_tools + size_frame + risk_uncertainty,18,0.00811498473237009,0.00761803642302495,0.0,0.3333333333333333,0.6666666666666666,0.0,0.005066979089072001,0.0,0.0,Fab Melo | De'Andre Hunter | Ziaire Williams | James Wiseman | Jaden McDaniels
PIE available minutes weighted,risk,3,athleticism_tools + upside_tools + risk_uncertainty,54,0.008121626898037132,0.0046389580125118495,0.0,0.4074074074074074,0.5925925925925926,0.0,0.0034022202190970305,0.0,0.0,Fab Melo | Zhou Qi | Malachi Richardson | Andrew Wiggins | Ekpe Udoh
PIE top30,risk,3,feel_iq_passing + motor_competitiveness + size_frame,73,0.008128039617014702,0.0061880249838965,0.0,0.3561643835616438,0.6438356164383562,0.0,0.005080033973716612,0.0,0.0,Fab Melo | Dante Exum | Jan Vesely | Kevin Knox II | Cleanthony Early
PIE top15,risk,3,feel_iq_passing + shooting + size_frame,50,0.008167348105997632,0.01081109684844355,0.0,0.3,0.7,0.0,0.004860106864920067,0.0,0.0,Dante Exum | Johnny Davis | Frank Ntilikina | Jan Vesely | De'Andre Hunter
PIE top30,risk,3,defense + motor_competitiveness + injury_medical,29,0.008204451518176873,0.0058181917136046,0.0,0.41379310344827586,0.5862068965517241,0.0,0.005156445874878783,0.0,0.0,Anthony Bennett | Glen Rice | Romeo Langford | Perry Jones III | Ziaire Williams
PIE available minutes weighted,risk,3,upside_tools + motor_competitiveness + risk_uncertainty,31,0.008208190927348891,0.0053573282937581,0.0,0.45161290322580644,0.5483870967741935,0.0,0.003488784248408789,0.0,0.0,Fab Melo | Zhou Qi | Andrew Wiggins | Ekpe Udoh | Ben McLemore
PIE available minutes weighted,risk,3,athleticism_tools + upside_tools + injury_medical,24,0.008242309408992744,0.0076545877466168005,0.0,0.375,0.625,0.0,0.003522902730052642,0.0,0.0,Zhou Qi | Perry Jones III | Ziaire Williams | Quincy Miller | James Wiseman
PIE top30,risk,3,feel_iq_passing + size_frame + risk_uncertainty,26,0.008248769026549465,0.01197853400473,0.0,0.38461538461538464,0.6153846153846154,0.0,0.005200763383251376,0.0,0.0,Fab Melo | De'Andre Hunter | Marcus Smart | Ziaire Williams | James Wiseman
PIE top15,risk,2,shooting + size_frame,65,0.00828210557542094,0.0103067085821028,0.0,0.3076923076923077,0.6923076923076923,0.0,0.004974864334343375,0.0,0.0,Dante Exum | Johnny Davis | Jarrett Culver | Frank Ntilikina | Jan Vesely
PIE top15,risk,3,shooting + athleticism_tools + size_frame,65,0.00828210557542094,0.0103067085821028,0.0,0.3076923076923077,0.6923076923076923,0.0,0.004974864334343375,0.0,0.0,Dante Exum | Johnny Davis | Jarrett Culver | Frank Ntilikina | Jan Vesely
PIE top15,risk,3,feel_iq_passing + defense + size_frame,44,0.0082886175263486,0.01081109684844355,0.0,0.3181818181818182,0.6818181818181818,0.0,0.004981376285271035,0.0,0.0,Dante Exum | Frank Ntilikina | Jan Vesely | Kevin Knox II | Mario Hezonja
PIE top30,risk,3,feel_iq_passing + injury_medical + risk_uncertainty,19,0.00830812801200271,0.0051246903788358,0.0,0.42105263157894735,0.5789473684210527,0.0,0.00526012236870462,0.0,0.0,Kris Dunn | Aaron Nesmith | Perry Jones III | Ziaire Williams | Quincy Miller
PIE top30,risk,3,feel_iq_passing + finishing_touch + risk_uncertainty,27,0.008320236732011946,0.0126415828946757,0.0,0.37037037037037035,0.6296296296296297,0.0,0.005272231088713856,0.0,0.0,Fab Melo | Joshua Primo | Ekpe Udoh | Stanley Johnson | Aaron Nesmith
xRAPM historical top30,risk,3,shooting + motor_competitiveness + size_frame,88,0.008355059738544647,-0.052585978835978646,0.36363636363636365,0.5113636363636364,0.48863636363636365,0.3409090909090909,-0.0720755680569409,0.04274084124830396,0.010063319764812284,James Wiseman | Kevin Knox II | Jonny Flynn | Fab Melo | Justin Patton
PIE top15,risk,3,feel_iq_passing + motor_competitiveness + risk_uncertainty,21,0.008362963475457017,0.0134710463028263,0.0,0.3333333333333333,0.6666666666666666,0.0,0.005055722234379452,0.0,0.0,Andrew Wiggins | Ekpe Udoh | Ben McLemore | Stanley Johnson | Marcus Smart
PIE top15,risk,2,upside_tools + size_frame,26,0.008385257085067311,0.0069138129783404,0.0,0.34615384615384615,0.6538461538461539,0.0,0.005078015843989746,0.0,0.0,Dante Exum | De'Andre Hunter | Kevin Knox II | James Wiseman | Otto Porter Jr.
PIE top15,risk,3,athleticism_tools + upside_tools + size_frame,26,0.008385257085067311,0.0069138129783404,0.0,0.34615384615384615,0.6538461538461539,0.0,0.005078015843989746,0.0,0.0,Dante Exum | De'Andre Hunter | Kevin Knox II | James Wiseman | Otto Porter Jr.
PIE top15,risk,2,feel_iq_passing + risk_uncertainty,33,0.008436967439945318,0.0124281061023716,0.0,0.36363636363636365,0.6363636363636364,0.0,0.005129726198867753,0.0,0.0,Andrew Wiggins | Ekpe Udoh | Ben McLemore | De'Andre Hunter | James Bouknight
PIE available minutes weighted,risk,3,feel_iq_passing + size_frame + injury_medical,24,0.0084774372976585,0.00856683841419445,0.0,0.3333333333333333,0.6666666666666666,0.0,0.0037580306187183976,0.0,0.0,Johnny Davis | Victor Claver | Ziaire Williams | James Wiseman | Mfiondu Kabengele
PIE top30,risk,3,defense + size_frame + risk_uncertainty,28,0.00848141037078575,0.00822008774681005,0.0,0.35714285714285715,0.6428571428571429,0.0,0.00543340472748766,0.0,0.0,Fab Melo | Marcus Smart | Ziaire Williams | James Wiseman | Justin Jackson
PIE top15,risk,2,shooting + risk_uncertainty,37,0.008497709703976241,0.0113154851147843,0.0,0.35135135135135137,0.6486486486486487,0.0,0.005190468462898676,0.0,0.0,Ekpe Udoh | Ben McLemore | De'Andre Hunter | James Bouknight | Stanley Johnson
PIE top30,risk,2,motor_competitiveness + injury_medical,32,0.008517258800308944,0.00834855607910965,0.0,0.40625,0.59375,0.0,0.005469253157010854,0.0,0.0,Anthony Bennett | Glen Rice | Romeo Langford | Perry Jones III | Ziaire Williams
PIE top30,risk,3,athleticism_tools + motor_competitiveness + injury_medical,32,0.008517258800308944,0.00834855607910965,0.0,0.40625,0.59375,0.0,0.005469253157010854,0.0,0.0,Anthony Bennett | Glen Rice | Romeo Langford | Perry Jones III | Ziaire Williams
PIE top30,risk,3,finishing_touch + upside_tools + risk_uncertainty,19,0.008527246548104965,0.0126415828946757,0.0,0.3157894736842105,0.6842105263157895,0.0,0.005479240904806875,0.0,0.0,Fab Melo | Ekpe Udoh | Blake Wesley | James Wiseman | Jaden McDaniels
PIE available minutes weighted,risk,3,creation_handle + defense + injury_medical,13,0.00854232880054873,0.0051246903788358,0.0,0.38461538461538464,0.6153846153846154,0.0,0.003822922121608628,0.0,0.0,Kris Dunn | Aaron Nesmith | Jaylen Brown | Cody Zeller | Alex Len
PIE top30,risk,3,creation_handle + defense + injury_medical,13,0.00854232880054873,0.0051246903788358,0.0,0.38461538461538464,0.6153846153846154,0.0,0.00549432315725064,0.0,0.0,Kris Dunn | Aaron Nesmith | Jaylen Brown | Cody Zeller | Alex Len
PIE available minutes weighted,risk,3,feel_iq_passing + upside_tools + injury_medical,19,0.008599317703607012,0.0039936903784493,0.0,0.3684210526315789,0.631578947368421,0.0,0.00387991102466691,0.0,0.0,Perry Jones III | Ziaire Williams | Quincy Miller | James Wiseman | Kevin Seraphin
PIE top30,risk,3,feel_iq_passing + finishing_touch + size_frame,44,0.008637194202511862,0.0063056606543459,0.0,0.3409090909090909,0.6590909090909091,0.0,0.005589188559213773,0.0,0.0,Fab Melo | Dante Exum | Frank Ntilikina | Jan Vesely | Kevin Knox II
PIE top15,risk,3,finishing_touch + upside_tools + size_frame,15,0.008645561483286454,0.0041893281183726,0.0,0.4,0.6,0.0,0.005338320242208889,0.0,0.0,Dante Exum | Kevin Knox II | James Wiseman | Jonathan Isaac | Tristan Thompson
PIE top30,risk,3,athleticism_tools + motor_competitiveness + size_frame,102,0.008666335102703366,0.00852765008607615,0.0,0.37254901960784315,0.6274509803921569,0.0,0.005618329459405276,0.0,0.0,Fab Melo | Anthony Bennett | Dante Exum | Jarrett Culver | Jan Vesely
PIE top30,risk,3,shooting + motor_competitiveness + risk_uncertainty,44,0.008685543337941066,0.01187179560857795,0.0,0.38636363636363635,0.6136363636363636,0.0,0.005637537694642977,0.0,0.0,Fab Melo | Ekpe Udoh | Ben McLemore | Stanley Johnson | Marcus Smart
PIE top15,risk,3,feel_iq_passing + shooting + risk_uncertainty,30,0.008705785724768789,0.0121265309251365,0.0,0.36666666666666664,0.6333333333333333,0.0,0.005398544483691224,0.0,0.0,Ekpe Udoh | Ben McLemore | De'Andre Hunter | James Bouknight | Stanley Johnson
PIE top15,risk,3,upside_tools + motor_competitiveness + size_frame,21,0.008715888148068167,0.0096382978383082,0.0,0.38095238095238093,0.6190476190476191,0.0,0.005408646906990602,0.0,0.0,Dante Exum | Kevin Knox II | James Wiseman | Otto Porter Jr. | Jonathan Isaac
PIE available minutes weighted,risk,3,shooting + injury_medical + risk_uncertainty,31,0.008736677254964203,0.0134710463028263,0.0,0.3870967741935484,0.6129032258064516,0.0,0.004017270576024101,0.0,0.0,Zhou Qi | Victor Claver | C.J. Wilcox | Kris Dunn | Aaron Nesmith
PIE available minutes weighted,risk,3,finishing_touch + upside_tools + defense,59,0.00880095257440849,0.0058285445309704,0.0,0.3898305084745763,0.6101694915254238,0.0,0.0040815458954683885,0.0,0.0,Fab Melo | Diamond Stone | Isaiah Todd | Dante Exum | Isaac Okoro
PIE available minutes weighted,risk,3,shooting + upside_tools + risk_uncertainty,52,0.00880541363512328,0.006204736843282399,0.0,0.4230769230769231,0.5769230769230769,0.0,0.004086006956183178,0.0,0.0,Fab Melo | Zhou Qi | Malachi Richardson | Ekpe Udoh | Ben McLemore
PIE top15,risk,2,feel_iq_passing + size_frame,55,0.008806182614111261,0.0113154851147843,0.0,0.2909090909090909,0.7090909090909091,0.0,0.005498941373033696,0.0,0.0,Dante Exum | Johnny Davis | Frank Ntilikina | Jan Vesely | De'Andre Hunter
PIE top15,risk,3,feel_iq_passing + athleticism_tools + size_frame,55,0.008806182614111261,0.0113154851147843,0.0,0.2909090909090909,0.7090909090909091,0.0,0.005498941373033696,0.0,0.0,Dante Exum | Johnny Davis | Frank Ntilikina | Jan Vesely | De'Andre Hunter
PIE top15,risk,2,motor_competitiveness + size_frame,52,0.008853960218762927,0.0110972027796995,0.0,0.3076923076923077,0.6923076923076923,0.0,0.005546718977685362,0.0,0.0,Anthony Bennett | Dante Exum | Jarrett Culver | Jan Vesely | Kevin Knox II
PIE top15,risk,3,athleticism_tools + motor_competitiveness + size_frame,52,0.008853960218762927,0.0110972027796995,0.0,0.3076923076923077,0.6923076923076923,0.0,0.005546718977685362,0.0,0.0,Anthony Bennett | Dante Exum | Jarrett Culver | Jan Vesely | Kevin Knox II
PIE available minutes weighted,risk,3,defense + injury_medical + risk_uncertainty,24,0.008879615150707284,0.0123932657088053,0.0,0.375,0.625,0.0,0.004160208471767182,0.0,0.0,Zhou Qi | Victor Claver | C.J. Wilcox | Kris Dunn | Aaron Nesmith
PIE top30,risk,3,shooting + motor_competitiveness + size_frame,90,0.00893540982317428,0.00852765008607615,0.0,0.36666666666666664,0.6333333333333333,0.0,0.005887404179876191,0.0,0.0,Fab Melo | Dante Exum | Jarrett Culver | Jan Vesely | KZ Okpala
PIE top15,risk,3,shooting + upside_tools + size_frame,25,0.008957171701190892,0.0096382978383082,0.0,0.32,0.68,0.0,0.005649930460113327,0.0,0.0,Dante Exum | De'Andre Hunter | Kevin Knox II | James Wiseman | Otto Porter Jr.
PIE available minutes weighted,risk,3,feel_iq_passing + finishing_touch + upside_tools,55,0.008960377444151202,0.0058285445309704,0.0,0.38181818181818183,0.6181818181818182,0.0,0.0042409707652111,0.0,0.0,Fab Melo | Hasheem Thabeet | Isaiah Todd | Dante Exum | Isaac Okoro
PIE available minutes weighted,risk,3,shooting + size_frame + injury_medical,28,0.008981189896989402,0.0123932657088053,0.0,0.32142857142857145,0.6785714285714286,0.0,0.0042617832180493,0.0,0.0,Zhou Qi | Johnny Davis | Victor Claver | Ziaire Williams | James Wiseman
PIE top15,risk,3,feel_iq_passing + athleticism_tools + risk_uncertainty,31,0.008997151917366053,0.0134710463028263,0.0,0.3548387096774194,0.6451612903225806,0.0,0.005689910676288488,0.0,0.0,Andrew Wiggins | Ekpe Udoh | Ben McLemore | De'Andre Hunter | James Bouknight
PIE top15,risk,2,athleticism_tools + risk_uncertainty,37,0.009033865724217903,0.0124281061023716,0.0,0.32432432432432434,0.6756756756756757,0.0,0.005726624483140338,0.0,0.0,Andrew Wiggins | Ekpe Udoh | Ben McLemore | De'Andre Hunter | James Bouknight
PIE available minutes weighted,risk,3,shooting + motor_competitiveness + injury_medical,35,0.009060912402138716,0.0113154851147843,0.0,0.4,0.6,0.0,0.004341505723198614,0.0,0.0,Zhou Qi | Glen Rice | Victor Claver | Romeo Langford | Perry Jones III
PIE top15,risk,3,motor_competitiveness + size_frame + production_stats,25,0.009075125540707843,0.0113154851147843,0.0,0.36,0.64,0.0,0.005767884299630278,0.0,0.0,Dante Exum | Jan Vesely | Kevin Knox II | Marcus Smart | James Wiseman
PIE top30,risk,2,motor_competitiveness + size_frame,103,0.009078912144498229,0.0096382978383082,0.0,0.36893203883495146,0.6310679611650486,0.0,0.0060309065012001395,0.0,0.0,Fab Melo | Anthony Bennett | Dante Exum | Jarrett Culver | Jan Vesely
PIE top15,risk,2,finishing_touch + size_frame,34,0.009226649576110373,0.007534124281493649,0.0,0.35294117647058826,0.6470588235294118,0.0,0.005919408335032808,0.0,0.0,Dante Exum | Frank Ntilikina | Jan Vesely | Kevin Knox II | Marcus Smart
PIE top15,risk,3,finishing_touch + athleticism_tools + size_frame,34,0.009226649576110373,0.007534124281493649,0.0,0.35294117647058826,0.6470588235294118,0.0,0.005919408335032808,0.0,0.0,Dante Exum | Frank Ntilikina | Jan Vesely | Kevin Knox II | Marcus Smart
PIE available minutes weighted,risk,3,creation_handle + production_stats + injury_medical,11,0.00925822591102111,0.0058181917136046,0.0,0.36363636363636365,0.6363636363636364,0.0,0.0045388192320810076,0.0,0.0,Kris Dunn | Aaron Nesmith | Cody Zeller | OG Anunoby | Arnett Moultrie
PIE available minutes weighted,risk,3,feel_iq_passing + injury_medical + risk_uncertainty,25,0.00926657689299448,0.0113154851147843,0.0,0.4,0.6,0.0,0.004547170214054379,0.0,0.0,Victor Claver | Kris Dunn | Aaron Nesmith | Perry Jones III | Ziaire Williams
PIE available minutes weighted,risk,3,size_frame + production_stats + injury_medical,18,0.009275422390323036,0.0123932657088053,0.0,0.2777777777777778,0.7222222222222222,0.0,0.004556015711382934,0.0,0.0,Zhou Qi | Victor Claver | Ziaire Williams | James Wiseman | Guerschon Yabusele
PIE top15,risk,3,shooting + athleticism_tools + risk_uncertainty,34,0.009323725824145021,0.01187179560857795,0.0,0.3235294117647059,0.6764705882352942,0.0,0.006016484583067456,0.0,0.0,Ekpe Udoh | Ben McLemore | De'Andre Hunter | James Bouknight | Stanley Johnson
PIE top15,risk,3,feel_iq_passing + shooting + injury_medical,15,0.009370427611224086,0.0134710463028263,0.0,0.3333333333333333,0.6666666666666666,0.0,0.006063186370146521,0.0,0.0,Johnny Davis | Kris Dunn | James Wiseman | Alex Len | Gary Harris
PIE top30,risk,3,motor_competitiveness + production_stats + injury_medical,17,0.009371834561690216,0.0058181917136046,0.0,0.4117647058823529,0.5882352941176471,0.0,0.006323828918392126,0.0,0.0,Romeo Langford | Perry Jones III | Ziaire Williams | James Wiseman | Guerschon Yabusele
PIE top15,risk,3,motor_competitiveness + production_stats + risk_uncertainty,14,0.009391147973538289,0.0123932657088053,0.0,0.35714285714285715,0.6428571428571429,0.0,0.006083906732460724,0.0,0.0,Andrew Wiggins | Stanley Johnson | Marcus Smart | James Wiseman | Nassir Little
PIE top15,risk,3,shooting + motor_competitiveness + risk_uncertainty,23,0.009439972166393048,0.0124281061023716,0.0,0.30434782608695654,0.6956521739130435,0.0,0.006132730925315483,0.0,0.0,Ekpe Udoh | Ben McLemore | Stanley Johnson | Marcus Smart | James Wiseman
PIE top15,risk,3,upside_tools + motor_competitiveness + risk_uncertainty,14,0.00947470572298535,0.0132595710597757,0.0,0.35714285714285715,0.6428571428571429,0.0,0.0061674644819077855,0.0,0.0,Andrew Wiggins | Ekpe Udoh | Ben McLemore | James Wiseman | Nassir Little
PIE top15,risk,3,finishing_touch + motor_competitiveness + size_frame,26,0.009559762385174008,0.007534124281493649,0.0,0.34615384615384615,0.6538461538461539,0.0,0.006252521144096444,0.0,0.0,Dante Exum | Jan Vesely | Kevin Knox II | Marcus Smart | James Wiseman
PIE top30,risk,3,motor_competitiveness + size_frame + risk_uncertainty,25,0.009577474077457524,0.0126415828946757,0.0,0.36,0.64,0.0,0.006529468434159434,0.0,0.0,Fab Melo | Marcus Smart | Ziaire Williams | James Wiseman | Justin Jackson
PIE top30,risk,3,upside_tools + injury_medical + risk_uncertainty,14,0.009605086294457088,0.00761803642302495,0.0,0.42857142857142855,0.5714285714285714,0.0,0.006557080651158998,0.0,0.0,C.J. Wilcox | Perry Jones III | Ziaire Williams | Quincy Miller | James Wiseman
PIE available minutes weighted,risk,2,injury_medical + risk_uncertainty,32,0.009639316510277003,0.0136275056505336,0.0,0.375,0.625,0.0,0.004919909831336901,0.0,0.0,Zhou Qi | Victor Claver | C.J. Wilcox | Kris Dunn | Aaron Nesmith
PIE top30,risk,3,athleticism_tools + upside_tools + injury_medical,17,0.009690507997435406,0.0039205877312656,0.0,0.4117647058823529,0.5882352941176471,0.0,0.0066425023541373165,0.0,0.0,Perry Jones III | Ziaire Williams | Quincy Miller | James Wiseman | Jaylen Brown
PIE top15,risk,3,feel_iq_passing + upside_tools + size_frame,21,0.009832927373635347,0.0113154851147843,0.0,0.23809523809523808,0.7619047619047619,0.0,0.006525686132557782,0.0,0.0,Dante Exum | De'Andre Hunter | Kevin Knox II | James Wiseman | Otto Porter Jr.
PIE top30,risk,3,finishing_touch + motor_competitiveness + size_frame,48,0.009923108824698488,0.01080414764139255,0.0,0.3333333333333333,0.6666666666666666,0.0,0.006875103181400399,0.0,0.0,Fab Melo | Dante Exum | Jan Vesely | Kevin Knox II | Justin Patton
PIE top30,risk,3,creation_handle + size_frame + injury_medical,10,0.00993703995670091,0.00834855607910965,0.0,0.2,0.8,0.0,0.00688903431340282,0.0,0.0,Johnny Davis | Alex Len | Arnett Moultrie | Tim Hardaway Jr. | Patrick Baldwin Jr.
PIE top30,risk,3,finishing_touch + motor_competitiveness + injury_medical,13,0.009960541172426254,0.0058181917136046,0.0,0.38461538461538464,0.6153846153846154,0.0,0.006912535529128164,0.0,0.0,Romeo Langford | James Wiseman | Cody Zeller | Dzanan Musa | Gary Harris
PIE top15,risk,3,defense + size_frame + injury_medical,11,0.0099623251585264,0.0134710463028263,0.0,0.2727272727272727,0.7272727272727273,0.0,0.006655083917448835,0.0,0.0,Anthony Bennett | James Wiseman | Alex Len | Kyrie Irving | Jaxson Hayes
PIE top30,risk,3,defense + size_frame + injury_medical,20,0.01005022452428339,0.00856683841419445,0.0,0.3,0.7,0.0,0.0070022188809853,0.0,0.0,Anthony Bennett | Ziaire Williams | James Wiseman | Guerschon Yabusele | Alex Len
PIE top30,risk,3,shooting + injury_medical + risk_uncertainty,23,0.010064798194569072,0.0113154851147843,0.0,0.391304347826087,0.6086956521739131,0.0,0.007016792551270983,0.0,0.0,C.J. Wilcox | Kris Dunn | Aaron Nesmith | Perry Jones III | Ziaire Williams
PIE top30,risk,3,shooting + size_frame + injury_medical,21,0.010078785013806492,0.0058181917136046,0.0,0.3333333333333333,0.6666666666666666,0.0,0.007030779370508403,0.0,0.0,Johnny Davis | Ziaire Williams | James Wiseman | Mfiondu Kabengele | Guerschon Yabusele
PIE top15,risk,3,feel_iq_passing + motor_competitiveness + size_frame,37,0.01013942427549385,0.0113431937666461,0.0,0.2702702702702703,0.7297297297297297,0.0,0.006832183034416284,0.0,0.0,Dante Exum | Jan Vesely | Kevin Knox II | Mario Hezonja | Marcus Smart
PIE top15,risk,2,feel_iq_passing + injury_medical,17,0.010147988185833005,0.0134710463028263,0.0,0.35294117647058826,0.6470588235294118,0.0,0.0068407469447554405,0.0,0.0,Johnny Davis | Kris Dunn | James Wiseman | Cody Zeller | Alex Len
PIE top15,risk,3,feel_iq_passing + athleticism_tools + injury_medical,17,0.010147988185833005,0.0134710463028263,0.0,0.35294117647058826,0.6470588235294118,0.0,0.0068407469447554405,0.0,0.0,Johnny Davis | Kris Dunn | James Wiseman | Cody Zeller | Alex Len
PIE available minutes weighted,risk,3,athleticism_tools + injury_medical + risk_uncertainty,30,0.010179052238557942,0.0136275056505336,0.0,0.36666666666666664,0.6333333333333333,0.0,0.00545964555961784,0.0,0.0,Zhou Qi | Victor Claver | Kris Dunn | Aaron Nesmith | Perry Jones III
PIE top15,risk,2,athleticism_tools + injury_medical,23,0.01027043363121824,0.0134710463028263,0.0,0.34782608695652173,0.6521739130434783,0.0,0.006963192390140675,0.0,0.0,Anthony Bennett | Johnny Davis | Kris Dunn | James Wiseman | Jaylen Brown
PIE top15,risk,3,shooting + motor_competitiveness + size_frame,45,0.010356328651064261,0.0113431937666461,0.0,0.28888888888888886,0.7111111111111111,0.0,0.007049087409986696,0.0,0.0,Dante Exum | Jarrett Culver | Jan Vesely | Kevin Knox II | Mario Hezonja
PIE top15,risk,3,shooting + upside_tools + risk_uncertainty,20,0.010503113682300644,0.0132595710597757,0.0,0.35,0.65,0.0,0.00719587244122308,0.0,0.0,Ekpe Udoh | Ben McLemore | De'Andre Hunter | James Bouknight | James Wiseman
PIE top30,risk,3,motor_competitiveness + size_frame + injury_medical,18,0.010522577185387022,0.0110972027796995,0.0,0.2777777777777778,0.7222222222222222,0.0,0.007474571542088932,0.0,0.0,Anthony Bennett | Ziaire Williams | James Wiseman | Guerschon Yabusele | Dzanan Musa
xRAPM historical mature,risk,3,feel_iq_passing + finishing_touch + athleticism_tools,123,0.01110420683705024,-0.0289682539682538,0.34959349593495936,0.5121951219512195,0.4878048780487805,0.3008130081300813,-0.07640357238062606,0.008208632810965788,-0.02285848945445973,James Wiseman | Kevin Knox II | Craig Brackins | Fab Melo | Patrick Williams
PIE top30,risk,3,creation_handle + motor_competitiveness + injury_medical,11,0.011206716261429092,0.0058181917136046,0.0,0.2727272727272727,0.7272727272727273,0.0,0.008158710618131003,0.0,0.0,Jaylen Brown | Cody Zeller | Gary Harris | Arnett Moultrie | Tim Hardaway Jr.
PIE top30,risk,2,injury_medical + risk_uncertainty,24,0.011212978829169272,0.0123932657088053,0.0,0.375,0.625,0.0,0.008164973185871182,0.0,0.0,C.J. Wilcox | Kris Dunn | Aaron Nesmith | Perry Jones III | Ziaire Williams
xRAPM historical top30,risk,3,shooting + injury_medical + risk_uncertainty,23,0.01133236653541635,-0.0042063492063492,0.2608695652173913,0.5217391304347826,0.4782608695652174,0.21739130434782608,-0.0690982612600692,-0.06002595717066839,-0.11345446679645252,James Wiseman | Mfiondu Kabengele | Shabazz Muhammad | Kevin Seraphin | Harry Giles III
PIE top30,risk,3,shooting + motor_competitiveness + injury_medical,29,0.011338088136237068,0.0113154851147843,0.0,0.3793103448275862,0.6206896551724138,0.0,0.008290082492938979,0.0,0.0,Glen Rice | Romeo Langford | Perry Jones III | Ziaire Williams | James Wiseman
xRAPM historical mature,risk,2,motor_competitiveness + size_frame,136,0.01142425613706665,0.03032006245120985,0.38235294117647056,0.49264705882352944,0.5073529411764706,0.3602941176470588,-0.07608352308060964,0.040968078052476986,0.03662262006251776,James Wiseman | Anthony Bennett | Kevin Knox II | Jonny Flynn | Fab Melo
PIE top30,risk,3,production_stats + injury_medical + risk_uncertainty,16,0.011521584872235863,0.0123932657088053,0.0,0.375,0.625,0.0,0.008473579228937773,0.0,0.0,Kris Dunn | Aaron Nesmith | Perry Jones III | Ziaire Williams | Quincy Miller
PIE top15,risk,3,finishing_touch + motor_competitiveness + risk_uncertainty,13,0.011830441973638577,0.0124281061023716,0.0,0.3076923076923077,0.6923076923076923,0.0,0.008523200732561012,0.0,0.0,Ekpe Udoh | Stanley Johnson | Marcus Smart | James Wiseman | Rodney Hood
PIE top15,risk,3,feel_iq_passing + size_frame + injury_medical,11,0.011908509315630417,0.0134710463028263,0.0,0.2727272727272727,0.7272727272727273,0.0,0.008601268074552852,0.0,0.0,Johnny Davis | James Wiseman | Alex Len | Kyrie Irving | Jaxson Hayes
PIE top15,risk,3,shooting + size_frame + injury_medical,11,0.011908509315630417,0.0134710463028263,0.0,0.2727272727272727,0.7272727272727273,0.0,0.008601268074552852,0.0,0.0,Johnny Davis | James Wiseman | Alex Len | Kyrie Irving | Jaxson Hayes
PIE top15,risk,3,finishing_touch + defense + risk_uncertainty,15,0.012018744626988632,0.0039205877312656,0.0,0.3333333333333333,0.6666666666666666,0.0,0.008711503385911068,0.0,0.0,Ekpe Udoh | Stanley Johnson | Marcus Smart | James Wiseman | Harrison Barnes
PIE top15,risk,3,size_frame + production_stats + risk_uncertainty,10,0.012084110616992768,0.0123932657088053,0.0,0.3,0.7,0.0,0.008776869375915203,0.0,0.0,De'Andre Hunter | Marcus Smart | James Wiseman | Kyrie Irving | Jaxson Hayes
PIE available minutes weighted,risk,3,finishing_touch + size_frame + injury_medical,14,0.012211441875403971,0.00834855607910965,0.0,0.2857142857142857,0.7142857142857143,0.0,0.00749203519646387,0.0,0.0,Victor Claver | Stephen Zimmerman | James Wiseman | Dzanan Musa | Arnett Moultrie
PIE available minutes weighted,risk,3,size_frame + injury_medical + risk_uncertainty,19,0.012360815643103876,0.0140353487114225,0.0,0.2631578947368421,0.7368421052631579,0.0,0.007641408964163775,0.0,0.0,Zhou Qi | Victor Claver | Ziaire Williams | James Wiseman | Mfiondu Kabengele
PIE top30,risk,3,size_frame + production_stats + injury_medical,12,0.012414692298952984,0.00856683841419445,0.0,0.25,0.75,0.0,0.009366686655654894,0.0,0.0,Ziaire Williams | James Wiseman | Guerschon Yabusele | Arnett Moultrie | Kyrie Irving
PIE available minutes weighted,risk,3,creation_handle + motor_competitiveness + injury_medical,13,0.012493126370505583,0.0058181917136046,0.0,0.3076923076923077,0.6923076923076923,0.0,0.007773719691565481,0.0,0.0,Jaylen Brown | Cody Zeller | OG Anunoby | Gary Harris | Arnett Moultrie
PIE top30,risk,3,athleticism_tools + injury_medical + risk_uncertainty,23,0.012588842635356822,0.0134710463028263,0.0,0.34782608695652173,0.6521739130434783,0.0,0.009540836992058732,0.0,0.0,Kris Dunn | Aaron Nesmith | Perry Jones III | Ziaire Williams | Quincy Miller
PIE top30,risk,3,defense + injury_medical + risk_uncertainty,20,0.01271212309930258,0.0123932657088053,0.0,0.35,0.65,0.0,0.009664117456004491,0.0,0.0,C.J. Wilcox | Kris Dunn | Aaron Nesmith | Perry Jones III | Ziaire Williams
PIE top15,risk,2,defense + injury_medical,19,0.012718852976765678,0.0140353487114225,0.0,0.3157894736842105,0.6842105263157895,0.0,0.009411611735688113,0.0,0.0,Anthony Bennett | Kris Dunn | James Wiseman | Jaylen Brown | Cody Zeller
PIE top15,risk,3,athleticism_tools + defense + injury_medical,19,0.012718852976765678,0.0140353487114225,0.0,0.3157894736842105,0.6842105263157895,0.0,0.009411611735688113,0.0,0.0,Anthony Bennett | Kris Dunn | James Wiseman | Jaylen Brown | Cody Zeller
PIE available minutes weighted,risk,3,creation_handle + size_frame + injury_medical,11,0.012834301771558226,0.0108789204446147,0.0,0.18181818181818182,0.8181818181818182,0.0,0.008114895092618125,0.0,0.0,Johnny Davis | Alex Len | Arnett Moultrie | Tim Hardaway Jr. | Patrick Baldwin Jr.
PIE top30,risk,3,upside_tools + motor_competitiveness + injury_medical,13,0.01290114392630577,0.0113154851147843,0.0,0.38461538461538464,0.6153846153846154,0.0,0.00985313828300768,0.0,0.0,Perry Jones III | Ziaire Williams | James Wiseman | Jaylen Brown | Damian Jones
PIE available minutes weighted,risk,3,finishing_touch + upside_tools + risk_uncertainty,26,0.01301138632161125,0.013212773946458301,0.0,0.3076923076923077,0.6923076923076923,0.0,0.008291979642671147,0.0,0.0,Fab Melo | Ekpe Udoh | Blake Wesley | MarJon Beauchamp | James Wiseman
PIE top15,risk,2,motor_competitiveness + injury_medical,16,0.01306945394162432,0.0137531975071244,0.0,0.3125,0.6875,0.0,0.009762212700546755,0.0,0.0,Anthony Bennett | James Wiseman | Jaylen Brown | Cody Zeller | Gary Harris
PIE top15,risk,3,athleticism_tools + motor_competitiveness + injury_medical,16,0.01306945394162432,0.0137531975071244,0.0,0.3125,0.6875,0.0,0.009762212700546755,0.0,0.0,Anthony Bennett | James Wiseman | Jaylen Brown | Cody Zeller | Gary Harris
PIE available minutes weighted,risk,3,upside_tools + size_frame + risk_uncertainty,26,0.013143625957297763,0.0152323519332156,0.0,0.3076923076923077,0.6923076923076923,0.0,0.00842421927835766,0.0,0.0,Fab Melo | Zhou Qi | De'Andre Hunter | Ziaire Williams | MarJon Beauchamp
PIE available minutes weighted,risk,3,upside_tools + size_frame + injury_medical,13,0.013179053967506255,0.0178231209717555,0.0,0.23076923076923078,0.7692307692307693,0.0,0.008459647288566154,0.0,0.0,Zhou Qi | Ziaire Williams | James Wiseman | Arnett Moultrie | Kyrie Irving
PIE top15,risk,2,shooting + injury_medical,19,0.013413216549159711,0.0140353487114225,0.0,0.3157894736842105,0.6842105263157895,0.0,0.010105975308082146,0.0,0.0,Johnny Davis | Kris Dunn | James Wiseman | Jaylen Brown | Alex Len
PIE top15,risk,3,shooting + athleticism_tools + injury_medical,19,0.013413216549159711,0.0140353487114225,0.0,0.3157894736842105,0.6842105263157895,0.0,0.010105975308082146,0.0,0.0,Johnny Davis | Kris Dunn | James Wiseman | Jaylen Brown | Alex Len
PIE top15,risk,3,defense + motor_competitiveness + injury_medical,13,0.013422159652556323,0.0140353487114225,0.0,0.3076923076923077,0.6923076923076923,0.0,0.010114918411478758,0.0,0.0,Anthony Bennett | James Wiseman | Jaylen Brown | Cody Zeller | Jaxson Hayes
PIE available minutes weighted,risk,3,motor_competitiveness + injury_medical + risk_uncertainty,20,0.013545401503141208,0.0146195028580948,0.0,0.3,0.7,0.0,0.008825994824201107,0.0,0.0,Zhou Qi | Victor Claver | Perry Jones III | Ziaire Williams | James Wiseman
PIE top15,risk,2,finishing_touch + risk_uncertainty,17,0.013862115275817474,0.0124281061023716,0.0,0.29411764705882354,0.7058823529411765,0.0,0.01055487403473991,0.0,0.0,Ekpe Udoh | Stanley Johnson | Marcus Smart | James Wiseman | Harrison Barnes
PIE top15,risk,3,shooting + finishing_touch + risk_uncertainty,17,0.013862115275817474,0.0124281061023716,0.0,0.29411764705882354,0.7058823529411765,0.0,0.01055487403473991,0.0,0.0,Ekpe Udoh | Stanley Johnson | Marcus Smart | James Wiseman | Harrison Barnes
PIE top15,risk,3,finishing_touch + athleticism_tools + risk_uncertainty,17,0.013862115275817474,0.0124281061023716,0.0,0.29411764705882354,0.7058823529411765,0.0,0.01055487403473991,0.0,0.0,Ekpe Udoh | Stanley Johnson | Marcus Smart | James Wiseman | Harrison Barnes
xRAPM historical mature,risk,3,feel_iq_passing + finishing_touch + size_frame,58,0.013991088831542669,-0.0744021597710121,0.41379310344827586,0.5344827586206896,0.46551724137931033,0.3275862068965517,-0.07351669038613363,0.07240824032428228,0.003914709312010656,James Wiseman | Kevin Knox II | Fab Melo | Victor Claver | Vernon Carey Jr.
xRAPM historical top15,risk,3,feel_iq_passing + athleticism_tools + intel_consensus,10,0.01401723843659335,0.06910052910052909,0.3,0.5,0.5,0.3,-0.10073486937040868,0.002702702702702675,-0.05135135135135138,Patrick Williams | Andrew Wiggins | Ben McLemore | De'Andre Hunter | Dante Exum
PIE top15,risk,3,feel_iq_passing + defense + injury_medical,15,0.01430168503361875,0.0140353487114225,0.0,0.26666666666666666,0.7333333333333333,0.0,0.010994443792541185,0.0,0.0,Kris Dunn | James Wiseman | Cody Zeller | Alex Len | Kyrie Irving
PIE top15,risk,3,feel_iq_passing + finishing_touch + risk_uncertainty,14,0.014469470193032677,0.01975387707501255,0.0,0.35714285714285715,0.6428571428571429,0.0,0.011162228951955112,0.0,0.0,Ekpe Udoh | Stanley Johnson | Marcus Smart | James Wiseman | Harrison Barnes
PIE top30,risk,3,finishing_touch + size_frame + injury_medical,10,0.015024267149370399,0.00834855607910965,0.0,0.2,0.8,0.0,0.01197626150607231,0.0,0.0,James Wiseman | Dzanan Musa | Arnett Moultrie | Kyrie Irving | Patrick Baldwin Jr.
PIE top15,risk,3,feel_iq_passing + production_stats + injury_medical,11,0.015055235246319899,0.0134710463028263,0.0,0.2727272727272727,0.7272727272727273,0.0,0.011747994005242334,0.0,0.0,Kris Dunn | James Wiseman | Cody Zeller | Kyrie Irving | Jaxson Hayes
PIE top15,risk,3,athleticism_tools + production_stats + injury_medical,11,0.015055235246319899,0.0134710463028263,0.0,0.2727272727272727,0.7272727272727273,0.0,0.011747994005242334,0.0,0.0,Kris Dunn | James Wiseman | Cody Zeller | Kyrie Irving | Jaxson Hayes
PIE top15,risk,3,defense + production_stats + injury_medical,11,0.015055235246319899,0.0134710463028263,0.0,0.2727272727272727,0.7272727272727273,0.0,0.011747994005242334,0.0,0.0,Kris Dunn | James Wiseman | Cody Zeller | Kyrie Irving | Jaxson Hayes
xRAPM historical mature,risk,3,shooting + finishing_touch + size_frame,81,0.015235458148984712,-0.0042063492063492,0.38271604938271603,0.5061728395061729,0.49382716049382713,0.32098765432098764,-0.0722723210686916,0.04133118625872245,-0.0026838432635534204,James Wiseman | Kevin Knox II | Fab Melo | Justin Patton | Justin Harper
PIE top15,risk,3,shooting + injury_medical + risk_uncertainty,10,0.015334970003638801,0.0137531975071244,0.0,0.2,0.8,0.0,0.012027728762561236,0.0,0.0,Kris Dunn | James Wiseman | Kyrie Irving | Jaxson Hayes | Shabazz Muhammad
PIE top15,risk,3,feel_iq_passing + motor_competitiveness + injury_medical,11,0.015681614506541038,0.0140353487114225,0.0,0.2727272727272727,0.7272727272727273,0.0,0.012374373265463473,0.0,0.0,James Wiseman | Cody Zeller | Gary Harris | Jaxson Hayes | Shabazz Muhammad
PIE available minutes weighted,risk,3,finishing_touch + injury_medical + risk_uncertainty,11,0.01568610365956915,0.0208267620660153,0.0,0.2727272727272727,0.7272727272727273,0.0,0.010966696980629048,0.0,0.0,Victor Claver | Aaron Nesmith | James Wiseman | Kyrie Irving | Harry Giles III
PIE top15,risk,3,shooting + size_frame + risk_uncertainty,15,0.016063609082779286,0.0140353487114225,0.0,0.2,0.8,0.0,0.012756367841701722,0.0,0.0,De'Andre Hunter | Marcus Smart | James Wiseman | Rodney Hood | Kyrie Irving
xRAPM historical top30,risk,3,creation_handle + size_frame + production_stats,31,0.01634435784897405,-0.0289682539682538,0.3548387096774194,0.5161290322580645,0.4838709677419355,0.3548387096774194,-0.0640862699465115,0.03394318728935969,0.023992938533140773,Kevin Knox II | Bismack Biyombo | Shabazz Muhammad | Doug McDermott | Arnett Moultrie
xRAPM historical mature,risk,2,feel_iq_passing + athleticism_tools,346,0.016366117796006954,-0.19951219512195115,0.3699421965317919,0.5606936416184971,0.4393063583815029,0.3179190751445087,-0.07114166142166935,0.028557333407798313,-0.005752422440032379,James Wiseman | Kevin Knox II | Craig Brackins | Josh Christopher | Jonny Flynn
PIE top15,risk,2,size_frame + risk_uncertainty,16,0.016427403520113237,0.0179598343957725,0.0,0.1875,0.8125,0.0,0.013120162279035672,0.0,0.0,De'Andre Hunter | Marcus Smart | James Wiseman | Rodney Hood | Kyrie Irving
PIE top15,risk,3,athleticism_tools + size_frame + risk_uncertainty,16,0.016427403520113237,0.0179598343957725,0.0,0.1875,0.8125,0.0,0.013120162279035672,0.0,0.0,De'Andre Hunter | Marcus Smart | James Wiseman | Rodney Hood | Kyrie Irving
PIE top15,risk,3,feel_iq_passing + injury_medical + risk_uncertainty,10,0.01652785106013848,0.0137531975071244,0.0,0.2,0.8,0.0,0.013220609819060916,0.0,0.0,Kris Dunn | James Wiseman | Kyrie Irving | Jaxson Hayes | Shabazz Muhammad
PIE top15,risk,3,defense + injury_medical + risk_uncertainty,10,0.01652785106013848,0.0137531975071244,0.0,0.2,0.8,0.0,0.013220609819060916,0.0,0.0,Kris Dunn | James Wiseman | Kyrie Irving | Jaxson Hayes | Shabazz Muhammad
PIE top30,risk,3,size_frame + injury_medical + risk_uncertainty,13,0.01664285805355104,0.0134710463028263,0.0,0.23076923076923078,0.7692307692307693,0.0,0.013594852410252949,0.0,0.0,Ziaire Williams | James Wiseman | Mfiondu Kabengele | Kyrie Irving | Tim Hardaway Jr.
PIE top15,risk,3,defense + size_frame + risk_uncertainty,13,0.016925700039913547,0.0140353487114225,0.0,0.15384615384615385,0.8461538461538461,0.0,0.013618458798835982,0.0,0.0,Marcus Smart | James Wiseman | Rodney Hood | Kyrie Irving | Jaxson Hayes
PIE top15,risk,3,shooting + defense + injury_medical,16,0.0169480167449486,0.0146195028580948,0.0,0.25,0.75,0.0,0.013640775503871034,0.0,0.0,Kris Dunn | James Wiseman | Jaylen Brown | Alex Len | Kyrie Irving
PIE top15,risk,3,feel_iq_passing + size_frame + risk_uncertainty,15,0.017290628514551796,0.0218843200801225,0.0,0.2,0.8,0.0,0.013983387273474231,0.0,0.0,De'Andre Hunter | Marcus Smart | James Wiseman | Kyrie Irving | Jaxson Hayes
PIE top15,risk,3,athleticism_tools + injury_medical + risk_uncertainty,11,0.017360984860123798,0.0140353487114225,0.0,0.18181818181818182,0.8181818181818182,0.0,0.014053743619046233,0.0,0.0,Kris Dunn | James Wiseman | Kyrie Irving | Jaxson Hayes | Shabazz Muhammad
xRAPM historical mature,risk,3,finishing_touch + athleticism_tools + defense,156,0.01741464163518802,-0.016587301587301498,0.33974358974358976,0.5064102564102564,0.4935897435897436,0.28846153846153844,-0.07009313758248828,-0.0016412733804038182,-0.03520995912300262,James Wiseman | Kevin Knox II | Jahlil Okafor | Craig Brackins | Fab Melo
PIE top15,risk,3,finishing_touch + upside_tools + risk_uncertainty,10,0.017527967879810834,0.02638598545381525,0.0,0.3,0.7,0.0,0.014220726638733269,0.0,0.0,Ekpe Udoh | James Wiseman | Harrison Barnes | Kyrie Irving | Ed Davis
xRAPM historical top15,risk,3,defense + size_frame + production_stats,29,0.017560543603358944,0.1142063492063494,0.3448275862068966,0.4827586206896552,0.5172413793103449,0.41379310344827586,-0.09719156420364308,0.04753028890959926,0.062441752096924485,James Wiseman | Kevin Knox II | Marquese Chriss | Jabari Parker | Shabazz Muhammad
xRAPM historical top15,risk,3,athleticism_tools + defense + motor_competitiveness,72,0.01803573560003471,0.1406878306878307,0.3333333333333333,0.4722222222222222,0.5277777777777778,0.3333333333333333,-0.09671637220696731,0.036036036036036,-0.018018018018018056,James Wiseman | Anthony Bennett | Kevin Knox II | Jonny Flynn | Derrick Williams
PIE available minutes weighted,risk,3,finishing_touch + upside_tools + injury_medical,10,0.018169044288163842,0.01690506962598575,0.0,0.1,0.9,0.0,0.013449637609223741,0.0,0.0,James Wiseman | Arnett Moultrie | Kyrie Irving | Joe Harris | Harry Giles III
xRAPM historical top15,risk,2,shooting + finishing_touch,65,0.01963285399403865,0.1142063492063494,0.3076923076923077,0.4461538461538462,0.5538461538461539,0.3230769230769231,-0.09511925381296338,0.010395010395010396,-0.028274428274428276,James Wiseman | Kevin Knox II | Jahlil Okafor | Patrick Williams | Jalen Green
xRAPM historical top30,risk,3,shooting + finishing_touch + athleticism_tools,120,0.019634613798513487,0.08032006245120975,0.325,0.475,0.525,0.31666666666666665,-0.060796013996972056,0.004104477611940327,-0.014179104477611948,James Wiseman | Kevin Knox II | Jahlil Okafor | Craig Brackins | Fab Melo
PIE top15,risk,3,motor_competitiveness + size_frame + risk_uncertainty,13,0.02022738999564547,0.0218843200801225,0.0,0.15384615384615385,0.8461538461538461,0.0,0.016920148754567908,0.0,0.0,Marcus Smart | James Wiseman | Rodney Hood | Jaxson Hayes | Shabazz Muhammad
PIE top30,risk,3,motor_competitiveness + injury_medical + risk_uncertainty,15,0.020260076082786727,0.0152036570047671,0.0,0.2,0.8,0.0,0.017212070439488636,0.0,0.0,Perry Jones III | Ziaire Williams | James Wiseman | Tim Hardaway Jr. | Jaxson Hayes
PIE top15,risk,3,shooting + motor_competitiveness + injury_medical,13,0.020412579800536765,0.0152036570047671,0.0,0.23076923076923078,0.7692307692307693,0.0,0.017105338559459202,0.0,0.0,James Wiseman | Jaylen Brown | Gary Harris | Jaxson Hayes | Shabazz Muhammad
xRAPM historical mature,risk,3,feel_iq_passing + athleticism_tools + defense,262,0.021851071561068254,-0.18335185185185177,0.3816793893129771,0.5572519083969466,0.44274809160305345,0.30916030534351147,-0.06565670765660805,0.04029452618898355,-0.014511192241029591,James Wiseman | Kevin Knox II | Craig Brackins | Jonny Flynn | Fab Melo
xRAPM historical mature,risk,3,athleticism_tools + defense + risk_uncertainty,82,0.022232300957345387,-0.0351926054974834,0.35365853658536583,0.524390243902439,0.47560975609756095,0.2926829268292683,-0.06527547826033092,0.012273673461372259,-0.030988570755272782,James Wiseman | Fab Melo | Tyler Lydon | Victor Claver | James Bouknight
xRAPM historical top30,risk,2,feel_iq_passing + defense,190,0.02304723800182076,-0.0932194060419865,0.35789473684210527,0.531578947368421,0.46842105263157896,0.3105263157894737,-0.05738338979366478,0.03699921445404558,-0.020319455354804894,James Wiseman | Kevin Knox II | Craig Brackins | Jonny Flynn | Fab Melo
xRAPM historical top30,risk,3,feel_iq_passing + finishing_touch + injury_medical,12,0.025334229040931893,0.0550000000000001,0.3333333333333333,0.5,0.5,0.3333333333333333,-0.05509639875455365,0.01243781094527363,0.002487562189054715,James Wiseman | Arnett Moultrie | Harry Giles III | Dzanan Musa | Romeo Langford
xRAPM historical top15,risk,2,feel_iq_passing + athleticism_tools,110,0.02577633937968521,-0.016587301587301498,0.34545454545454546,0.509090909090909,0.4909090909090909,0.33636363636363636,-0.08897576842731682,0.048157248157248145,-0.014987714987715006,James Wiseman | Kevin Knox II | Jonny Flynn | Patrick Williams | Derrick Williams
xRAPM historical top30,risk,3,creation_handle + motor_competitiveness + size_frame,44,0.02677365671056897,0.03032006245120985,0.3181818181818182,0.4772727272727273,0.5227272727272727,0.3181818181818182,-0.05365697108491657,-0.0027137042062415073,-0.012663952962460423,Kevin Knox II | Jonny Flynn | Vernon Carey Jr. | Archie Goodwin | Bismack Biyombo
xRAPM historical top30,risk,3,shooting + finishing_touch + size_frame,52,0.027485994803438624,0.02813492063492055,0.40384615384615385,0.5,0.5,0.36538461538461536,-0.05294463299204692,0.08295063145809417,0.034538844240336763,James Wiseman | Kevin Knox II | Fab Melo | Justin Patton | Justin Harper
xRAPM historical mature,risk,2,finishing_touch + defense,157,0.027600707510931955,-0.0042063492063492,0.3375796178343949,0.5031847133757962,0.4968152866242038,0.2929936305732484,-0.05990707170674435,-0.003805245289598691,-0.03067786701129266,James Wiseman | Kevin Knox II | Jahlil Okafor | Craig Brackins | Fab Melo
xRAPM historical top30,risk,3,finishing_touch + upside_tools + risk_uncertainty,17,0.027932426569546497,0.1810317460317458,0.29411764705882354,0.47058823529411764,0.5294117647058824,0.23529411764705882,-0.05249820122593905,-0.026777875329236145,-0.09555165349721978,James Wiseman | Fab Melo | Julius Randle | Harry Giles III | Shane Larkin
xRAPM historical top30,risk,3,finishing_touch + production_stats + injury_medical,10,0.028304514002557467,0.0550000000000001,0.3,0.5,0.5,0.3,-0.05212611379292807,-0.020895522388059695,-0.03084577114427861,James Wiseman | Arnett Moultrie | Harry Giles III | Romeo Langford | Kyrie Irving
xRAPM historical mature,risk,3,creation_handle + finishing_touch + size_frame,43,0.028417763375508553,-0.1198360655737704,0.3953488372093023,0.5348837209302325,0.46511627906976744,0.3023255813953488,-0.05909001584216775,0.05396397408530873,-0.021345916189192238,Kevin Knox II | Justin Harper | Vernon Carey Jr. | Udoka Azubuike | Isaiah Todd
xRAPM historical mature,risk,3,shooting + athleticism_tools + risk_uncertainty,98,0.029041778936602057,-0.15130158730158724,0.32653061224489793,0.5510204081632653,0.4489795918367347,0.2857142857142857,-0.058466000281074244,-0.014854250879095643,-0.03795721187025536,James Wiseman | Royce White | Fab Melo | Tyler Lydon | Mfiondu Kabengele
xRAPM historical mature,risk,2,feel_iq_passing + risk_uncertainty,87,0.030760464656965514,-0.101155913978495,0.3448275862068966,0.5402298850574713,0.45977011494252873,0.28735632183908044,-0.05674731456071079,0.0034427230829029987,-0.036315175745460615,James Wiseman | Fab Melo | Tyler Lydon | Mfiondu Kabengele | Emmanuel Mudiay
xRAPM historical top30,risk,3,shooting + athleticism_tools + size_frame,131,0.031019330732312292,-0.0762037037037035,0.35877862595419846,0.5190839694656488,0.48091603053435117,0.366412213740458,-0.04941129706317325,0.037883103566138776,0.035566442596179415,James Wiseman | Kevin Knox II | Royce White | Jonny Flynn | Fab Melo
xRAPM historical top30,risk,3,motor_competitiveness + production_stats + risk_uncertainty,28,0.03136724985352696,-0.2584696200884725,0.35714285714285715,0.5357142857142857,0.4642857142857143,0.32142857142857145,-0.049063377941958586,0.03624733475479747,-0.009417199715707147,James Wiseman | Fab Melo | Bismack Biyombo | Shabazz Muhammad | Tyler Honeycutt
xRAPM historical mature,risk,2,athleticism_tools + risk_uncertainty,111,0.03281747737828436,-0.1995121951219514,0.34234234234234234,0.5585585585585585,0.44144144144144143,0.2882882882882883,-0.05469030183939194,0.0009574792183487668,-0.03538320929625277,James Wiseman | Royce White | Fab Melo | Tyler Lydon | Mfiondu Kabengele
xRAPM historical top30,risk,2,shooting + finishing_touch,122,0.033258762292925924,0.0924761471072945,0.319672131147541,0.4672131147540984,0.5327868852459017,0.319672131147541,-0.04717186550255962,-0.0012233912405186786,-0.011173639996737594,James Wiseman | Kevin Knox II | Jahlil Okafor | Craig Brackins | Fab Melo
xRAPM historical top30,risk,2,shooting + risk_uncertainty,75,0.03439146438028299,-0.0661788617886176,0.29333333333333333,0.5333333333333333,0.4666666666666667,0.26666666666666666,-0.046039163415202554,-0.02756218905472635,-0.06417910447761194,James Wiseman | Royce White | Fab Melo | Mfiondu Kabengele | Emmanuel Mudiay
xRAPM historical top30,risk,3,athleticism_tools + defense + size_frame,122,0.035323723752254135,-0.016587301587301498,0.3524590163934426,0.5081967213114754,0.4918032786885246,0.3442622950819672,-0.04510690404323141,0.03156349400538294,0.013416523937688607,James Wiseman | Anthony Bennett | Kevin Knox II | Jonny Flynn | Fab Melo
xRAPM historical top15,risk,3,feel_iq_passing + athleticism_tools + defense,85,0.0366481832374728,0.0001639344262294,0.32941176470588235,0.49411764705882355,0.5058823529411764,0.3058823529411765,-0.07810392456952922,0.032114467408585035,-0.04546899841017488,James Wiseman | Kevin Knox II | Jonny Flynn | Derrick Williams | Jalen Green
xRAPM historical top30,risk,2,shooting + size_frame,133,0.03701365734667111,-0.0762037037037035,0.3609022556390977,0.518796992481203,0.48120300751879697,0.3684210526315789,-0.043416970448814436,0.04000673325103804,0.03757528148730033,James Wiseman | Kevin Knox II | Royce White | Jonny Flynn | Fab Melo
xRAPM historical top15,risk,3,feel_iq_passing + finishing_touch + defense,35,0.03787787278963537,0.1142063492063494,0.2857142857142857,0.45714285714285713,0.5428571428571428,0.2857142857142857,-0.07687423501736665,-0.011583011583011615,-0.06563706563706567,James Wiseman | Kevin Knox II | Jalen Green | Marquese Chriss | RJ Barrett
xRAPM historical mature,risk,3,feel_iq_passing + defense + injury_medical,37,0.03872572268870125,-0.1748360655737706,0.3783783783783784,0.5405405405405406,0.4594594594594595,0.32432432432432434,-0.04878205652897505,0.03699351525438482,0.0006528267397832854,James Wiseman | Brice Johnson | Victor Claver | Demetrius Jackson | Rashad Vaughn
xRAPM historical mature,risk,3,defense + injury_medical + risk_uncertainty,24,0.042000882251970885,-0.2597089947089947,0.3333333333333333,0.5416666666666666,0.4583333333333333,0.25,-0.045506896965705416,-0.008051529790660261,-0.07367149758454106,James Wiseman | Victor Claver | Demetrius Jackson | Shabazz Muhammad | Kevin Seraphin
xRAPM historical top15,risk,2,production_stats + risk_uncertainty,20,0.04282969349382624,-0.06065476190476175,0.25,0.55,0.45,0.25,-0.07192241431317578,-0.047297297297297314,-0.10135135135135137,James Wiseman | Shabazz Muhammad | Marvin Bagley III | Julius Randle | Andrew Wiggins
xRAPM historical top15,risk,3,athleticism_tools + production_stats + risk_uncertainty,20,0.04282969349382624,-0.06065476190476175,0.25,0.55,0.45,0.25,-0.07192241431317578,-0.047297297297297314,-0.10135135135135137,James Wiseman | Shabazz Muhammad | Marvin Bagley III | Julius Randle | Andrew Wiggins
xRAPM historical mature,risk,3,feel_iq_passing + injury_medical + risk_uncertainty,26,0.043586438191144564,-0.11481922398589076,0.3076923076923077,0.5384615384615384,0.46153846153846156,0.2692307692307692,-0.04392134102653174,-0.03369255543168587,-0.05444072835377184,James Wiseman | Mfiondu Kabengele | Victor Claver | Demetrius Jackson | Shabazz Muhammad
xRAPM historical top15,risk,3,creation_handle + motor_competitiveness + size_frame,22,0.043700794550680454,0.0571851418162894,0.3181818181818182,0.45454545454545453,0.5454545454545454,0.36363636363636365,-0.07105131325632158,0.020884520884520863,0.012285012285012276,Kevin Knox II | Jonny Flynn | Shabazz Muhammad | Jarrett Culver | Tristan Thompson
xRAPM historical mature,risk,2,finishing_touch + size_frame,97,0.04441319378851596,-0.0042063492063492,0.38144329896907214,0.5051546391752577,0.4948453608247423,0.32989690721649484,-0.043094585429160344,0.040058435845078566,0.006225409631953782,James Wiseman | Kevin Knox II | Fab Melo | Justin Patton | Justin Harper
xRAPM historical mature,risk,3,finishing_touch + athleticism_tools + size_frame,97,0.04441319378851596,-0.0042063492063492,0.38144329896907214,0.5051546391752577,0.4948453608247423,0.32989690721649484,-0.043094585429160344,0.040058435845078566,0.006225409631953782,James Wiseman | Kevin Knox II | Fab Melo | Justin Patton | Justin Harper
xRAPM historical mature,risk,2,athleticism_tools + motor_competitiveness,274,0.044707680737907485,-0.1034005376344087,0.35766423357664234,0.5145985401459854,0.4854014598540146,0.34306569343065696,-0.04280009847976882,0.016279370452648767,0.019394195846115903,James Wiseman | Anthony Bennett | Kevin Knox II | Craig Brackins | Josh Jackson
xRAPM historical top30,risk,3,shooting + size_frame + risk_uncertainty,33,0.04549671633671359,0.0001639344262294,0.3333333333333333,0.48484848484848486,0.5151515151515151,0.36363636363636365,-0.034933911458771956,0.01243781094527363,0.03279059249208505,James Wiseman | Royce White | Fab Melo | Mfiondu Kabengele | Bismack Biyombo
xRAPM historical mature,risk,3,creation_handle + defense + risk_uncertainty,34,0.046084762593562,0.1096851418162894,0.3235294117647059,0.47058823529411764,0.5294117647058824,0.2647058823529412,-0.0414230166241143,-0.017855451359287677,-0.05896561523159988,Tyler Lydon | Bismack Biyombo | Thon Maker | Shabazz Muhammad | Arnoldas Kulboka
xRAPM historical top30,risk,2,feel_iq_passing + athleticism_tools,242,0.04661177035718713,-0.11137416794674836,0.3347107438016529,0.5330578512396694,0.4669421487603306,0.32644628099173556,-0.03381885743829841,0.013815221413593204,-0.00439949015254304,James Wiseman | Kevin Knox II | Craig Brackins | Jonny Flynn | Fab Melo
xRAPM historical mature,risk,2,shooting + athleticism_tools,482,0.046987314143685836,-0.16471335597057155,0.34439834024896265,0.5435684647302904,0.45643153526970953,0.31742738589211617,-0.040520465073990465,0.0030134771249690773,-0.006244111692424892,James Wiseman | Kevin Knox II | Jahlil Okafor | Craig Brackins | Josh Jackson
xRAPM historical top30,risk,3,feel_iq_passing + defense + size_frame,86,0.049828332037591065,-0.052585978835978646,0.3488372093023256,0.5232558139534884,0.47674418604651164,0.3372093023255814,-0.030602295757894478,0.027941686914265906,0.006363531181302784,James Wiseman | Kevin Knox II | Jonny Flynn | Fab Melo | Derrick Williams
xRAPM historical top15,risk,2,shooting + defense,121,0.04999931586639136,0.1001639344262292,0.3140495867768595,0.47107438016528924,0.5289256198347108,0.30578512396694213,-0.06475279194061068,0.0167522894795622,-0.04556622738440924,James Wiseman | Kevin Knox II | Jahlil Okafor | Jonny Flynn | Emmanuel Mudiay
xRAPM historical top30,risk,2,athleticism_tools + motor_competitiveness,197,0.05010134239799645,-0.0289682539682538,0.3350253807106599,0.5025380710659898,0.49746192893401014,0.350253807106599,-0.030329285397489095,0.01412985832260022,0.01940803596232038,James Wiseman | Anthony Bennett | Kevin Knox II | Craig Brackins | Josh Jackson
xRAPM historical top15,risk,2,shooting + motor_competitiveness,87,0.05199576441628601,0.0001639344262294,0.3333333333333333,0.4942528735632184,0.5057471264367817,0.3563218390804598,-0.06275634339071601,0.036036036036036,0.004970487729108408,James Wiseman | Kevin Knox II | Josh Jackson | Jonny Flynn | Patrick Williams
xRAPM historical top15,risk,2,athleticism_tools + defense,132,0.05207107487860783,0.1071851418162893,0.30303030303030304,0.4621212121212121,0.5378787878787878,0.30303030303030304,-0.06268103292839419,0.005733005733005725,-0.04832104832104833,James Wiseman | Anthony Bennett | Kevin Knox II | Jahlil Okafor | Jonny Flynn
xRAPM historical mature,risk,3,creation_handle + finishing_touch + motor_competitiveness,55,0.053110531811092064,0.1142063492063494,0.36363636363636365,0.4727272727272727,0.5272727272727272,0.34545454545454546,-0.03439724740658424,0.02225150051237007,0.0217830478700044,Kevin Knox II | Patrick Williams | Hasheem Thabeet | Vernon Carey Jr. | Udoka Azubuike
xRAPM historical top30,risk,2,defense + size_frame,123,0.05340073653716504,-0.0042063492063492,0.34959349593495936,0.5040650406504065,0.4959349593495935,0.34959349593495936,-0.027029891258320504,0.02869797354689968,0.018747724790680764,James Wiseman | Anthony Bennett | Kevin Knox II | Jonny Flynn | Fab Melo
xRAPM historical top30,risk,3,creation_handle + finishing_touch + motor_competitiveness,42,0.05421966360238637,0.1667063492063494,0.3333333333333333,0.4523809523809524,0.5476190476190477,0.35714285714285715,-0.026210964193099172,0.01243781094527363,0.02629708599857855,Kevin Knox II | Patrick Williams | Hasheem Thabeet | Vernon Carey Jr. | James Young
xRAPM historical mature,risk,3,shooting + motor_competitiveness + risk_uncertainty,60,0.05610507244342419,-0.10912954429083466,0.31666666666666665,0.5166666666666667,0.48333333333333334,0.3,-0.03140270677425211,-0.024718196457326924,-0.023671497584541068,James Wiseman | Fab Melo | Tyler Lydon | Victor Claver | Bismack Biyombo
xRAPM historical top30,risk,2,shooting + athleticism_tools,318,0.05775060783878825,-0.07849867724867704,0.3238993710691824,0.5251572327044025,0.4748427672955975,0.3238993710691824,-0.022680019956697293,0.0030038486811226894,-0.006946400075096226,James Wiseman | Kevin Knox II | Jahlil Okafor | Craig Brackins | Josh Jackson
xRAPM historical top30,risk,2,athleticism_tools + defense,276,0.05908374920667848,0.020597840228987647,0.3333333333333333,0.4963768115942029,0.5036231884057971,0.3115942028985507,-0.021346878588807065,0.01243781094527363,-0.01925156824572788,James Wiseman | Anthony Bennett | Kevin Knox II | Jahlil Okafor | Craig Brackins
xRAPM historical top30,risk,3,feel_iq_passing + athleticism_tools + defense,184,0.059719608969502874,-0.0575859788359787,0.3423913043478261,0.5217391304347826,0.4782608695652174,0.31521739130434784,-0.02071101882598267,0.021495781959766425,-0.01562837983993076,James Wiseman | Kevin Knox II | Craig Brackins | Jonny Flynn | Fab Melo
xRAPM historical top30,risk,2,production_stats + injury_medical,24,0.06201235611319552,0.0014855350742445502,0.2916666666666667,0.5,0.5,0.2916666666666667,-0.018418271682290023,-0.029228855721393,-0.039179104477611915,James Wiseman | Rashad Vaughn | Shabazz Muhammad | Arnett Moultrie | Damian Jones
xRAPM historical top30,risk,3,athleticism_tools + production_stats + injury_medical,24,0.06201235611319552,0.0014855350742445502,0.2916666666666667,0.5,0.5,0.2916666666666667,-0.018418271682290023,-0.029228855721393,-0.039179104477611915,James Wiseman | Rashad Vaughn | Shabazz Muhammad | Arnett Moultrie | Damian Jones
xRAPM historical mature,risk,3,finishing_touch + motor_competitiveness + risk_uncertainty,30,0.06230350436181779,0.20011904761904759,0.3,0.43333333333333335,0.5666666666666667,0.3,-0.025204274855858515,-0.04138486312399359,-0.023671497584541068,James Wiseman | Fab Melo | Victor Claver | Bismack Biyombo | Thon Maker
xRAPM historical top30,risk,3,shooting + size_frame + intel_consensus,10,0.0639745347636674,-0.21440215977101226,0.3,0.6,0.4,0.4,-0.016456093031818136,-0.020895522388059695,0.06915422885572142,Fab Melo | Arnett Moultrie | Jordan Adams | De'Andre Hunter | Justin Jackson
xRAPM historical top30,risk,3,athleticism_tools + size_frame + intel_consensus,10,0.0639745347636674,-0.21440215977101226,0.3,0.6,0.4,0.4,-0.016456093031818136,-0.020895522388059695,0.06915422885572142,Fab Melo | Arnett Moultrie | Jordan Adams | De'Andre Hunter | Justin Jackson
xRAPM historical mature,risk,3,motor_competitiveness + size_frame + risk_uncertainty,39,0.0665444766522287,0.2766269841269841,0.358974358974359,0.46153846153846156,0.5384615384615384,0.38461538461538464,-0.020963302565447595,0.0175894958503654,0.06094388703084358,James Wiseman | Fab Melo | Tyler Lydon | Victor Claver | Bismack Biyombo
xRAPM historical top30,risk,3,defense + production_stats + injury_medical,21,0.06746951752869498,-0.0042063492063492,0.2857142857142857,0.5238095238095238,0.47619047619047616,0.2857142857142857,-0.01296111026679056,-0.035181236673773986,-0.0451314854299929,James Wiseman | Rashad Vaughn | Shabazz Muhammad | Arnett Moultrie | Damian Jones
xRAPM historical mature,risk,2,athleticism_tools + defense,428,0.06959567096491624,-0.15266837826273,0.3574766355140187,0.530373831775701,0.4696261682242991,0.3060747663551402,-0.01791210825276006,0.016091772390025127,-0.017596731229400864,James Wiseman | Anthony Bennett | Kevin Knox II | Jahlil Okafor | Craig Brackins
xRAPM historical top15,risk,3,feel_iq_passing + production_stats + risk_uncertainty,19,0.07009502684674551,-0.0042063492063492,0.2631578947368421,0.5263157894736842,0.47368421052631576,0.2631578947368421,-0.044657080960256515,-0.03413940256045522,-0.08819345661450928,James Wiseman | Shabazz Muhammad | Marvin Bagley III | Julius Randle | Andrew Wiggins
xRAPM historical mature,risk,2,motor_competitiveness + risk_uncertainty,65,0.07093111014856303,-0.101155913978495,0.3230769230769231,0.5076923076923077,0.49230769230769234,0.3076923076923077,-0.016576669069113273,-0.01830794004707048,-0.015979189892233348,James Wiseman | Fab Melo | Tyler Lydon | Victor Claver | Bismack Biyombo
xRAPM historical mature,risk,3,creation_handle + upside_tools + risk_uncertainty,13,0.07178266834718428,-0.101155913978495,0.3076923076923077,0.5384615384615384,0.46153846153846156,0.15384615384615385,-0.015725110870492026,-0.03369255543168587,-0.1698253437383872,Malachi Richardson | Nico Mannion | Greg Brown III | Ben McLemore | Bol Bol
xRAPM historical top30,risk,2,size_frame + risk_uncertainty,36,0.07311515576015319,-0.0020212073900599,0.3333333333333333,0.5,0.5,0.3611111111111111,-0.007315472035332352,0.01243781094527363,0.030265339966832505,James Wiseman | Royce White | Fab Melo | Mfiondu Kabengele | Bismack Biyombo
xRAPM historical mature,risk,3,feel_iq_passing + athleticism_tools + risk_uncertainty,83,0.07424103147296508,-0.101155913978495,0.3373493975903614,0.5301204819277109,0.46987951807228917,0.30120481927710846,-0.013266747744711219,-0.004035465533632154,-0.022466678307432597,James Wiseman | Fab Melo | Tyler Lydon | Mfiondu Kabengele | Victor Claver
xRAPM historical mature,risk,2,finishing_touch + risk_uncertainty,44,0.07615847347281214,0.14779982363315664,0.3409090909090909,0.4772727272727273,0.5227272727272727,0.29545454545454547,-0.01134930574486416,-0.00047577221490269217,-0.028216952129995587,James Wiseman | Fab Melo | Victor Claver | Bismack Biyombo | Thon Maker
xRAPM historical mature,risk,3,finishing_touch + athleticism_tools + risk_uncertainty,44,0.07615847347281214,0.14779982363315664,0.3409090909090909,0.4772727272727273,0.5227272727272727,0.29545454545454547,-0.01134930574486416,-0.00047577221490269217,-0.028216952129995587,James Wiseman | Fab Melo | Victor Claver | Bismack Biyombo | Thon Maker
xRAPM historical top15,risk,3,shooting + defense + motor_competitiveness,67,0.0771540632510857,0.1142063492063494,0.3283582089552239,0.47761194029850745,0.5223880597014925,0.3283582089552239,-0.037598044555916324,0.03106091165792657,-0.022993142396127486,James Wiseman | Kevin Knox II | Jonny Flynn | Mario Hezonja | Marquese Chriss
xRAPM historical mature,risk,2,finishing_touch + motor_competitiveness,114,0.07742487579793866,0.22791666666666685,0.3333333333333333,0.4473684210526316,0.5526315789473685,0.35964912280701755,-0.010082903419737638,-0.008051529790660261,0.035977625222476495,James Wiseman | Kevin Knox II | Craig Brackins | Fab Melo | Patrick Williams
xRAPM historical mature,risk,3,finishing_touch + athleticism_tools + motor_competitiveness,114,0.07742487579793866,0.22791666666666685,0.3333333333333333,0.4473684210526316,0.5526315789473685,0.35964912280701755,-0.010082903419737638,-0.008051529790660261,0.035977625222476495,James Wiseman | Kevin Knox II | Craig Brackins | Fab Melo | Patrick Williams
xRAPM historical mature,risk,3,defense + motor_competitiveness + risk_uncertainty,53,0.07745988860033778,0.167169312169312,0.33962264150943394,0.4716981132075472,0.5283018867924528,0.32075471698113206,-0.010047890617338517,-0.0017622216145596337,-0.002916780603408997,James Wiseman | Fab Melo | Tyler Lydon | Victor Claver | Bismack Biyombo
xRAPM historical mature,risk,3,creation_handle + production_stats + risk_uncertainty,27,0.07758449346172284,-0.1171031746031743,0.4074074074074074,0.5185185185185185,0.48148148148148145,0.3333333333333333,-0.009923285755953457,0.06602254428341381,0.009661835748792258,Tyler Lydon | Bismack Biyombo | Thon Maker | Shabazz Muhammad | Malachi Richardson
xRAPM historical top15,risk,3,shooting + motor_competitiveness + size_frame,44,0.07796535244767246,0.19541666666666674,0.38636363636363635,0.45454545454545453,0.5454545454545454,0.4090909090909091,-0.03678675535932957,0.08906633906633904,0.057739557739557745,James Wiseman | Kevin Knox II | Jonny Flynn | Mario Hezonja | Marquese Chriss
xRAPM historical top15,risk,3,shooting + athleticism_tools + motor_competitiveness,86,0.07846323085375846,0.0571851418162894,0.32558139534883723,0.4883720930232558,0.5116279069767442,0.36046511627906974,-0.036288876953243565,0.02828409805153992,0.00911376492771837,James Wiseman | Kevin Knox II | Josh Jackson | Jonny Flynn | Patrick Williams
xRAPM historical top30,risk,2,finishing_touch + motor_competitiveness,83,0.07863270432036697,0.2192063492063494,0.3132530120481928,0.4457831325301205,0.5542168674698795,0.3614457831325301,-0.0017979234751185763,-0.007642510339866904,0.03060001198825152,James Wiseman | Kevin Knox II | Craig Brackins | Fab Melo | Patrick Williams
xRAPM historical top30,risk,3,finishing_touch + athleticism_tools + motor_competitiveness,83,0.07863270432036697,0.2192063492063494,0.3132530120481928,0.4457831325301205,0.5542168674698795,0.3614457831325301,-0.0017979234751185763,-0.007642510339866904,0.03060001198825152,James Wiseman | Kevin Knox II | Craig Brackins | Fab Melo | Patrick Williams
xRAPM historical top15,risk,3,shooting + athleticism_tools + defense,118,0.07917773538465177,0.1071851418162893,0.3050847457627119,0.4661016949152542,0.5338983050847458,0.3050847457627119,-0.03557437242235026,0.00778744846541457,-0.04626660558863949,James Wiseman | Kevin Knox II | Jahlil Okafor | Jonny Flynn | Jalen Green
xRAPM historical mature,risk,3,motor_competitiveness + production_stats + injury_medical,21,0.07947503617072502,0.1142063492063494,0.3333333333333333,0.47619047619047616,0.5238095238095238,0.38095238095238093,-0.008032743046951285,-0.008051529790660261,0.057280883367839874,James Wiseman | Victor Claver | Shabazz Muhammad | Zhou Qi | Arnett Moultrie
xRAPM historical top15,risk,3,creation_handle + finishing_touch + size_frame,12,0.08003940507201575,0.0426190476190478,0.4166666666666667,0.5,0.5,0.4166666666666667,-0.03471270273498628,0.11936936936936937,0.06531531531531531,Kevin Knox II | RJ Barrett | Doug McDermott | Tristan Thompson | Jan Vesely
xRAPM historical mature,risk,2,feel_iq_passing + injury_medical,46,0.08005666220786825,-0.08952120739005989,0.34782608695652173,0.5217391304347826,0.4782608695652174,0.34782608695652173,-0.00745111700980805,0.0064412238325281534,0.024154589371980673,James Wiseman | Mfiondu Kabengele | Brice Johnson | Victor Claver | Demetrius Jackson
xRAPM historical mature,risk,3,feel_iq_passing + athleticism_tools + injury_medical,46,0.08005666220786825,-0.08952120739005989,0.34782608695652173,0.5217391304347826,0.4782608695652174,0.34782608695652173,-0.00745111700980805,0.0064412238325281534,0.024154589371980673,James Wiseman | Mfiondu Kabengele | Brice Johnson | Victor Claver | Demetrius Jackson
xRAPM historical top30,risk,2,feel_iq_passing + size_frame,107,0.08026722140818598,-0.0289682539682538,0.34579439252336447,0.514018691588785,0.48598130841121495,0.3644859813084112,-0.00016340638729955836,0.024898870135304785,0.0336402101641326,James Wiseman | Kevin Knox II | Jonny Flynn | Fab Melo | Derrick Williams
xRAPM historical mature,risk,2,creation_handle + risk_uncertainty,43,0.08121026493128675,0.0001639344262294,0.32558139534883723,0.4883720930232558,0.5116279069767442,0.3023255813953488,-0.006297514286389555,-0.015803467775156343,-0.021345916189192238,Royce White | Tyler Lydon | Bismack Biyombo | Thon Maker | Shabazz Muhammad
xRAPM historical mature,risk,3,feel_iq_passing + production_stats + injury_medical,30,0.08302562543471721,-0.08952120739005989,0.3,0.5333333333333333,0.4666666666666667,0.3,-0.004482153782959089,-0.04138486312399359,-0.023671497584541068,James Wiseman | Victor Claver | Rashad Vaughn | Shabazz Muhammad | Arnett Moultrie
xRAPM historical top15,risk,2,athleticism_tools + motor_competitiveness,96,0.08407419760768109,0.17084656084656064,0.3229166666666667,0.46875,0.53125,0.3854166666666667,-0.030677910199320937,0.02561936936936937,0.034065315315315314,James Wiseman | Anthony Bennett | Kevin Knox II | Josh Jackson | Jonny Flynn
xRAPM historical top15,risk,3,shooting + defense + risk_uncertainty,26,0.0844255026730101,0.1741005291005289,0.23076923076923078,0.4230769230769231,0.5769230769230769,0.2692307692307692,-0.03032660513399192,-0.06652806652806653,-0.08212058212058215,James Wiseman | Emmanuel Mudiay | James Bouknight | Shabazz Muhammad | Marvin Bagley III
xRAPM historical mature,risk,3,creation_handle + size_frame + risk_uncertainty,20,0.08523286417639801,0.32862583205325124,0.35,0.4,0.6,0.4,-0.0022749150412782887,0.008615136876006402,0.07632850241545897,Royce White | Tyler Lydon | Bismack Biyombo | Thon Maker | Shabazz Muhammad
xRAPM historical top30,risk,2,injury_medical + risk_uncertainty,25,0.08721354337595898,-0.0042063492063492,0.28,0.52,0.48,0.24,0.006782915580473434,-0.04089552238805966,-0.09084577114427861,James Wiseman | Mfiondu Kabengele | Shabazz Muhammad | Kevin Seraphin | Tibor Pleiss
xRAPM historical mature,risk,3,feel_iq_passing + finishing_touch + risk_uncertainty,34,0.08805040612973503,0.20011904761904759,0.35294117647058826,0.47058823529411764,0.5294117647058824,0.3235294117647059,0.0005426269120587246,0.011556313346594682,-0.00014208581983515822,James Wiseman | Fab Melo | Victor Claver | Bismack Biyombo | Thon Maker
xRAPM historical top15,risk,2,motor_competitiveness + size_frame,51,0.0881361203966419,0.2766269841269844,0.37254901960784315,0.43137254901960786,0.5686274509803921,0.43137254901960786,-0.02661598741036013,0.07525172231054583,0.0800211976682565,James Wiseman | Anthony Bennett | Kevin Knox II | Jonny Flynn | Derrick Williams
xRAPM historical top15,risk,3,athleticism_tools + motor_competitiveness + size_frame,51,0.0881361203966419,0.2766269841269844,0.37254901960784315,0.43137254901960786,0.5686274509803921,0.43137254901960786,-0.02661598741036013,0.07525172231054583,0.0800211976682565,James Wiseman | Anthony Bennett | Kevin Knox II | Jonny Flynn | Derrick Williams
xRAPM historical top30,risk,2,athleticism_tools + size_frame,152,0.08927886177478953,-0.0020212073900599,0.34210526315789475,0.5,0.5,0.375,0.008848233979303982,0.02120974076983506,0.0441542288557214,James Wiseman | Anthony Bennett | Kevin Knox II | Royce White | Jonny Flynn
xRAPM historical top15,risk,3,feel_iq_passing + motor_competitiveness + size_frame,36,0.09196619406038954,0.0571851418162894,0.3888888888888889,0.4722222222222222,0.5277777777777778,0.4166666666666667,-0.022785913746612485,0.09159159159159158,0.06531531531531531,James Wiseman | Kevin Knox II | Jonny Flynn | Derrick Williams | Mario Hezonja
xRAPM historical mature,risk,2,shooting + finishing_touch,177,0.0921055369649705,0.0604761904761903,0.3220338983050847,0.480225988700565,0.519774011299435,0.3220338983050847,0.004597757747294193,-0.019350964818908856,-0.0016375992794563365,James Wiseman | Kevin Knox II | Jahlil Okafor | Craig Brackins | Fab Melo
xRAPM historical top30,risk,3,feel_iq_passing + finishing_touch + size_frame,41,0.09330174874754724,-0.0042063492063492,0.3902439024390244,0.5121951219512195,0.4878048780487805,0.36585365853658536,0.012871120952061693,0.06934838005096472,0.03500788739230676,James Wiseman | Kevin Knox II | Fab Melo | Vernon Carey Jr. | Marquese Chriss
xRAPM historical top30,risk,2,finishing_touch + athleticism_tools,142,0.093735811385853,0.1071851418162893,0.31690140845070425,0.4647887323943662,0.5352112676056338,0.33098591549295775,0.013305183590367461,-0.003994113937355437,0.00014014434867914982,James Wiseman | Kevin Knox II | Jahlil Okafor | Craig Brackins | Fab Melo
xRAPM historical mature,risk,3,athleticism_tools + motor_competitiveness + risk_uncertainty,64,0.09390678679341483,-0.050495989776132795,0.3125,0.5,0.5,0.3125,0.0063990075757385245,-0.028884863123993576,-0.011171497584541057,James Wiseman | Fab Melo | Tyler Lydon | Victor Claver | Bismack Biyombo
xRAPM historical top30,risk,3,feel_iq_passing + athleticism_tools + size_frame,106,0.09422740458299862,-0.016587301587301498,0.33962264150943394,0.5094339622641509,0.49056603773584906,0.36792452830188677,0.01379677678751308,0.01872711912137426,0.037078757157608166,James Wiseman | Kevin Knox II | Jonny Flynn | Fab Melo | Derrick Williams
xRAPM historical mature,risk,3,shooting + finishing_touch + athleticism_tools,174,0.0981997971200255,0.052632275132275155,0.3218390804597701,0.4827586206896552,0.5172413793103449,0.3218390804597701,0.010692017902349193,-0.019545782664223466,-0.0018324171247709464,James Wiseman | Kevin Knox II | Jahlil Okafor | Craig Brackins | Fab Melo
xRAPM historical top30,risk,3,shooting + athleticism_tools + risk_uncertainty,71,0.10165338791777039,-0.0042063492063492,0.2676056338028169,0.5211267605633803,0.4788732394366197,0.28169014084507044,0.021222760122284842,-0.053289888585242806,-0.049155630299208164,James Wiseman | Royce White | Fab Melo | Mfiondu Kabengele | James Bouknight
xRAPM historical top15,risk,2,finishing_touch + athleticism_tools,72,0.10458699209815617,0.20011904761904759,0.2916666666666667,0.4305555555555556,0.5694444444444444,0.3472222222222222,-0.01016511570884586,-0.005630630630630629,-0.004129129129129161,James Wiseman | Kevin Knox II | Jahlil Okafor | Patrick Williams | Jalen Green
xRAPM historical top30,risk,3,feel_iq_passing + shooting + risk_uncertainty,60,0.10697575568680198,-0.0016045407233932,0.3,0.5,0.5,0.2833333333333333,0.02654512789131644,-0.020895522388059695,-0.047512437810945274,James Wiseman | Fab Melo | Mfiondu Kabengele | Emmanuel Mudiay | James Bouknight
xRAPM historical top30,risk,3,athleticism_tools + motor_competitiveness + size_frame,99,0.10918720213215137,0.1142063492063494,0.3434343434343434,0.47474747474747475,0.5252525252525253,0.37373737373737376,0.028756574336665827,0.02253882104628374,0.04289160259309516,James Wiseman | Anthony Bennett | Kevin Knox II | Jonny Flynn | Fab Melo
xRAPM historical top30,risk,3,creation_handle + defense + injury_medical,12,0.10969765496685768,-0.13969790066564253,0.25,0.5,0.5,0.25,0.02926702717137214,-0.07089552238805968,-0.0808457711442786,Shabazz Muhammad | Alex Len | Arnett Moultrie | Kris Dunn | Bol Bol
xRAPM historical mature,risk,3,creation_handle + defense + injury_medical,12,0.10969765496685768,-0.13969790066564253,0.25,0.5,0.5,0.25,0.02218987574918138,-0.09138486312399358,-0.07367149758454106,Shabazz Muhammad | Alex Len | Arnett Moultrie | Kris Dunn | Bol Bol
xRAPM historical top30,risk,2,motor_competitiveness + size_frame,101,0.11218325367167407,0.1142063492063494,0.3465346534653465,0.4752475247524752,0.5247524752475248,0.37623762376237624,0.03175262587618853,0.025639131077286825,0.04539185261809764,James Wiseman | Anthony Bennett | Kevin Knox II | Jonny Flynn | Fab Melo
xRAPM historical top15,risk,2,finishing_touch + motor_competitiveness,45,0.11401107305840265,0.2192063492063494,0.3111111111111111,0.4444444444444444,0.5555555555555556,0.37777777777777777,-0.0007410347485993785,0.013813813813813802,0.026426426426426397,James Wiseman | Kevin Knox II | Patrick Williams | Hasheem Thabeet | Marquese Chriss
xRAPM historical top15,risk,3,finishing_touch + athleticism_tools + motor_competitiveness,45,0.11401107305840265,0.2192063492063494,0.3111111111111111,0.4444444444444444,0.5555555555555556,0.37777777777777777,-0.0007410347485993785,0.013813813813813802,0.026426426426426397,James Wiseman | Kevin Knox II | Patrick Williams | Hasheem Thabeet | Marquese Chriss
xRAPM historical top30,risk,3,athleticism_tools + size_frame + risk_uncertainty,35,0.11519022292821333,0.0001639344262294,0.3142857142857143,0.4857142857142857,0.5142857142857142,0.37142857142857144,0.03475959513272779,-0.006609808102345405,0.04058280028429284,James Wiseman | Royce White | Fab Melo | Mfiondu Kabengele | Bismack Biyombo
xRAPM historical top30,risk,3,shooting + creation_handle + risk_uncertainty,29,0.1158451557932894,0.2192063492063494,0.2413793103448276,0.4482758620689655,0.5517241379310345,0.27586206896551724,0.035414527997803855,-0.07951621204323209,-0.05498370217876136,Royce White | Bismack Biyombo | Shabazz Muhammad | Malachi Richardson | Terrico White
xRAPM historical mature,risk,3,creation_handle + athleticism_tools + risk_uncertainty,42,0.11646556159922097,0.1096851418162894,0.30952380952380953,0.47619047619047616,0.5238095238095238,0.30952380952380953,0.028957782381544672,-0.03186105360018404,-0.014147688060731523,Royce White | Tyler Lydon | Bismack Biyombo | Thon Maker | Shabazz Muhammad
xRAPM historical top30,risk,3,shooting + defense + risk_uncertainty,55,0.11867703408015985,0.167169312169312,0.2727272727272727,0.4727272727272727,0.5272727272727272,0.2909090909090909,0.03824640628467431,-0.04816824966078698,-0.039936680235187705,James Wiseman | Fab Melo | Emmanuel Mudiay | James Bouknight | Bismack Biyombo
xRAPM historical top15,risk,2,shooting + athleticism_tools,155,0.11911438588156463,0.1001639344262292,0.3032258064516129,0.4774193548387097,0.5225806451612903,0.3419354838709677,0.004362278074562603,0.0059285091543155866,-0.009415867480383644,James Wiseman | Kevin Knox II | Jahlil Okafor | Josh Jackson | Jonny Flynn
xRAPM historical top15,risk,3,finishing_touch + athleticism_tools + defense,56,0.1205873060341124,0.1476190476190476,0.26785714285714285,0.42857142857142855,0.5714285714285714,0.2857142857142857,0.005835198227110372,-0.029440154440154465,-0.06563706563706567,James Wiseman | Kevin Knox II | Jahlil Okafor | Jalen Green | Marquese Chriss
xRAPM historical mature,risk,3,finishing_touch + defense + risk_uncertainty,36,0.1269348044958373,0.24686507936507945,0.3333333333333333,0.4444444444444444,0.5555555555555556,0.3055555555555556,0.039427025278161,-0.008051529790660261,-0.018115942028985477,James Wiseman | Fab Melo | Victor Claver | Bismack Biyombo | Thon Maker
xRAPM historical mature,risk,3,creation_handle + upside_tools + size_frame,31,0.12737849720605762,0.2766269841269844,0.2903225806451613,0.45161290322580644,0.5483870967741935,0.3870967741935484,0.03987071798838132,-0.051062282478832266,0.06342527660900732,Kevin Knox II | Vernon Carey Jr. | Isaiah Todd | Archie Goodwin | Robert Woodard II
xRAPM historical top15,risk,3,feel_iq_passing + defense + risk_uncertainty,25,0.12990011247932975,0.167169312169312,0.28,0.44,0.56,0.28,0.015148004672327728,-0.017297297297297287,-0.07135135135135134,James Wiseman | Emmanuel Mudiay | James Bouknight | Shabazz Muhammad | Marvin Bagley III
xRAPM historical top15,risk,3,finishing_touch + defense + motor_competitiveness,32,0.1326901133694415,0.20011904761904759,0.28125,0.4375,0.5625,0.3125,0.017938005562439477,-0.016047297297297314,-0.03885135135135137,James Wiseman | Kevin Knox II | Marquese Chriss | Dragan Bender | Noah Vonleh
xRAPM historical top15,risk,3,feel_iq_passing + shooting + risk_uncertainty,28,0.13277630858148537,0.08366662329777069,0.25,0.4642857142857143,0.5357142857142857,0.25,0.018024200774483343,-0.047297297297297314,-0.10135135135135137,James Wiseman | Emmanuel Mudiay | James Bouknight | Shabazz Muhammad | Marvin Bagley III
xRAPM historical mature,risk,2,finishing_touch + athleticism_tools,209,0.13535211043693363,0.1001639344262292,0.3253588516746411,0.47368421052631576,0.5263157894736842,0.3349282296650718,0.047844331219257324,-0.01602601144935245,0.01125673208053074,James Wiseman | Kevin Knox II | Jahlil Okafor | Craig Brackins | Fab Melo
xRAPM historical top15,risk,3,shooting + finishing_touch + defense,52,0.13616105717441002,0.1476190476190476,0.2692307692307692,0.4230769230769231,0.5769230769230769,0.28846153846153844,0.02140894936740799,-0.028066528066528096,-0.06288981288981293,James Wiseman | Kevin Knox II | Jahlil Okafor | Jalen Green | Marquese Chriss
xRAPM historical mature,risk,2,production_stats + injury_medical,33,0.138995228437267,-0.0042063492063492,0.30303030303030304,0.5151515151515151,0.48484848484848486,0.3333333333333333,0.0514874492195907,-0.03835456009369054,0.009661835748792258,James Wiseman | Victor Claver | Rashad Vaughn | Shabazz Muhammad | Zhou Qi
xRAPM historical mature,risk,3,athleticism_tools + production_stats + injury_medical,33,0.138995228437267,-0.0042063492063492,0.30303030303030304,0.5151515151515151,0.48484848484848486,0.3333333333333333,0.0514874492195907,-0.03835456009369054,0.009661835748792258,James Wiseman | Victor Claver | Rashad Vaughn | Shabazz Muhammad | Zhou Qi
xRAPM historical top30,risk,3,athleticism_tools + injury_medical + risk_uncertainty,24,0.13909038634290258,0.0014855350742445502,0.25,0.5,0.5,0.25,0.058659758547417035,-0.07089552238805968,-0.0808457711442786,James Wiseman | Mfiondu Kabengele | Shabazz Muhammad | Kevin Seraphin | Tibor Pleiss
xRAPM historical mature,risk,3,shooting + finishing_touch + risk_uncertainty,40,0.14274878795563775,0.24686507936507945,0.325,0.45,0.55,0.325,0.05524100873796145,-0.016384863123993565,0.0013285024154589542,James Wiseman | Fab Melo | Victor Claver | Bismack Biyombo | Thon Maker
xRAPM historical top30,risk,3,feel_iq_passing + motor_competitiveness + risk_uncertainty,37,0.14303985147244622,0.0001639344262294,0.2972972972972973,0.4864864864864865,0.5135135135135135,0.2972972972972973,0.06260922367696067,-0.02359822509076237,-0.033548473846981286,James Wiseman | Fab Melo | Bismack Biyombo | Shabazz Muhammad | Tyler Honeycutt
xRAPM historical top30,risk,2,athleticism_tools + risk_uncertainty,78,0.14310805912294886,-0.0351926054974834,0.28205128205128205,0.5256410256410257,0.47435897435897434,0.2948717948717949,0.06267743132746331,-0.038844240336777636,-0.03597397627248372,James Wiseman | Royce White | Fab Melo | Mfiondu Kabengele | James Bouknight
xRAPM historical top30,risk,2,finishing_touch + size_frame,62,0.14545283188966884,0.08734126984126984,0.3709677419354839,0.4838709677419355,0.5161290322580645,0.3870967741935484,0.0650222040941833,0.05007221954742419,0.05625100304926978,James Wiseman | Kevin Knox II | Fab Melo | Justin Patton | Justin Harper
xRAPM historical top30,risk,3,finishing_touch + athleticism_tools + size_frame,62,0.14545283188966884,0.08734126984126984,0.3709677419354839,0.4838709677419355,0.5161290322580645,0.3870967741935484,0.0650222040941833,0.05007221954742419,0.05625100304926978,James Wiseman | Kevin Knox II | Fab Melo | Justin Patton | Justin Harper
xRAPM historical top15,risk,2,finishing_touch + defense,57,0.14683361617609259,0.1810317460317458,0.2631578947368421,0.42105263157894735,0.5789473684210527,0.2982456140350877,0.03208150836909056,-0.03413940256045522,-0.05310573731626367,James Wiseman | Kevin Knox II | Jahlil Okafor | Jalen Green | Marquese Chriss
xRAPM historical mature,risk,3,finishing_touch + motor_competitiveness + size_frame,62,0.1504885512236626,0.3874213217938629,0.3548387096774194,0.41935483870967744,0.5806451612903226,0.4032258064516129,0.06298077200598629,0.013453846553425797,0.07955430886707182,James Wiseman | Kevin Knox II | Fab Melo | Justin Patton | Diamond Stone
xRAPM historical top30,risk,3,finishing_touch + motor_competitiveness + size_frame,45,0.15496851478634419,0.3058730158730161,0.35555555555555557,0.4444444444444444,0.5555555555555556,0.4222222222222222,0.07453788699085864,0.034660033167495885,0.09137645107794362,James Wiseman | Kevin Knox II | Fab Melo | Justin Patton | Vernon Carey Jr.
xRAPM historical top15,risk,2,defense + size_frame,59,0.15685432954487938,0.2766269841269844,0.3389830508474576,0.4406779661016949,0.559322033898305,0.423728813559322,0.04210222173787735,0.0416857535501603,0.07237746220797064,James Wiseman | Anthony Bennett | Kevin Knox II | Jonny Flynn | Derrick Williams
xRAPM historical top15,risk,3,athleticism_tools + defense + size_frame,59,0.15685432954487938,0.2766269841269844,0.3389830508474576,0.4406779661016949,0.559322033898305,0.423728813559322,0.04210222173787735,0.0416857535501603,0.07237746220797064,James Wiseman | Anthony Bennett | Kevin Knox II | Jonny Flynn | Derrick Williams
xRAPM historical top30,risk,3,feel_iq_passing + injury_medical + risk_uncertainty,19,0.15813502371888344,0.0071774193548383,0.2631578947368421,0.47368421052631576,0.5263157894736842,0.2631578947368421,0.0777043959233979,-0.05773762765121759,-0.06768787640743651,James Wiseman | Mfiondu Kabengele | Shabazz Muhammad | Kevin Seraphin | Harry Giles III
xRAPM historical top30,risk,2,feel_iq_passing + risk_uncertainty,63,0.16568783652375357,0.0001639344262294,0.30158730158730157,0.49206349206349204,0.5079365079365079,0.30158730158730157,0.08525720872826803,-0.019308220800758114,-0.02925846955697703,James Wiseman | Fab Melo | Mfiondu Kabengele | Emmanuel Mudiay | James Bouknight
xRAPM historical mature,risk,3,finishing_touch + size_frame + risk_uncertainty,24,0.16613259849429238,0.36834805427547324,0.375,0.4583333333333333,0.5416666666666666,0.4166666666666667,0.07862481927661608,0.033615136876006424,0.09299516908212563,James Wiseman | Fab Melo | Victor Claver | Bismack Biyombo | Thon Maker
xRAPM historical top15,risk,2,shooting + risk_uncertainty,34,0.17147169269998688,0.08366662329777069,0.20588235294117646,0.47058823529411764,0.5294117647058824,0.2647058823529412,0.056719584892984856,-0.09141494435612085,-0.08664546899841019,James Wiseman | Emmanuel Mudiay | James Bouknight | Shabazz Muhammad | Marvin Bagley III
xRAPM historical top15,risk,3,feel_iq_passing + defense + size_frame,43,0.17358740680327578,0.1142063492063494,0.3488372093023256,0.46511627906976744,0.5348837209302325,0.4186046511627907,0.05883529899627375,0.05153991200502828,0.06725329981143935,James Wiseman | Kevin Knox II | Jonny Flynn | Derrick Williams | Mario Hezonja
xRAPM historical mature,risk,3,creation_handle + motor_competitiveness + risk_uncertainty,29,0.1739407661904781,0.2192063492063494,0.3103448275862069,0.4482758620689655,0.5517241379310345,0.3448275862068966,0.0864329869728018,-0.03104003553778667,0.021156088622355518,Tyler Lydon | Bismack Biyombo | Thon Maker | Shabazz Muhammad | Arnoldas Kulboka
xRAPM historical top30,risk,3,finishing_touch + motor_competitiveness + risk_uncertainty,19,0.17765507840934358,0.3623412698412693,0.21052631578947367,0.3684210526315789,0.631578947368421,0.3157894736842105,0.09722445061385804,-0.11036920659858601,-0.015056297460068091,James Wiseman | Fab Melo | Bismack Biyombo | Julius Randle | Deandre Ayton
xRAPM historical top15,risk,3,feel_iq_passing + shooting + size_frame,48,0.18062131268062276,0.0571851418162894,0.3333333333333333,0.4791666666666667,0.5208333333333334,0.4166666666666667,0.06586920487362073,0.036036036036036,0.06531531531531531,James Wiseman | Kevin Knox II | Jonny Flynn | Mario Hezonja | Marquese Chriss
xRAPM historical top15,risk,3,feel_iq_passing + motor_competitiveness + risk_uncertainty,20,0.18477659562561727,0.08366662329777069,0.3,0.45,0.55,0.3,0.07002448781861524,0.002702702702702675,-0.05135135135135138,James Wiseman | Shabazz Muhammad | Marvin Bagley III | Julius Randle | Andrew Wiggins
xRAPM historical top15,risk,3,shooting + creation_handle + risk_uncertainty,14,0.19287684972337837,0.1096851418162894,0.14285714285714285,0.42857142857142855,0.5714285714285714,0.21428571428571427,0.07812474191637635,-0.15444015444015446,-0.1370656370656371,Shabazz Muhammad | Ben McLemore | Deandre Ayton | Kris Dunn | Devin Vassell
xRAPM historical mature,risk,3,creation_handle + finishing_touch + risk_uncertainty,21,0.19376429614680354,0.2745238095238095,0.3333333333333333,0.42857142857142855,0.5714285714285714,0.2857142857142857,0.10625651692912724,-0.008051529790660261,-0.03795721187025536,Bismack Biyombo | Thon Maker | Arnoldas Kulboka | Nico Mannion | Joshua Primo
xRAPM historical mature,risk,3,shooting + creation_handle + injury_medical,13,0.1941322879384751,0.1142063492063494,0.23076923076923078,0.46153846153846156,0.5384615384615384,0.3076923076923077,0.10662450872079879,-0.1106156323547628,-0.015979189892233348,Shabazz Muhammad | Alex Len | Arnett Moultrie | Kris Dunn | Bol Bol
xRAPM historical top30,risk,3,defense + production_stats + risk_uncertainty,31,0.19720759083622993,0.167169312169312,0.2903225806451613,0.4838709677419355,0.5161290322580645,0.3225806451612903,0.11677696304074439,-0.030572941742898374,-0.008265125982988286,James Wiseman | Fab Melo | Bismack Biyombo | Shabazz Muhammad | Tyler Honeycutt
xRAPM historical top30,risk,3,finishing_touch + motor_competitiveness + injury_medical,12,0.19773281810618756,0.23827380952380933,0.25,0.4166666666666667,0.5833333333333334,0.4166666666666667,0.11730219031070202,-0.07089552238805968,0.08582089552238809,James Wiseman | Arnett Moultrie | Dzanan Musa | Ed Davis | Romeo Langford
xRAPM historical top30,risk,3,feel_iq_passing + defense + risk_uncertainty,47,0.2008888053941268,0.1810317460317458,0.2978723404255319,0.44680851063829785,0.5531914893617021,0.3191489361702128,0.12045817759864125,-0.023023181962527783,-0.011696834974065817,James Wiseman | Fab Melo | Emmanuel Mudiay | James Bouknight | Bismack Biyombo
xRAPM historical top30,risk,2,defense + risk_uncertainty,60,0.20282696377982914,0.1741005291005289,0.2833333333333333,0.4666666666666667,0.5333333333333333,0.31666666666666665,0.1223963359843436,-0.03756218905472636,-0.014179104477611948,James Wiseman | Fab Melo | Emmanuel Mudiay | James Bouknight | Bismack Biyombo
xRAPM historical top15,risk,3,size_frame + production_stats + risk_uncertainty,10,0.20471272373453742,0.13621031746031745,0.3,0.5,0.5,0.4,0.08996061592753539,0.002702702702702675,0.04864864864864865,James Wiseman | Shabazz Muhammad | Julius Randle | De'Andre Hunter | Kyrie Irving
xRAPM historical mature,risk,3,production_stats + injury_medical + risk_uncertainty,22,0.2050842770413543,0.0014855350742445502,0.2727272727272727,0.5,0.5,0.3181818181818182,0.11757649782367799,-0.06865759039672087,-0.00548967940272288,James Wiseman | Victor Claver | Shabazz Muhammad | Zhou Qi | Harry Giles III
xRAPM historical top30,risk,3,shooting + motor_competitiveness + risk_uncertainty,43,0.20834185870022207,0.167169312169312,0.23255813953488372,0.46511627906976744,0.5348837209302325,0.3023255813953488,0.12791123090473652,-0.08833738285317597,-0.02852018974892978,James Wiseman | Fab Melo | Bismack Biyombo | Shabazz Muhammad | Tyler Honeycutt
xRAPM historical top15,risk,3,shooting + finishing_touch + size_frame,28,0.21192704742158933,0.3440013227513228,0.39285714285714285,0.4642857142857143,0.5357142857142857,0.42857142857142855,0.0971749396145873,0.09555984555984554,0.07722007722007718,James Wiseman | Kevin Knox II | Marquese Chriss | Jordan Hill | RJ Barrett
xRAPM historical top15,risk,2,defense + risk_uncertainty,29,0.21430522169953867,0.1810317460317458,0.2413793103448276,0.41379310344827586,0.5862068965517241,0.3103448275862069,0.09955311389253664,-0.05591798695246972,-0.041006523765144465,James Wiseman | Emmanuel Mudiay | James Bouknight | Shabazz Muhammad | Marvin Bagley III
xRAPM historical top30,risk,2,motor_competitiveness + risk_uncertainty,45,0.21465070965981237,0.167169312169312,0.24444444444444444,0.4666666666666667,0.5333333333333333,0.3111111111111111,0.13422008186432682,-0.07645107794361525,-0.019734660033167484,James Wiseman | Fab Melo | Bismack Biyombo | Shabazz Muhammad | Tyler Honeycutt
xRAPM historical top15,risk,2,feel_iq_passing + size_frame,53,0.2178419928308871,0.1142063492063494,0.33962264150943394,0.4716981132075472,0.5283018867924528,0.4339622641509434,0.10308988502388507,0.04232534421213663,0.08261091279959204,James Wiseman | Kevin Knox II | Jonny Flynn | Derrick Williams | Mario Hezonja
xRAPM historical top15,risk,3,feel_iq_passing + athleticism_tools + size_frame,53,0.2178419928308871,0.1142063492063494,0.33962264150943394,0.4716981132075472,0.5283018867924528,0.4339622641509434,0.10308988502388507,0.04232534421213663,0.08261091279959204,James Wiseman | Kevin Knox II | Jonny Flynn | Derrick Williams | Mario Hezonja
xRAPM historical top15,risk,3,finishing_touch + motor_competitiveness + risk_uncertainty,12,0.22194239608019783,0.20011904761904759,0.16666666666666666,0.4166666666666667,0.5833333333333334,0.3333333333333333,0.10719028827319581,-0.13063063063063066,-0.018018018018018056,James Wiseman | Julius Randle | Deandre Ayton | Stanley Johnson | Ed Davis
xRAPM historical top15,risk,3,feel_iq_passing + finishing_touch + risk_uncertainty,12,0.22673803822898217,0.20011904761904759,0.16666666666666666,0.4166666666666667,0.5833333333333334,0.3333333333333333,0.11198593042198014,-0.13063063063063066,-0.018018018018018056,James Wiseman | Julius Randle | Deandre Ayton | Stanley Johnson | Kyrie Irving
xRAPM historical top15,risk,3,feel_iq_passing + finishing_touch + size_frame,23,0.22733576357297433,0.1142063492063494,0.391304347826087,0.4782608695652174,0.5217391304347826,0.43478260869565216,0.1125836557659723,0.09400705052878966,0.08343125734430079,James Wiseman | Kevin Knox II | Marquese Chriss | Jordan Hill | RJ Barrett
xRAPM historical top30,risk,3,creation_handle + motor_competitiveness + injury_medical,10,0.2294766126234264,0.19855158730158734,0.2,0.4,0.6,0.4,0.14904598482794085,-0.12089552238805967,0.06915422885572142,Shabazz Muhammad | Arnett Moultrie | Bol Bol | Jaylen Brown | Nerlens Noel
xRAPM historical top30,risk,3,feel_iq_passing + athleticism_tools + risk_uncertainty,60,0.23197556211343764,0.00367067689053385,0.2833333333333333,0.48333333333333334,0.5166666666666667,0.31666666666666665,0.1515449343179521,-0.03756218905472636,-0.014179104477611948,James Wiseman | Fab Melo | Mfiondu Kabengele | James Bouknight | Bismack Biyombo
xRAPM historical top15,risk,3,defense + motor_competitiveness + injury_medical,13,0.23243607446277986,0.2766269841269841,0.23076923076923078,0.3076923076923077,0.6923076923076923,0.46153846153846156,0.11768396665577784,-0.06652806652806653,0.1101871101871102,James Wiseman | Anthony Bennett | Shabazz Muhammad | Jaylen Brown | Nerlens Noel
xRAPM historical top15,risk,3,shooting + defense + size_frame,54,0.23797260779997664,0.2766269841269843,0.3333333333333333,0.4444444444444444,0.5555555555555556,0.42592592592592593,0.12322049999297462,0.036036036036036,0.07457457457457456,James Wiseman | Kevin Knox II | Jonny Flynn | Mario Hezonja | Marquese Chriss
xRAPM historical top30,risk,2,finishing_touch + risk_uncertainty,31,0.23929826743523103,0.2745238095238095,0.25806451612903225,0.41935483870967744,0.5806451612903226,0.3225806451612903,0.15886763963974548,-0.06283100625902743,-0.008265125982988286,James Wiseman | Fab Melo | Bismack Biyombo | Julius Randle | Tibor Pleiss
xRAPM historical top30,risk,3,finishing_touch + athleticism_tools + risk_uncertainty,31,0.23929826743523103,0.2745238095238095,0.25806451612903225,0.41935483870967744,0.5806451612903226,0.3225806451612903,0.15886763963974548,-0.06283100625902743,-0.008265125982988286,James Wiseman | Fab Melo | Bismack Biyombo | Julius Randle | Tibor Pleiss
xRAPM historical top15,risk,3,defense + production_stats + risk_uncertainty,16,0.24049918910657275,0.1741005291005289,0.25,0.4375,0.5625,0.3125,0.12574708129957074,-0.047297297297297314,-0.03885135135135137,James Wiseman | Shabazz Muhammad | Marvin Bagley III | Andrew Wiggins | Stanley Johnson
xRAPM historical mature,risk,3,motor_competitiveness + injury_medical + risk_uncertainty,21,0.2426276002628691,0.167169312169312,0.23809523809523808,0.47619047619047616,0.5238095238095238,0.3333333333333333,0.15511982104519279,-0.1032896250287555,0.009661835748792258,James Wiseman | Victor Claver | Demetrius Jackson | Shabazz Muhammad | Zhou Qi
xRAPM historical top30,risk,3,size_frame + injury_medical + risk_uncertainty,13,0.24616231089062907,0.2766269841269841,0.23076923076923078,0.46153846153846156,0.5384615384615384,0.3076923076923077,0.16573168309514352,-0.0901262916188289,-0.02315346345197089,James Wiseman | Mfiondu Kabengele | Shabazz Muhammad | Bol Bol | Ziaire Williams
xRAPM historical top15,risk,3,shooting + athleticism_tools + risk_uncertainty,32,0.2472101682027308,0.08366662329777069,0.1875,0.46875,0.53125,0.28125,0.13245806039572877,-0.10979729729729731,-0.07010135135135137,James Wiseman | James Bouknight | Shabazz Muhammad | Marvin Bagley III | Julius Randle
xRAPM historical top30,risk,3,feel_iq_passing + size_frame + risk_uncertainty,26,0.24729323442547832,0.2797619047619047,0.3076923076923077,0.4230769230769231,0.5769230769230769,0.4230769230769231,0.16686260662999278,-0.013203214695751975,0.09223115193264447,James Wiseman | Fab Melo | Mfiondu Kabengele | Bismack Biyombo | Shabazz Muhammad
xRAPM historical top15,risk,3,finishing_touch + motor_competitiveness + size_frame,25,0.24829567150439716,0.5737962962962961,0.36,0.4,0.6,0.48,0.13354356369739512,0.06270270270270267,0.1286486486486486,James Wiseman | Kevin Knox II | Marquese Chriss | Jordan Hill | John Henson
xRAPM historical top15,risk,2,feel_iq_passing + risk_uncertainty,31,0.24959758064741777,0.167169312169312,0.25806451612903225,0.45161290322580644,0.5483870967741935,0.2903225806451613,0.13484547284041576,-0.03923278116826506,-0.06102877070619006,James Wiseman | Emmanuel Mudiay | James Bouknight | Shabazz Muhammad | Marvin Bagley III
xRAPM historical top30,risk,3,athleticism_tools + motor_competitiveness + risk_uncertainty,44,0.2513362302230343,0.1741005291005289,0.22727272727272727,0.45454545454545453,0.5454545454545454,0.3181818181818182,0.17090560242754876,-0.09362279511533242,-0.012663952962460423,James Wiseman | Fab Melo | Bismack Biyombo | Shabazz Muhammad | Tyler Honeycutt
xRAPM historical top15,risk,3,shooting + motor_competitiveness + risk_uncertainty,22,0.25675642342947996,0.1741005291005289,0.22727272727272727,0.4090909090909091,0.5909090909090909,0.3181818181818182,0.14200431562247795,-0.07002457002457005,-0.033169533169533194,James Wiseman | Shabazz Muhammad | Marvin Bagley III | Julius Randle | Ben McLemore
xRAPM historical mature,risk,3,feel_iq_passing + creation_handle + risk_uncertainty,35,0.26126693007579843,0.2745238095238095,0.3142857142857143,0.42857142857142855,0.5714285714285714,0.34285714285714286,0.17375915085812213,-0.027099148838279297,0.019185645272601803,Tyler Lydon | Bismack Biyombo | Thon Maker | Shabazz Muhammad | Malachi Richardson
xRAPM historical top15,risk,2,motor_competitiveness + risk_uncertainty,24,0.2645509719179404,0.1741005291005289,0.25,0.4166666666666667,0.5833333333333334,0.3333333333333333,0.1497988641109384,-0.047297297297297314,-0.018018018018018056,James Wiseman | Shabazz Muhammad | Marvin Bagley III | Julius Randle | Andrew Wiggins
xRAPM historical top15,risk,3,athleticism_tools + motor_competitiveness + risk_uncertainty,24,0.2645509719179404,0.1741005291005289,0.25,0.4166666666666667,0.5833333333333334,0.3333333333333333,0.1497988641109384,-0.047297297297297314,-0.018018018018018056,James Wiseman | Shabazz Muhammad | Marvin Bagley III | Julius Randle | Andrew Wiggins
xRAPM historical top15,risk,2,athleticism_tools + size_frame,72,0.274708275235164,0.4398346560846561,0.3194444444444444,0.4305555555555556,0.5694444444444444,0.4583333333333333,0.159956167428162,0.022147147147147106,0.10698198198198194,James Wiseman | Anthony Bennett | Kevin Knox II | Jonny Flynn | Derrick Williams
xRAPM historical top30,risk,3,athleticism_tools + defense + risk_uncertainty,58,0.27608490870856245,0.20011904761904759,0.25862068965517243,0.4482758620689655,0.5517241379310345,0.3275862068965517,0.1956542809130769,-0.06227483273288725,-0.003259564247726887,James Wiseman | Fab Melo | James Bouknight | Bismack Biyombo | Shabazz Muhammad
xRAPM historical top15,risk,2,finishing_touch + risk_uncertainty,15,0.2778766681869096,0.2192063492063494,0.13333333333333333,0.4,0.6,0.3333333333333333,0.16312456037990758,-0.16396396396396398,-0.018018018018018056,James Wiseman | Julius Randle | Deandre Ayton | Stanley Johnson | Ed Davis
xRAPM historical top15,risk,3,shooting + finishing_touch + risk_uncertainty,15,0.2778766681869096,0.2192063492063494,0.13333333333333333,0.4,0.6,0.3333333333333333,0.16312456037990758,-0.16396396396396398,-0.018018018018018056,James Wiseman | Julius Randle | Deandre Ayton | Stanley Johnson | Ed Davis
xRAPM historical top15,risk,3,finishing_touch + athleticism_tools + risk_uncertainty,15,0.2778766681869096,0.2192063492063494,0.13333333333333333,0.4,0.6,0.3333333333333333,0.16312456037990758,-0.16396396396396398,-0.018018018018018056,James Wiseman | Julius Randle | Deandre Ayton | Stanley Johnson | Ed Davis
xRAPM historical top30,risk,3,finishing_touch + size_frame + risk_uncertainty,16,0.284749802566599,0.538092677931387,0.3125,0.4375,0.5625,0.4375,0.20431917477111344,-0.008395522388059684,0.1066542288557214,James Wiseman | Fab Melo | Bismack Biyombo | Julius Randle | Shane Larkin
xRAPM historical top30,risk,2,creation_handle + injury_medical,14,0.28544285013788107,0.19855158730158734,0.21428571428571427,0.42857142857142855,0.5714285714285714,0.35714285714285715,0.20501222234239552,-0.10660980810234541,0.02629708599857855,Shabazz Muhammad | Alex Len | Arnett Moultrie | Kris Dunn | Bol Bol
xRAPM historical top30,risk,3,creation_handle + athleticism_tools + injury_medical,14,0.28544285013788107,0.19855158730158734,0.21428571428571427,0.42857142857142855,0.5714285714285714,0.35714285714285715,0.20501222234239552,-0.10660980810234541,0.02629708599857855,Shabazz Muhammad | Alex Len | Arnett Moultrie | Kris Dunn | Bol Bol
xRAPM historical top30,risk,2,creation_handle + risk_uncertainty,31,0.28656465248387436,0.2745238095238095,0.22580645161290322,0.41935483870967744,0.5806451612903226,0.3225806451612903,0.20613402468838882,-0.09508907077515646,-0.008265125982988286,Royce White | Bismack Biyombo | Shabazz Muhammad | Malachi Richardson | Terrico White
xRAPM historical top15,risk,2,shooting + size_frame,63,0.28880478003289867,0.2766269841269844,0.31746031746031744,0.4444444444444444,0.5555555555555556,0.4444444444444444,0.17405267222589665,0.02016302016302013,0.09309309309309305,James Wiseman | Kevin Knox II | Jonny Flynn | Mario Hezonja | Marquese Chriss
xRAPM historical top15,risk,3,shooting + athleticism_tools + size_frame,63,0.28880478003289867,0.2766269841269844,0.31746031746031744,0.4444444444444444,0.5555555555555556,0.4444444444444444,0.17405267222589665,0.02016302016302013,0.09309309309309305,James Wiseman | Kevin Knox II | Jonny Flynn | Mario Hezonja | Marquese Chriss
xRAPM historical top15,risk,2,defense + injury_medical,19,0.2991744458242969,0.2766269841269841,0.21052631578947367,0.3684210526315789,0.631578947368421,0.42105263157894735,0.1844223380172949,-0.08677098150782364,0.06970128022759597,James Wiseman | Anthony Bennett | Shabazz Muhammad | Alex Len | Kris Dunn
xRAPM historical top15,risk,3,athleticism_tools + defense + injury_medical,19,0.2991744458242969,0.2766269841269841,0.21052631578947367,0.3684210526315789,0.631578947368421,0.42105263157894735,0.1844223380172949,-0.08677098150782364,0.06970128022759597,James Wiseman | Anthony Bennett | Shabazz Muhammad | Alex Len | Kris Dunn
xRAPM historical top30,risk,3,motor_competitiveness + size_frame + risk_uncertainty,25,0.30271506615309146,0.2828968253968253,0.28,0.4,0.6,0.4,0.22228443835760592,-0.04089552238805966,0.06915422885572142,James Wiseman | Fab Melo | Bismack Biyombo | Shabazz Muhammad | Tyler Honeycutt
xRAPM historical top15,risk,3,athleticism_tools + defense + risk_uncertainty,28,0.3178688435629576,0.20011904761904759,0.21428571428571427,0.39285714285714285,0.6071428571428571,0.32142857142857145,0.20311673575595557,-0.08301158301158304,-0.02992277992277992,James Wiseman | James Bouknight | Shabazz Muhammad | Marvin Bagley III | Andrew Wiggins
xRAPM historical top30,risk,3,defense + motor_competitiveness + risk_uncertainty,38,0.3192611962971657,0.24791666666666676,0.23684210526315788,0.39473684210526316,0.6052631578947368,0.34210526315789475,0.23883056850168016,-0.0840534171249018,0.011259492013616146,James Wiseman | Fab Melo | Bismack Biyombo | Shabazz Muhammad | Tyler Honeycutt
xRAPM historical top15,risk,3,shooting + injury_medical + risk_uncertainty,10,0.32249409413568575,0.0814814814814814,0.2,0.5,0.5,0.3,0.20774198632868374,-0.0972972972972973,-0.05135135135135138,James Wiseman | Shabazz Muhammad | Kris Dunn | Ed Davis | Kyrie Irving
xRAPM historical top30,risk,3,feel_iq_passing + creation_handle + injury_medical,11,0.32335961730065377,0.2828968253968253,0.2727272727272727,0.36363636363636365,0.6363636363636364,0.36363636363636365,0.24292898950516822,-0.04816824966078698,0.03279059249208505,Shabazz Muhammad | Alex Len | Arnett Moultrie | Kris Dunn | Nerlens Noel
xRAPM historical top15,risk,3,defense + motor_competitiveness + risk_uncertainty,20,0.3307505886278361,0.20011904761904759,0.25,0.35,0.65,0.35,0.21599848082083406,-0.047297297297297314,-0.001351351351351393,James Wiseman | Shabazz Muhammad | Marvin Bagley III | Andrew Wiggins | Ben McLemore
xRAPM historical top15,risk,2,motor_competitiveness + injury_medical,16,0.3326038090481505,0.5255753968253968,0.1875,0.3125,0.6875,0.5,0.2178517012411485,-0.10979729729729731,0.14864864864864863,James Wiseman | Anthony Bennett | Shabazz Muhammad | Jaylen Brown | Ed Davis
xRAPM historical top15,risk,3,athleticism_tools + motor_competitiveness + injury_medical,16,0.3326038090481505,0.5255753968253968,0.1875,0.3125,0.6875,0.5,0.2178517012411485,-0.10979729729729731,0.14864864864864863,James Wiseman | Anthony Bennett | Shabazz Muhammad | Jaylen Brown | Ed Davis
xRAPM historical top30,risk,3,feel_iq_passing + finishing_touch + risk_uncertainty,24,0.33675658513547413,0.4473438719750195,0.25,0.375,0.625,0.375,0.2563259573399886,-0.07089552238805968,0.0441542288557214,James Wiseman | Fab Melo | Bismack Biyombo | Julius Randle | Joshua Primo
xRAPM historical top15,risk,3,feel_iq_passing + athleticism_tools + risk_uncertainty,29,0.33855906312957873,0.167169312169312,0.2413793103448276,0.4482758620689655,0.5517241379310345,0.3103448275862069,0.22380695532257672,-0.05591798695246972,-0.041006523765144465,James Wiseman | James Bouknight | Shabazz Muhammad | Marvin Bagley III | Julius Randle
xRAPM historical top15,risk,2,athleticism_tools + risk_uncertainty,35,0.34087182120787846,0.167169312169312,0.2,0.45714285714285713,0.5428571428571428,0.3142857142857143,0.22611971340087644,-0.0972972972972973,-0.03706563706563709,James Wiseman | James Bouknight | Shabazz Muhammad | Marvin Bagley III | Julius Randle
xRAPM historical top30,risk,3,creation_handle + athleticism_tools + risk_uncertainty,30,0.3427672140707351,0.2755753968253968,0.2,0.4,0.6,0.3333333333333333,0.2623365862752496,-0.12089552238805967,0.002487562189054715,Royce White | Bismack Biyombo | Shabazz Muhammad | Malachi Richardson | Joshua Primo
xRAPM historical top30,risk,3,defense + size_frame + risk_uncertainty,27,0.3429494782624647,0.2828968253968253,0.25925925925925924,0.4074074074074074,0.5925925925925926,0.4074074074074074,0.26251885046697915,-0.06163626312880044,0.07656163626312879,James Wiseman | Fab Melo | Bismack Biyombo | Shabazz Muhammad | Tyler Honeycutt
xRAPM historical top15,risk,3,feel_iq_passing + size_frame + injury_medical,10,0.3496602403756027,0.19541666666666674,0.3,0.4,0.6,0.4,0.2349081325686007,0.002702702702702675,0.04864864864864865,James Wiseman | Shabazz Muhammad | Alex Len | Kyrie Irving | Nerlens Noel
xRAPM historical top15,risk,3,shooting + size_frame + injury_medical,10,0.3496602403756027,0.19541666666666674,0.3,0.4,0.6,0.4,0.2349081325686007,0.002702702702702675,0.04864864864864865,James Wiseman | Shabazz Muhammad | Alex Len | Kyrie Irving | Nerlens Noel
xRAPM historical top30,risk,3,production_stats + injury_medical + risk_uncertainty,16,0.3515254200312535,0.08717336576207514,0.1875,0.4375,0.5625,0.3125,0.27109479223576793,-0.13339552238805968,-0.0183457711442786,James Wiseman | Shabazz Muhammad | Harry Giles III | Perry Jones III | Kris Dunn
xRAPM historical top30,risk,3,shooting + finishing_touch + risk_uncertainty,28,0.3532783170410182,0.3935648148148146,0.21428571428571427,0.35714285714285715,0.6428571428571429,0.35714285714285715,0.27284768924553265,-0.10660980810234541,0.02629708599857855,James Wiseman | Fab Melo | Bismack Biyombo | Julius Randle | Joshua Primo
xRAPM historical top30,risk,3,creation_handle + size_frame + risk_uncertainty,14,0.36232884419806294,0.49837045570916505,0.2857142857142857,0.35714285714285715,0.6428571428571429,0.42857142857142855,0.2818982164025774,-0.035181236673773986,0.09772565742714995,Royce White | Bismack Biyombo | Shabazz Muhammad | Terrico White | Bol Bol
xRAPM historical top15,risk,2,athleticism_tools + injury_medical,22,0.36292302033708684,0.45871031746031754,0.18181818181818182,0.36363636363636365,0.6363636363636364,0.45454545454545453,0.24817091253008483,-0.11547911547911549,0.10319410319410316,James Wiseman | Anthony Bennett | Shabazz Muhammad | Alex Len | Kris Dunn
xRAPM historical top15,risk,3,feel_iq_passing + shooting + injury_medical,14,0.3641516834126564,0.22189814814814807,0.21428571428571427,0.35714285714285715,0.6428571428571429,0.42857142857142855,0.2493995756056544,-0.08301158301158304,0.07722007722007718,James Wiseman | Shabazz Muhammad | Alex Len | Kris Dunn | Kyrie Irving
xRAPM historical top15,risk,3,feel_iq_passing + production_stats + injury_medical,11,0.36456567958551034,0.167169312169312,0.18181818181818182,0.36363636363636365,0.6363636363636364,0.36363636363636365,0.24981357177850833,-0.11547911547911549,0.012285012285012276,James Wiseman | Shabazz Muhammad | Kris Dunn | Kyrie Irving | Nerlens Noel
xRAPM historical top15,risk,3,athleticism_tools + production_stats + injury_medical,11,0.36456567958551034,0.167169312169312,0.18181818181818182,0.36363636363636365,0.6363636363636364,0.36363636363636365,0.24981357177850833,-0.11547911547911549,0.012285012285012276,James Wiseman | Shabazz Muhammad | Kris Dunn | Kyrie Irving | Nerlens Noel
xRAPM historical top15,risk,3,defense + production_stats + injury_medical,11,0.36456567958551034,0.167169312169312,0.18181818181818182,0.36363636363636365,0.6363636363636364,0.36363636363636365,0.24981357177850833,-0.11547911547911549,0.012285012285012276,James Wiseman | Shabazz Muhammad | Kris Dunn | Kyrie Irving | Nerlens Noel
xRAPM historical top15,risk,3,finishing_touch + defense + size_frame,27,0.3801823309729671,0.5737962962962961,0.3333333333333333,0.4074074074074074,0.5925925925925926,0.4444444444444444,0.2654302231659651,0.036036036036036,0.09309309309309305,James Wiseman | Kevin Knox II | Marquese Chriss | RJ Barrett | John Henson
xRAPM historical top30,risk,3,defense + injury_medical + risk_uncertainty,20,0.3995408152023368,0.22189814814814807,0.2,0.45,0.55,0.3,0.31911018740685126,-0.12089552238805967,-0.03084577114427861,James Wiseman | Shabazz Muhammad | Kevin Seraphin | C.J. Wilcox | Perry Jones III
xRAPM historical top30,risk,3,finishing_touch + defense + risk_uncertainty,25,0.40413235347608684,0.4247883597883599,0.2,0.32,0.68,0.36,0.3237017256806013,-0.12089552238805967,0.029154228855721387,James Wiseman | Fab Melo | Bismack Biyombo | Joshua Primo | Shane Larkin
xRAPM historical top30,risk,3,creation_handle + motor_competitiveness + risk_uncertainty,19,0.40617970350778665,0.2828968253968253,0.21052631578947367,0.3684210526315789,0.631578947368421,0.3684210526315789,0.3257490757123011,-0.11036920659858601,0.03757528148730033,Bismack Biyombo | Shabazz Muhammad | Terrico White | Ben McLemore | Deandre Ayton
xRAPM historical top15,risk,3,shooting + defense + injury_medical,16,0.4170572888249547,0.22189814814814807,0.1875,0.375,0.625,0.375,0.3023051810179527,-0.10979729729729731,0.02364864864864863,James Wiseman | Shabazz Muhammad | Alex Len | Kris Dunn | Jaylen Brown
xRAPM historical top15,risk,2,shooting + injury_medical,18,0.4206598251067667,0.22189814814814807,0.16666666666666666,0.3888888888888889,0.6111111111111112,0.3888888888888889,0.3059077172997647,-0.13063063063063066,0.037537537537537524,James Wiseman | Shabazz Muhammad | Alex Len | Kris Dunn | Jaylen Brown
xRAPM historical top15,risk,3,shooting + athleticism_tools + injury_medical,18,0.4206598251067667,0.22189814814814807,0.16666666666666666,0.3888888888888889,0.6111111111111112,0.3888888888888889,0.3059077172997647,-0.13063063063063066,0.037537537537537524,James Wiseman | Shabazz Muhammad | Alex Len | Kris Dunn | Jaylen Brown
xRAPM historical top15,risk,2,finishing_touch + size_frame,33,0.4467416923128188,0.6766269841269843,0.3333333333333333,0.3939393939393939,0.6060606060606061,0.48484848484848486,0.3319895845058168,0.036036036036036,0.1334971334971335,James Wiseman | Kevin Knox II | Marquese Chriss | Jordan Hill | RJ Barrett
xRAPM historical top15,risk,3,finishing_touch + athleticism_tools + size_frame,33,0.4467416923128188,0.6766269841269843,0.3333333333333333,0.3939393939393939,0.6060606060606061,0.48484848484848486,0.3319895845058168,0.036036036036036,0.1334971334971335,James Wiseman | Kevin Knox II | Marquese Chriss | Jordan Hill | RJ Barrett
xRAPM historical top30,risk,3,creation_handle + production_stats + risk_uncertainty,16,0.46156801527767455,0.4473438719750195,0.25,0.4375,0.5625,0.375,0.381137387482189,-0.07089552238805968,0.0441542288557214,Bismack Biyombo | Shabazz Muhammad | Malachi Richardson | Terrico White | Kris Dunn
xRAPM historical top30,risk,3,creation_handle + defense + risk_uncertainty,24,0.4638541895460908,0.2797619047619047,0.16666666666666666,0.3333333333333333,0.6666666666666666,0.3333333333333333,0.38342356175060527,-0.15422885572139303,0.002487562189054715,Bismack Biyombo | Shabazz Muhammad | Joshua Primo | Ben McLemore | Deandre Ayton
xRAPM historical top15,risk,3,finishing_touch + defense + risk_uncertainty,13,0.4794970983733542,0.2745238095238095,0.07692307692307693,0.3076923076923077,0.6923076923076923,0.38461538461538464,0.3647449905663522,-0.2203742203742204,0.033264033264033266,James Wiseman | Deandre Ayton | Stanley Johnson | Kyrie Irving | DeMarcus Cousins
xRAPM historical top30,risk,3,motor_competitiveness + injury_medical + risk_uncertainty,15,0.4835879299699587,0.2766269841269841,0.13333333333333333,0.4,0.6,0.3333333333333333,0.40315730217447315,-0.18756218905472635,0.002487562189054715,James Wiseman | Shabazz Muhammad | Perry Jones III | Bol Bol | Ziaire Williams
xRAPM historical top30,risk,3,feel_iq_passing + creation_handle + risk_uncertainty,25,0.4865915686362424,0.2766269841269841,0.24,0.36,0.64,0.36,0.4061609408407569,-0.08089552238805969,0.029154228855721387,Bismack Biyombo | Shabazz Muhammad | Malachi Richardson | Terrico White | Joshua Primo
xRAPM historical top15,risk,3,creation_handle + motor_competitiveness + risk_uncertainty,11,0.49528121422225085,0.2192063492063494,0.18181818181818182,0.36363636363636365,0.6363636363636364,0.36363636363636365,0.38052910641524884,-0.11547911547911549,0.012285012285012276,Shabazz Muhammad | Ben McLemore | Deandre Ayton | Nassir Little | Cole Anthony
xRAPM historical mature,risk,2,creation_handle + injury_medical,16,0.5106472304937897,0.45153037991152745,0.1875,0.375,0.625,0.4375,0.4231394512761134,-0.15388486312399358,0.11382850241545894,Shabazz Muhammad | Alex Len | Arnett Moultrie | Kris Dunn | Bol Bol
xRAPM historical mature,risk,3,creation_handle + athleticism_tools + injury_medical,16,0.5106472304937897,0.45153037991152745,0.1875,0.375,0.625,0.4375,0.4231394512761134,-0.15388486312399358,0.11382850241545894,Shabazz Muhammad | Alex Len | Arnett Moultrie | Kris Dunn | Bol Bol
xRAPM historical top15,risk,2,creation_handle + risk_uncertainty,16,0.5140169128201254,0.24686507936507945,0.125,0.375,0.625,0.3125,0.3992648050131234,-0.1722972972972973,-0.03885135135135137,Shabazz Muhammad | Ben McLemore | Deandre Ayton | Kris Dunn | Devin Vassell
xRAPM historical top15,risk,3,creation_handle + athleticism_tools + risk_uncertainty,16,0.5140169128201254,0.24686507936507945,0.125,0.375,0.625,0.3125,0.3992648050131234,-0.1722972972972973,-0.03885135135135137,Shabazz Muhammad | Ben McLemore | Deandre Ayton | Kris Dunn | Devin Vassell
xRAPM historical top15,risk,3,creation_handle + athleticism_tools + injury_medical,10,0.5248427800581422,0.5203020993343574,0.2,0.4,0.6,0.5,0.4100906722511402,-0.0972972972972973,0.14864864864864863,Shabazz Muhammad | Alex Len | Kris Dunn | Jaylen Brown | Nerlens Noel
xRAPM historical top15,risk,3,feel_iq_passing + defense + injury_medical,15,0.5376620980099738,0.2766269841269841,0.2,0.3333333333333333,0.6666666666666666,0.4666666666666667,0.42290999020297176,-0.0972972972972973,0.1153153153153153,James Wiseman | Shabazz Muhammad | Alex Len | Kris Dunn | Kyrie Irving
xRAPM historical mature,risk,3,creation_handle + motor_competitiveness + injury_medical,12,0.5390768260170472,0.6046473374295954,0.16666666666666666,0.3333333333333333,0.6666666666666666,0.5,0.45156904679937093,-0.17471819645732692,0.17632850241545894,Shabazz Muhammad | Arnett Moultrie | Bol Bol | Jaylen Brown | Nerlens Noel
xRAPM historical top15,risk,3,feel_iq_passing + creation_handle + risk_uncertainty,13,0.5437150796986863,0.2192063492063494,0.15384615384615385,0.38461538461538464,0.6153846153846154,0.3076923076923077,0.42896297189168425,-0.14345114345114346,-0.04365904365904366,Shabazz Muhammad | Ben McLemore | Deandre Ayton | Kris Dunn | Nassir Little
xRAPM historical top15,risk,2,feel_iq_passing + injury_medical,16,0.5839829854028691,0.5255753968253968,0.1875,0.3125,0.6875,0.5,0.46923087759586707,-0.10979729729729731,0.14864864864864863,James Wiseman | Shabazz Muhammad | Alex Len | Kris Dunn | Kyrie Irving
xRAPM historical top15,risk,3,feel_iq_passing + athleticism_tools + injury_medical,16,0.5839829854028691,0.5255753968253968,0.1875,0.3125,0.6875,0.5,0.46923087759586707,-0.10979729729729731,0.14864864864864863,James Wiseman | Shabazz Muhammad | Alex Len | Kris Dunn | Kyrie Irving
xRAPM historical mature,risk,3,feel_iq_passing + creation_handle + injury_medical,13,0.5947008904828841,0.6201639344262295,0.23076923076923078,0.3076923076923077,0.6923076923076923,0.46153846153846156,0.5071931112652078,-0.1106156323547628,0.1378669639539205,Shabazz Muhammad | Alex Len | Arnett Moultrie | Kris Dunn | Nerlens Noel
xRAPM historical top15,risk,3,athleticism_tools + injury_medical + risk_uncertainty,11,0.5949224809602917,0.167169312169312,0.18181818181818182,0.45454545454545453,0.5454545454545454,0.36363636363636365,0.48017037315328964,-0.11547911547911549,0.012285012285012276,James Wiseman | Shabazz Muhammad | Kris Dunn | Ed Davis | Kyrie Irving
xRAPM historical top15,risk,3,shooting + size_frame + risk_uncertainty,14,0.5964542824885991,0.7555753968253968,0.21428571428571427,0.35714285714285715,0.6428571428571429,0.5,0.4817021746815971,-0.08301158301158304,0.14864864864864863,James Wiseman | Shabazz Muhammad | Julius Randle | De'Andre Hunter | Kyrie Irving
xRAPM historical top15,risk,3,creation_handle + defense + risk_uncertainty,14,0.6297561014240587,0.2755753968253968,0.14285714285714285,0.2857142857142857,0.7142857142857143,0.35714285714285715,0.5150039936170566,-0.15444015444015446,0.00579150579150578,Shabazz Muhammad | Ben McLemore | Deandre Ayton | Kris Dunn | Cole Anthony
xRAPM historical top15,risk,3,shooting + motor_competitiveness + injury_medical,13,0.6329567460371267,0.2766269841269841,0.15384615384615385,0.3076923076923077,0.6923076923076923,0.46153846153846156,0.5182046382301246,-0.14345114345114346,0.1101871101871102,James Wiseman | Shabazz Muhammad | Jaylen Brown | Ed Davis | Nerlens Noel
xRAPM historical top15,risk,3,feel_iq_passing + size_frame + risk_uncertainty,14,0.6537719317705342,0.7555753968253968,0.21428571428571427,0.35714285714285715,0.6428571428571429,0.5,0.5390198239635321,-0.08301158301158304,0.14864864864864863,James Wiseman | Shabazz Muhammad | Julius Randle | De'Andre Hunter | Kyrie Irving
xRAPM historical top15,risk,3,feel_iq_passing + motor_competitiveness + injury_medical,11,0.6656250831449139,0.7745238095238094,0.18181818181818182,0.18181818181818182,0.8181818181818182,0.5454545454545454,0.5508729753379118,-0.11547911547911549,0.19410319410319404,James Wiseman | Shabazz Muhammad | Nerlens Noel | Skal Labissiere | Jaxson Hayes
xRAPM historical top15,risk,3,feel_iq_passing + injury_medical + risk_uncertainty,10,0.6923983356136978,0.22189814814814807,0.2,0.4,0.6,0.4,0.5776462278066957,-0.0972972972972973,0.04864864864864865,James Wiseman | Shabazz Muhammad | Kris Dunn | Kyrie Irving | Skal Labissiere
xRAPM historical top15,risk,3,defense + injury_medical + risk_uncertainty,10,0.6923983356136978,0.22189814814814807,0.2,0.4,0.6,0.4,0.5776462278066957,-0.0972972972972973,0.04864864864864865,James Wiseman | Shabazz Muhammad | Kris Dunn | Kyrie Irving | Skal Labissiere
xRAPM historical top15,risk,2,size_frame + risk_uncertainty,15,0.7036765543085832,1.2345238095238094,0.2,0.3333333333333333,0.6666666666666666,0.5333333333333333,0.5889244465015812,-0.0972972972972973,0.18198198198198196,James Wiseman | Shabazz Muhammad | Julius Randle | De'Andre Hunter | Kyrie Irving
xRAPM historical top15,risk,3,athleticism_tools + size_frame + risk_uncertainty,15,0.7036765543085832,1.2345238095238094,0.2,0.3333333333333333,0.6666666666666666,0.5333333333333333,0.5889244465015812,-0.0972972972972973,0.18198198198198196,James Wiseman | Shabazz Muhammad | Julius Randle | De'Andre Hunter | Kyrie Irving
xRAPM historical top30,risk,3,creation_handle + finishing_touch + risk_uncertainty,13,0.7320588113435812,0.6201639344262295,0.15384615384615385,0.23076923076923078,0.7692307692307693,0.38461538461538464,0.6516281835480957,-0.16704936854190583,0.05376961347110604,Bismack Biyombo | Joshua Primo | Deandre Ayton | Ekpe Udoh | Harrison Barnes
xRAPM historical mature,risk,3,creation_handle + production_stats + injury_medical,10,0.7788386708552625,0.7732808919442975,0.2,0.3,0.7,0.5,0.6913308916375862,-0.14138486312399356,0.17632850241545894,Shabazz Muhammad | Arnett Moultrie | Kris Dunn | Nerlens Noel | Aaron Nesmith
xRAPM historical top15,risk,3,motor_competitiveness + size_frame + risk_uncertainty,12,0.8365360837374101,1.6594841269841267,0.25,0.25,0.75,0.5833333333333334,0.721783975930408,-0.047297297297297314,0.231981981981982,James Wiseman | Shabazz Muhammad | Julius Randle | Cole Anthony | Jaxson Hayes
xRAPM historical top15,risk,3,defense + size_frame + risk_uncertainty,12,0.919799972626299,1.3184325396825392,0.16666666666666666,0.25,0.75,0.5833333333333334,0.8050478648192969,-0.13063063063063066,0.231981981981982,James Wiseman | Shabazz Muhammad | Kyrie Irving | Cole Anthony | Jaxson Hayes
