slice,combo_kind,combo_size,combo,n,mean_surplus,median_surplus,bust_or_major_underperform_rate,underperform_rate,positive_surplus_rate,big_overperform_rate,mean_surplus_delta_vs_baseline,bust_rate_delta_vs_baseline,big_overperform_rate_delta_vs_baseline,example_players
xRAPM historical mature,positive,3,feel_iq_passing + upside_tools + risk_uncertainty,14,0.7470752947104222,0.42281746031746015,0.07142857142857142,0.42857142857142855,0.5714285714285714,0.42857142857142855,0.659567515492746,-0.2699562916954221,0.10489993098688749,Bruce Brown | OG Anunoby | Montrezl Harrell | Ja Morant | Cody Zeller
xRAPM historical mature,positive,3,upside_tools + defense + risk_uncertainty,14,0.7470752947104222,0.42281746031746015,0.07142857142857142,0.42857142857142855,0.5714285714285714,0.42857142857142855,0.659567515492746,-0.2699562916954221,0.10489993098688749,Bruce Brown | OG Anunoby | Montrezl Harrell | Ja Morant | Cody Zeller
xRAPM historical mature,positive,3,feel_iq_passing + size_frame + risk_uncertainty,15,0.6777896754157944,0.5690079365079361,0.13333333333333333,0.4,0.6,0.4666666666666667,0.5902818961981181,-0.20805152979066024,0.14299516908212562,Bruce Brown | Klay Thompson | OG Anunoby | Montrezl Harrell | Ja Morant
xRAPM historical mature,positive,3,feel_iq_passing + motor_competitiveness + risk_uncertainty,15,0.6773531674792866,0.2766269841269841,0.06666666666666667,0.4666666666666667,0.5333333333333333,0.4,0.5898453882616104,-0.2747181964573269,0.07632850241545897,Bruce Brown | Klay Thompson | Montrezl Harrell | Ja Morant | Cody Zeller
xRAPM historical mature,positive,3,feel_iq_passing + defense + risk_uncertainty,16,0.6351649238769104,0.42281746031746015,0.125,0.4375,0.5625,0.4375,0.5476571446592341,-0.21638486312399358,0.11382850241545894,Bruce Brown | Klay Thompson | OG Anunoby | Montrezl Harrell | Ja Morant
xRAPM historical top30,positive,3,feel_iq_passing + motor_competitiveness + risk_uncertainty,13,0.6326088534481306,0.2766269841269841,0.0,0.46153846153846156,0.5384615384615384,0.38461538461538464,0.5521782256526451,-0.3208955223880597,0.05376961347110604,Klay Thompson | Montrezl Harrell | Ja Morant | Cody Zeller | Otto Porter Jr.
xRAPM historical mature,positive,3,upside_tools + production_stats + risk_uncertainty,15,0.6214633967561826,0.2766269841269841,0.13333333333333333,0.4666666666666667,0.5333333333333333,0.4,0.5339556175385063,-0.20805152979066024,0.07632850241545897,Bruce Brown | OG Anunoby | Montrezl Harrell | Ja Morant | Cody Zeller
xRAPM historical mature,positive,3,upside_tools + size_frame + risk_uncertainty,15,0.5764214156650211,0.2766269841269841,0.13333333333333333,0.4666666666666667,0.5333333333333333,0.4,0.48891363644734487,-0.20805152979066024,0.07632850241545897,Bruce Brown | OG Anunoby | Montrezl Harrell | Ja Morant | Cody Zeller
xRAPM historical mature,positive,3,feel_iq_passing + shooting + risk_uncertainty,16,0.5757766963636828,0.13621031746031745,0.125,0.5,0.5,0.4375,0.4882689171460065,-0.21638486312399358,0.11382850241545894,Bruce Brown | Klay Thompson | OG Anunoby | Montrezl Harrell | Ja Morant
xRAPM historical mature,positive,2,feel_iq_passing + risk_uncertainty,17,0.5753785340192273,0.2766269841269841,0.11764705882352941,0.47058823529411764,0.5294117647058824,0.4117647058823529,0.48787075480155107,-0.22373780430046417,0.08809320829781186,Bruce Brown | Klay Thompson | OG Anunoby | Montrezl Harrell | Ja Morant
xRAPM historical mature,positive,3,feel_iq_passing + athleticism_tools + risk_uncertainty,17,0.5753785340192273,0.2766269841269841,0.11764705882352941,0.47058823529411764,0.5294117647058824,0.4117647058823529,0.48787075480155107,-0.22373780430046417,0.08809320829781186,Bruce Brown | Klay Thompson | OG Anunoby | Montrezl Harrell | Ja Morant
xRAPM historical mature,positive,3,feel_iq_passing + production_stats + risk_uncertainty,17,0.5753785340192273,0.2766269841269841,0.11764705882352941,0.47058823529411764,0.5294117647058824,0.4117647058823529,0.48787075480155107,-0.22373780430046417,0.08809320829781186,Bruce Brown | Klay Thompson | OG Anunoby | Montrezl Harrell | Ja Morant
xRAPM historical mature,positive,3,shooting + defense + risk_uncertainty,17,0.561806065265644,0.2766269841269841,0.17647058823529413,0.47058823529411764,0.5294117647058824,0.47058823529411764,0.47429828604796775,-0.16491427488869945,0.14691673770957658,Bruce Brown | Klay Thompson | OG Anunoby | Montrezl Harrell | Cory Jefferson
xRAPM historical mature,positive,2,upside_tools + risk_uncertainty,16,0.5401321803605604,0.13621031746031745,0.125,0.5,0.5,0.375,0.45262440114288416,-0.21638486312399358,0.05132850241545894,Bruce Brown | OG Anunoby | Montrezl Harrell | Ja Morant | Cody Zeller
xRAPM historical mature,positive,3,athleticism_tools + upside_tools + risk_uncertainty,16,0.5401321803605604,0.13621031746031745,0.125,0.5,0.5,0.375,0.45262440114288416,-0.21638486312399358,0.05132850241545894,Bruce Brown | OG Anunoby | Montrezl Harrell | Ja Morant | Cody Zeller
xRAPM historical mature,positive,3,shooting + upside_tools + risk_uncertainty,15,0.5382071299507353,-0.0042063492063492,0.13333333333333333,0.5333333333333333,0.4666666666666667,0.4,0.450699350733059,-0.20805152979066024,0.07632850241545897,Bruce Brown | OG Anunoby | Montrezl Harrell | Ja Morant | Cody Zeller
xRAPM historical top30,positive,3,feel_iq_passing + upside_tools + risk_uncertainty,11,0.5182118580673675,0.2766269841269841,0.0,0.45454545454545453,0.5454545454545454,0.36363636363636365,0.4377812302718819,-0.3208955223880597,0.03279059249208505,Montrezl Harrell | Ja Morant | Cody Zeller | Otto Porter Jr. | Ante Zizic
xRAPM historical top30,positive,3,upside_tools + defense + risk_uncertainty,11,0.5182118580673675,0.2766269841269841,0.0,0.45454545454545453,0.5454545454545454,0.36363636363636365,0.4377812302718819,-0.3208955223880597,0.03279059249208505,Montrezl Harrell | Ja Morant | Cody Zeller | Otto Porter Jr. | Ante Zizic
xRAPM historical mature,positive,3,defense + motor_competitiveness + risk_uncertainty,17,0.49959395820059577,0.2766269841269841,0.17647058823529413,0.47058823529411764,0.5294117647058824,0.4117647058823529,0.41208617898291944,-0.16491427488869945,0.08809320829781186,Bruce Brown | Klay Thompson | Montrezl Harrell | Cory Jefferson | Ja Morant
xRAPM historical mature,positive,3,shooting + motor_competitiveness + risk_uncertainty,17,0.4947799214747943,-0.0042063492063492,0.17647058823529413,0.5294117647058824,0.47058823529411764,0.4117647058823529,0.40727214225711805,-0.16491427488869945,0.08809320829781186,Bruce Brown | Klay Thompson | Montrezl Harrell | Cory Jefferson | Ja Morant
xRAPM historical mature,positive,3,upside_tools + motor_competitiveness + risk_uncertainty,14,0.4642578343929619,0.13621031746031745,0.14285714285714285,0.5,0.5,0.35714285714285715,0.3767500551752856,-0.19852772026685073,0.033471359558316094,Bruce Brown | Montrezl Harrell | Ja Morant | Cody Zeller | Otto Porter Jr.
xRAPM historical mature,positive,3,defense + size_frame + risk_uncertainty,18,0.45102451137522465,0.42281746031746015,0.2222222222222222,0.4444444444444444,0.5555555555555556,0.4444444444444444,0.3635167321575483,-0.11916264090177137,0.12077294685990336,Bruce Brown | Klay Thompson | OG Anunoby | Montrezl Harrell | Cory Jefferson
xRAPM historical top30,positive,3,feel_iq_passing + size_frame + risk_uncertainty,12,0.4506767870026706,0.42281746031746015,0.08333333333333333,0.4166666666666667,0.5833333333333334,0.4166666666666667,0.37024615920718507,-0.23756218905472637,0.08582089552238809,Klay Thompson | Montrezl Harrell | Ja Morant | Cody Zeller | Otto Porter Jr.
xRAPM historical mature,positive,3,motor_competitiveness + size_frame + risk_uncertainty,17,0.4329529684713707,0.2766269841269841,0.23529411764705882,0.47058823529411764,0.5294117647058824,0.4117647058823529,0.3454451892536944,-0.10609074547693476,0.08809320829781186,Bruce Brown | Klay Thompson | Montrezl Harrell | Cory Jefferson | Ja Morant
xRAPM historical mature,positive,3,shooting + size_frame + risk_uncertainty,18,0.4298872343636307,0.12382936507936515,0.2222222222222222,0.5,0.5,0.4444444444444444,0.34237945514595436,-0.11916264090177137,0.12077294685990336,Bruce Brown | Klay Thompson | OG Anunoby | Montrezl Harrell | Cory Jefferson
xRAPM historical mature,positive,2,defense + risk_uncertainty,19,0.427064992397247,0.2766269841269841,0.21052631578947367,0.47368421052631576,0.5263157894736842,0.42105263157894735,0.33955721317957066,-0.1308585473345199,0.09738113399440629,Bruce Brown | Klay Thompson | OG Anunoby | Montrezl Harrell | Cory Jefferson
xRAPM historical mature,positive,3,athleticism_tools + defense + risk_uncertainty,19,0.427064992397247,0.2766269841269841,0.21052631578947367,0.47368421052631576,0.5263157894736842,0.42105263157894735,0.33955721317957066,-0.1308585473345199,0.09738113399440629,Bruce Brown | Klay Thompson | OG Anunoby | Montrezl Harrell | Cory Jefferson
xRAPM historical mature,positive,3,defense + production_stats + risk_uncertainty,19,0.427064992397247,0.2766269841269841,0.21052631578947367,0.47368421052631576,0.5263157894736842,0.42105263157894735,0.33955721317957066,-0.1308585473345199,0.09738113399440629,Bruce Brown | Klay Thompson | OG Anunoby | Montrezl Harrell | Cory Jefferson
xRAPM historical mature,positive,3,shooting + production_stats + risk_uncertainty,19,0.42275769637942473,-0.0042063492063492,0.21052631578947367,0.5263157894736842,0.47368421052631576,0.42105263157894735,0.33524991716174846,-0.1308585473345199,0.09738113399440629,Bruce Brown | Klay Thompson | OG Anunoby | Montrezl Harrell | Cory Jefferson
xRAPM historical top30,positive,3,feel_iq_passing + defense + risk_uncertainty,13,0.4156857765250538,0.2766269841269841,0.07692307692307693,0.46153846153846156,0.5384615384615384,0.38461538461538464,0.33525514872956824,-0.24397244546498276,0.05376961347110604,Klay Thompson | Montrezl Harrell | Ja Morant | Cody Zeller | Otto Porter Jr.
xRAPM historical top30,positive,3,upside_tools + motor_competitiveness + risk_uncertainty,12,0.3802689386781557,0.13621031746031745,0.08333333333333333,0.5,0.5,0.3333333333333333,0.29983831088267016,-0.23756218905472637,0.002487562189054715,Montrezl Harrell | Ja Morant | Cody Zeller | Otto Porter Jr. | Ante Zizic
xRAPM historical top30,positive,3,upside_tools + production_stats + risk_uncertainty,12,0.3802689386781557,0.13621031746031745,0.08333333333333333,0.5,0.5,0.3333333333333333,0.29983831088267016,-0.23756218905472637,0.002487562189054715,Montrezl Harrell | Ja Morant | Cody Zeller | Otto Porter Jr. | Ante Zizic
xRAPM historical mature,positive,2,shooting + risk_uncertainty,20,0.367628008281765,-0.016587301587301498,0.2,0.55,0.45,0.4,0.28012022906408873,-0.14138486312399356,0.07632850241545897,Bruce Brown | Klay Thompson | OG Anunoby | Montrezl Harrell | Cory Jefferson
xRAPM historical mature,positive,3,shooting + athleticism_tools + risk_uncertainty,20,0.367628008281765,-0.016587301587301498,0.2,0.55,0.45,0.4,0.28012022906408873,-0.14138486312399356,0.07632850241545897,Bruce Brown | Klay Thompson | OG Anunoby | Montrezl Harrell | Cory Jefferson
xRAPM historical mature,positive,3,size_frame + production_stats + risk_uncertainty,19,0.3674388436921509,0.2766269841269841,0.2631578947368421,0.47368421052631576,0.5263157894736842,0.42105263157894735,0.2799310644744746,-0.07822696838715149,0.09738113399440629,Bruce Brown | Klay Thompson | OG Anunoby | Montrezl Harrell | Cory Jefferson
xRAPM historical mature,positive,2,motor_competitiveness + risk_uncertainty,19,0.3670942321633289,-0.0042063492063492,0.21052631578947367,0.5263157894736842,0.47368421052631576,0.3684210526315789,0.27958645294565265,-0.1308585473345199,0.04474955504703787,Bruce Brown | Klay Thompson | Montrezl Harrell | Cory Jefferson | Ja Morant
xRAPM historical mature,positive,3,athleticism_tools + motor_competitiveness + risk_uncertainty,19,0.3670942321633289,-0.0042063492063492,0.21052631578947367,0.5263157894736842,0.47368421052631576,0.3684210526315789,0.27958645294565265,-0.1308585473345199,0.04474955504703787,Bruce Brown | Klay Thompson | Montrezl Harrell | Cory Jefferson | Ja Morant
xRAPM historical mature,positive,3,motor_competitiveness + production_stats + risk_uncertainty,19,0.3670942321633289,-0.0042063492063492,0.21052631578947367,0.5263157894736842,0.47368421052631576,0.3684210526315789,0.27958645294565265,-0.1308585473345199,0.04474955504703787,Bruce Brown | Klay Thompson | Montrezl Harrell | Cory Jefferson | Ja Morant
xRAPM historical top30,positive,2,feel_iq_passing + risk_uncertainty,14,0.35876509936585677,0.13621031746031745,0.07142857142857142,0.5,0.5,0.35714285714285715,0.2783344715703712,-0.24946695095948826,0.02629708599857855,Klay Thompson | Montrezl Harrell | Ja Morant | Cody Zeller | Otto Porter Jr.
xRAPM historical top30,positive,3,feel_iq_passing + athleticism_tools + risk_uncertainty,14,0.35876509936585677,0.13621031746031745,0.07142857142857142,0.5,0.5,0.35714285714285715,0.2783344715703712,-0.24946695095948826,0.02629708599857855,Klay Thompson | Montrezl Harrell | Ja Morant | Cody Zeller | Otto Porter Jr.
xRAPM historical top30,positive,3,feel_iq_passing + production_stats + risk_uncertainty,14,0.35876509936585677,0.13621031746031745,0.07142857142857142,0.5,0.5,0.35714285714285715,0.2783344715703712,-0.24946695095948826,0.02629708599857855,Klay Thompson | Montrezl Harrell | Ja Morant | Cody Zeller | Otto Porter Jr.
xRAPM historical top30,positive,3,feel_iq_passing + shooting + risk_uncertainty,13,0.34259257343185057,-0.0042063492063492,0.07692307692307693,0.5384615384615384,0.46153846153846156,0.38461538461538464,0.262161945636365,-0.24397244546498276,0.05376961347110604,Klay Thompson | Montrezl Harrell | Ja Morant | Cody Zeller | Otto Porter Jr.
xRAPM historical top30,positive,3,upside_tools + size_frame + risk_uncertainty,12,0.32396646231420395,0.12382936507936515,0.08333333333333333,0.5,0.5,0.3333333333333333,0.2435358345187184,-0.23756218905472637,0.002487562189054715,Montrezl Harrell | Ja Morant | Cody Zeller | Otto Porter Jr. | Ante Zizic
xRAPM historical mature,positive,2,size_frame + risk_uncertainty,20,0.31507509822885493,0.12382936507936515,0.25,0.5,0.5,0.4,0.22756731901117863,-0.09138486312399358,0.07632850241545897,Bruce Brown | Klay Thompson | OG Anunoby | Montrezl Harrell | Cory Jefferson
xRAPM historical mature,positive,3,athleticism_tools + size_frame + risk_uncertainty,20,0.31507509822885493,0.12382936507936515,0.25,0.5,0.5,0.4,0.22756731901117863,-0.09138486312399358,0.07632850241545897,Bruce Brown | Klay Thompson | OG Anunoby | Montrezl Harrell | Cory Jefferson
xRAPM historical mature,positive,2,production_stats + risk_uncertainty,21,0.31409180844003887,-0.0042063492063492,0.23809523809523808,0.5238095238095238,0.47619047619047616,0.38095238095238093,0.22658402922236257,-0.1032896250287555,0.057280883367839874,Bruce Brown | Klay Thompson | OG Anunoby | Montrezl Harrell | Cory Jefferson
xRAPM historical mature,positive,3,athleticism_tools + production_stats + risk_uncertainty,21,0.31409180844003887,-0.0042063492063492,0.23809523809523808,0.5238095238095238,0.47619047619047616,0.38095238095238093,0.22658402922236257,-0.1032896250287555,0.057280883367839874,Bruce Brown | Klay Thompson | OG Anunoby | Montrezl Harrell | Cory Jefferson
xRAPM historical top30,positive,2,upside_tools + risk_uncertainty,13,0.29872239988954596,-0.0042063492063492,0.07692307692307693,0.5384615384615384,0.46153846153846156,0.3076923076923077,0.21829177209406042,-0.24397244546498276,-0.02315346345197089,Montrezl Harrell | Ja Morant | Cody Zeller | Otto Porter Jr. | Ante Zizic
xRAPM historical top30,positive,3,athleticism_tools + upside_tools + risk_uncertainty,13,0.29872239988954596,-0.0042063492063492,0.07692307692307693,0.5384615384615384,0.46153846153846156,0.3076923076923077,0.21829177209406042,-0.24397244546498276,-0.02315346345197089,Montrezl Harrell | Ja Morant | Cody Zeller | Otto Porter Jr. | Ante Zizic
xRAPM historical top30,positive,3,shooting + upside_tools + risk_uncertainty,12,0.2761986051713468,-0.016587301587301498,0.08333333333333333,0.5833333333333334,0.4166666666666667,0.3333333333333333,0.19576797737586127,-0.23756218905472637,0.002487562189054715,Montrezl Harrell | Ja Morant | Cody Zeller | Otto Porter Jr. | Obi Toppin
xRAPM historical top30,positive,3,defense + motor_competitiveness + risk_uncertainty,14,0.2758956738178599,0.13621031746031745,0.14285714285714285,0.5,0.5,0.35714285714285715,0.19546504602237436,-0.17803837953091683,0.02629708599857855,Klay Thompson | Montrezl Harrell | Ja Morant | Cody Zeller | Otto Porter Jr.
xRAPM historical top30,positive,3,shooting + motor_competitiveness + risk_uncertainty,14,0.27005005779367236,-0.016587301587301498,0.14285714285714285,0.5714285714285714,0.42857142857142855,0.35714285714285715,0.18961942999818682,-0.17803837953091683,0.02629708599857855,Klay Thompson | Montrezl Harrell | Ja Morant | Cody Zeller | Otto Porter Jr.
xRAPM historical mature,positive,2,athleticism_tools + risk_uncertainty,22,0.26891326871213844,-0.016587301587301498,0.22727272727272727,0.5454545454545454,0.45454545454545453,0.36363636363636365,0.18140548949446214,-0.11411213585126631,0.03996486605182259,Bruce Brown | Klay Thompson | OG Anunoby | Montrezl Harrell | Cory Jefferson
xRAPM historical mature,positive,3,finishing_touch + athleticism_tools + risk_uncertainty,11,0.26466164360430633,0.2766269841269841,0.2727272727272727,0.45454545454545453,0.5454545454545454,0.36363636363636365,0.17715386438663003,-0.06865759039672087,0.03996486605182259,Montrezl Harrell | Cory Jefferson | Ja Morant | Cody Zeller | Ante Zizic
xRAPM historical mature,positive,3,finishing_touch + defense + risk_uncertainty,11,0.26466164360430633,0.2766269841269841,0.2727272727272727,0.45454545454545453,0.5454545454545454,0.36363636363636365,0.17715386438663003,-0.06865759039672087,0.03996486605182259,Montrezl Harrell | Cory Jefferson | Ja Morant | Cody Zeller | Ante Zizic
xRAPM historical mature,positive,3,finishing_touch + motor_competitiveness + risk_uncertainty,11,0.26466164360430633,0.2766269841269841,0.2727272727272727,0.45454545454545453,0.5454545454545454,0.36363636363636365,0.17715386438663003,-0.06865759039672087,0.03996486605182259,Montrezl Harrell | Cory Jefferson | Ja Morant | Cody Zeller | Ante Zizic
xRAPM historical mature,positive,3,finishing_touch + size_frame + risk_uncertainty,11,0.26466164360430633,0.2766269841269841,0.2727272727272727,0.45454545454545453,0.5454545454545454,0.36363636363636365,0.17715386438663003,-0.06865759039672087,0.03996486605182259,Montrezl Harrell | Cory Jefferson | Ja Morant | Cody Zeller | Ante Zizic
xRAPM historical mature,positive,3,finishing_touch + production_stats + risk_uncertainty,11,0.26466164360430633,0.2766269841269841,0.2727272727272727,0.45454545454545453,0.5454545454545454,0.36363636363636365,0.17715386438663003,-0.06865759039672087,0.03996486605182259,Montrezl Harrell | Cory Jefferson | Ja Morant | Cody Zeller | Ante Zizic
xRAPM historical top15,positive,3,defense + production_stats + intel_consensus,13,0.2518289545814663,-0.2336021505376344,0.23076923076923078,0.6153846153846154,0.38461538461538464,0.38461538461538464,0.1370768467744643,-0.06652806652806653,0.033264033264033266,Donovan Mitchell | Kyle Anderson | CJ McCollum | Rodney Hood | Gary Harris
xRAPM historical mature,positive,3,feel_iq_passing + production_stats + intel_consensus,22,0.24439574152107693,-0.2036021505376343,0.22727272727272727,0.5454545454545454,0.45454545454545453,0.36363636363636365,0.15688796230340063,-0.11411213585126631,0.03996486605182259,Kyle Anderson | Donte DiVincenzo | CJ McCollum | Cameron Johnson | Rodney Hood
xRAPM historical top15,positive,3,feel_iq_passing + athleticism_tools + defense,130,0.24102330795070476,0.20011904761904759,0.24615384615384617,0.4307692307692308,0.5692307692307692,0.38461538461538464,0.12627120014370274,-0.051143451143451146,0.033264033264033266,Kawhi Leonard | Stephen Curry | Franz Wagner | Paul George | Joel Embiid
xRAPM historical mature,positive,3,feel_iq_passing + creation_handle + defense,182,0.23763036307023155,0.2462103174603176,0.3021978021978022,0.44505494505494503,0.554945054945055,0.4010989010989011,0.15012258385255525,-0.0391870609261914,0.07742740351436006,Kawhi Leonard | Stephen Curry | Immanuel Quickley | Mitchell Robinson | Joel Embiid
xRAPM historical mature,positive,3,feel_iq_passing + defense + production_stats,298,0.23519468352607403,0.15466931216931207,0.2785234899328859,0.4697986577181208,0.5302013422818792,0.37583892617449666,0.14768690430839773,-0.06286137319110768,0.0521674285899556,Herbert Jones | Stephen Curry | Franz Wagner | Immanuel Quickley | Paul George
xRAPM historical top15,positive,2,feel_iq_passing + defense,131,0.23170377074822787,0.1810317460317458,0.25190839694656486,0.4351145038167939,0.5648854961832062,0.3816793893129771,0.11695166294122585,-0.04538890035073245,0.030328037961625753,Kawhi Leonard | Stephen Curry | Franz Wagner | Paul George | Joel Embiid
xRAPM historical top30,positive,3,feel_iq_passing + defense + production_stats,216,0.2293548128980367,0.19160052910052874,0.24074074074074073,0.44907407407407407,0.5509259259259259,0.375,0.14892418510255115,-0.08015478164731896,0.0441542288557214,Stephen Curry | Franz Wagner | Paul George | Desmond Bane | Joel Embiid
xRAPM historical mature,positive,2,feel_iq_passing + intel_consensus,26,0.22817351044798778,-0.2036021505376343,0.2692307692307692,0.5384615384615384,0.46153846153846156,0.34615384615384615,0.14066573123031148,-0.07215409389322436,0.02248234856930509,Kyle Anderson | Jusuf Nurkić | Donte DiVincenzo | CJ McCollum | Cameron Johnson
xRAPM historical mature,positive,3,feel_iq_passing + athleticism_tools + intel_consensus,26,0.22817351044798778,-0.2036021505376343,0.2692307692307692,0.5384615384615384,0.46153846153846156,0.34615384615384615,0.14066573123031148,-0.07215409389322436,0.02248234856930509,Kyle Anderson | Jusuf Nurkić | Donte DiVincenzo | CJ McCollum | Cameron Johnson
xRAPM historical top15,positive,3,feel_iq_passing + creation_handle + motor_competitiveness,80,0.22677444207928715,0.37478835978835995,0.3125,0.3875,0.6125,0.4375,0.11202233427228513,0.015202702702702686,0.08614864864864863,Kawhi Leonard | Stephen Curry | Joel Embiid | Jayson Tatum | Ricky Rubio
xRAPM historical top15,positive,3,feel_iq_passing + shooting + defense,124,0.22362246043695297,0.20011904761904759,0.2661290322580645,0.43548387096774194,0.5645161290322581,0.3870967741935484,0.10887035262995094,-0.031168265039232812,0.035745422842197005,Kawhi Leonard | Stephen Curry | Franz Wagner | Paul George | Joel Embiid
xRAPM historical top15,positive,3,feel_iq_passing + defense + production_stats,116,0.2226421920520302,0.20011904761904759,0.25,0.43103448275862066,0.5689655172413793,0.3879310344827586,0.10789008424502818,-0.047297297297297314,0.03657968313140725,Stephen Curry | Franz Wagner | Paul George | Joel Embiid | Jayson Tatum
xRAPM historical mature,positive,3,feel_iq_passing + shooting + intel_consensus,24,0.21773344456238106,-0.21378520225294406,0.2916666666666667,0.5416666666666666,0.4583333333333333,0.3333333333333333,0.13022566534470476,-0.04971819645732689,0.009661835748792258,Kyle Anderson | Jusuf Nurkić | Donte DiVincenzo | CJ McCollum | Cameron Johnson
xRAPM historical mature,positive,3,feel_iq_passing + athleticism_tools + production_stats,354,0.20810850787564342,0.0994973544973546,0.2994350282485876,0.4830508474576271,0.5169491525423728,0.3559322033898305,0.12060072865796712,-0.04194983487540599,0.03226070580528945,Draymond Green | Herbert Jones | Stephen Curry | Franz Wagner | Immanuel Quickley
xRAPM historical mature,positive,3,feel_iq_passing + athleticism_tools + defense,377,0.20356541764446184,0.1142063492063494,0.2917771883289125,0.4827586206896552,0.5172413793103449,0.3660477453580902,0.11605763842678554,-0.0496076747950811,0.04237624777354915,Kawhi Leonard | Herbert Jones | Stephen Curry | Franz Wagner | Immanuel Quickley
xRAPM historical mature,positive,3,creation_handle + defense + production_stats,164,0.20278848365888874,0.2462103174603176,0.29878048780487804,0.4451219512195122,0.5548780487804879,0.39634146341463417,0.11528070444121244,-0.04260437531911554,0.07266996583009311,Stephen Curry | Immanuel Quickley | Mitchell Robinson | Joel Embiid | Malcolm Brogdon
xRAPM historical top15,positive,3,feel_iq_passing + creation_handle + defense,82,0.20013713215773976,0.2901984126984128,0.3170731707317073,0.4024390243902439,0.5975609756097561,0.4146341463414634,0.08538502435073773,0.019775873434410007,0.06328279499011202,Kawhi Leonard | Stephen Curry | Joel Embiid | Jayson Tatum | Ricky Rubio
xRAPM historical mature,positive,3,feel_iq_passing + defense + intel_consensus,21,0.1987046163459047,-0.2336021505376344,0.23809523809523808,0.5714285714285714,0.42857142857142855,0.38095238095238093,0.11119683712822839,-0.1032896250287555,0.057280883367839874,Kyle Anderson | Donte DiVincenzo | CJ McCollum | Cameron Johnson | Rodney Hood
xRAPM historical top30,positive,3,feel_iq_passing + athleticism_tools + production_stats,252,0.19805649814691834,0.15466931216931207,0.2698412698412698,0.46825396825396826,0.5317460317460317,0.35714285714285715,0.11762587035143279,-0.05105425254678986,0.02629708599857855,Draymond Green | Stephen Curry | Franz Wagner | Paul George | Desmond Bane
xRAPM historical mature,positive,2,feel_iq_passing + production_stats,359,0.1955730610182202,0.0604761904761903,0.30362116991643456,0.48746518105849584,0.5125348189415042,0.35097493036211697,0.1080652818005439,-0.03776369320755901,0.02730343277757591,Draymond Green | Herbert Jones | Stephen Curry | Franz Wagner | Immanuel Quickley
xRAPM historical top30,positive,3,motor_competitiveness + size_frame + risk_uncertainty,14,0.1949744720038009,0.12382936507936515,0.21428571428571427,0.5,0.5,0.35714285714285715,0.11454384420831537,-0.10660980810234541,0.02629708599857855,Klay Thompson | Montrezl Harrell | Ja Morant | Cody Zeller | Otto Porter Jr.
xRAPM historical mature,positive,2,feel_iq_passing + defense,380,0.19463381720333509,0.09384259259259295,0.29473684210526313,0.4868421052631579,0.5131578947368421,0.3631578947368421,0.10712603798565878,-0.046648021018730446,0.03948639715230107,Kawhi Leonard | Herbert Jones | Stephen Curry | Franz Wagner | Immanuel Quickley
xRAPM historical top30,positive,3,feel_iq_passing + shooting + intel_consensus,20,0.19270785749960137,-0.21378520225294406,0.3,0.55,0.45,0.35,0.11227722970411583,-0.020895522388059695,0.019154228855721378,Kyle Anderson | Jusuf Nurkić | Donte DiVincenzo | CJ McCollum | Rodney Hood
xRAPM historical mature,positive,3,creation_handle + athleticism_tools + defense,202,0.19151426648066433,0.19776587301587273,0.3118811881188119,0.4603960396039604,0.5396039603960396,0.3910891089108911,0.10400648726298803,-0.029503675005181695,0.06741761132635005,Kawhi Leonard | Stephen Curry | Immanuel Quickley | Mitchell Robinson | Joel Embiid
xRAPM historical top30,positive,2,feel_iq_passing + production_stats,254,0.19146681409298805,0.1311666232977708,0.27165354330708663,0.47244094488188976,0.5275590551181102,0.3543307086614173,0.1110361862975025,-0.04924197908097305,0.023484937517138704,Draymond Green | Stephen Curry | Franz Wagner | Paul George | Desmond Bane
xRAPM historical top15,positive,2,feel_iq_passing + athleticism_tools,149,0.19144854235865333,0.1745238095238093,0.2751677852348993,0.44966442953020136,0.5503355704697986,0.3691275167785235,0.0766964345516513,-0.022129512062397994,0.01777616542717214,Kawhi Leonard | Stephen Curry | Franz Wagner | Paul George | Joel Embiid
xRAPM historical top15,positive,3,feel_iq_passing + athleticism_tools + motor_competitiveness,124,0.19033187288183134,0.20011904761904759,0.25,0.43548387096774194,0.5645161290322581,0.3790322580645161,0.07557976507482932,-0.047297297297297314,0.027680906713164755,Kawhi Leonard | Stephen Curry | Franz Wagner | Joel Embiid | Jayson Tatum
xRAPM historical top15,positive,3,shooting + defense + production_stats,130,0.1898501319350947,0.17084656084656064,0.2692307692307692,0.4461538461538462,0.5538461538461539,0.3769230769230769,0.07509802412809267,-0.028066528066528096,0.025571725571725545,Stephen Curry | Franz Wagner | Paul George | Joel Embiid | Jayson Tatum
xRAPM historical top30,positive,3,feel_iq_passing + athleticism_tools + defense,258,0.18899333801316007,0.17084656084656064,0.26356589147286824,0.4573643410852713,0.5426356589147286,0.3682170542635659,0.10856271021767452,-0.05732963091519144,0.03737128311928728,Kawhi Leonard | Stephen Curry | Franz Wagner | Paul George | Desmond Bane
xRAPM historical top15,positive,3,feel_iq_passing + defense + motor_competitiveness,112,0.18792784448682434,0.20011904761904759,0.24107142857142858,0.42857142857142855,0.5714285714285714,0.375,0.07317573667982231,-0.05622586872586874,0.02364864864864863,Kawhi Leonard | Stephen Curry | Franz Wagner | Joel Embiid | Jayson Tatum
xRAPM historical top15,positive,3,feel_iq_passing + athleticism_tools + production_stats,131,0.1876130686379493,0.1810317460317458,0.2748091603053435,0.44274809160305345,0.5572519083969466,0.3816793893129771,0.07286096083094727,-0.02248813699195379,0.030328037961625753,Stephen Curry | Franz Wagner | Paul George | Joel Embiid | Jayson Tatum
xRAPM historical top15,positive,3,feel_iq_passing + creation_handle + size_frame,83,0.184977113796295,0.2766269841269844,0.3253012048192771,0.39759036144578314,0.6024096385542169,0.40963855421686746,0.07022500598929297,0.028003907521979787,0.058287202865516086,Stephen Curry | Joel Embiid | Jayson Tatum | Ricky Rubio | Tyrese Haliburton
xRAPM historical mature,positive,2,creation_handle + defense,203,0.18315387521085652,0.1810317460317458,0.31527093596059114,0.4630541871921182,0.5369458128078818,0.3891625615763547,0.09564609599318022,-0.02611392716340244,0.06549106399181365,Kawhi Leonard | Stephen Curry | Immanuel Quickley | Mitchell Robinson | Joel Embiid
xRAPM historical top30,positive,2,feel_iq_passing + defense,260,0.18262544020765706,0.15466931216931207,0.2653846153846154,0.46153846153846156,0.5384615384615384,0.36538461538461536,0.10219481241217152,-0.0555109070034443,0.034538844240336763,Kawhi Leonard | Stephen Curry | Franz Wagner | Paul George | Desmond Bane
xRAPM historical top15,positive,3,feel_iq_passing + shooting + athleticism_tools,142,0.18240721082819483,0.17777777777777753,0.2887323943661972,0.4507042253521127,0.5492957746478874,0.3732394366197183,0.0676551030211928,-0.008564902931100127,0.02188808526836694,Kawhi Leonard | Stephen Curry | Franz Wagner | Paul George | Joel Embiid
xRAPM historical top15,positive,3,feel_iq_passing + defense + size_frame,108,0.18224969102836955,0.20011904761904759,0.26851851851851855,0.42592592592592593,0.5740740740740741,0.37962962962962965,0.06749758322136752,-0.02877877877877877,0.02827827827827828,Stephen Curry | Franz Wagner | Paul George | Joel Embiid | Jayson Tatum
xRAPM historical top15,positive,2,feel_iq_passing + motor_competitiveness,125,0.18097052937418656,0.1810317460317458,0.256,0.44,0.56,0.376,0.06621842156718453,-0.04129729729729731,0.02464864864864863,Kawhi Leonard | Stephen Curry | Franz Wagner | Joel Embiid | Jayson Tatum
xRAPM historical top30,positive,3,feel_iq_passing + production_stats + intel_consensus,17,0.18027941419237656,-0.2336021505376344,0.23529411764705882,0.5882352941176471,0.4117647058823529,0.35294117647058826,0.09984878639689101,-0.08560140474100086,0.02209540532630966,Kyle Anderson | Donte DiVincenzo | CJ McCollum | Rodney Hood | Gary Harris
xRAPM historical top15,positive,3,feel_iq_passing + shooting + production_stats,127,0.17960079043697036,0.1810317460317458,0.29133858267716534,0.44881889763779526,0.5511811023622047,0.3858267716535433,0.06484868262996833,-0.005958714620131977,0.03447542030219192,Stephen Curry | Franz Wagner | Paul George | Joel Embiid | Jayson Tatum
xRAPM historical mature,positive,3,feel_iq_passing + creation_handle + production_stats,176,0.17951464438559064,0.19776587301587273,0.3068181818181818,0.4602272727272727,0.5397727272727273,0.3806818181818182,0.09200686516791434,-0.03456668130581175,0.05701032059727712,Stephen Curry | Immanuel Quickley | Mitchell Robinson | Joel Embiid | Malcolm Brogdon
xRAPM historical top15,positive,3,defense + size_frame + production_stats,115,0.17941660695265366,0.1810317460317458,0.26956521739130435,0.43478260869565216,0.5652173913043478,0.3739130434782609,0.06466449914565163,-0.027732079905992968,0.022561692126909505,Stephen Curry | Franz Wagner | Paul George | Joel Embiid | Jayson Tatum
xRAPM historical top15,positive,2,feel_iq_passing + production_stats,132,0.17876875701513328,0.17777777777777753,0.2803030303030303,0.44696969696969696,0.553030303030303,0.3787878787878788,0.06401664920813126,-0.016994266994267038,0.027436527436527414,Stephen Curry | Franz Wagner | Paul George | Joel Embiid | Jayson Tatum
xRAPM historical top15,positive,3,feel_iq_passing + size_frame + production_stats,108,0.17686870939802446,0.20011904761904759,0.28703703703703703,0.4351851851851852,0.5648148148148148,0.37962962962962965,0.06211660159102243,-0.010260260260260279,0.02827827827827828,Stephen Curry | Franz Wagner | Paul George | Joel Embiid | Jayson Tatum
xRAPM historical top15,positive,2,feel_iq_passing + shooting,143,0.17427963546874053,0.1745238095238093,0.2937062937062937,0.45454545454545453,0.5454545454545454,0.3706293706293706,0.05952752766173851,-0.0035910035910036164,0.019278019278019254,Kawhi Leonard | Stephen Curry | Franz Wagner | Paul George | Joel Embiid
xRAPM historical top30,positive,3,feel_iq_passing + shooting + production_stats,245,0.1741171730956277,0.1142063492063494,0.2816326530612245,0.4816326530612245,0.5183673469387755,0.3551020408163265,0.09368654530014214,-0.039262869326835204,0.024256269672047914,Draymond Green | Stephen Curry | Franz Wagner | Paul George | Desmond Bane
xRAPM historical top30,positive,2,feel_iq_passing + intel_consensus,21,0.17240738092639968,-0.2336021505376344,0.2857142857142857,0.5714285714285714,0.42857142857142855,0.3333333333333333,0.09197675313091414,-0.035181236673773986,0.002487562189054715,Kyle Anderson | Jusuf Nurkić | Donte DiVincenzo | CJ McCollum | Rodney Hood
xRAPM historical top30,positive,3,feel_iq_passing + athleticism_tools + intel_consensus,21,0.17240738092639968,-0.2336021505376344,0.2857142857142857,0.5714285714285714,0.42857142857142855,0.3333333333333333,0.09197675313091414,-0.035181236673773986,0.002487562189054715,Kyle Anderson | Jusuf Nurkić | Donte DiVincenzo | CJ McCollum | Rodney Hood
xRAPM historical mature,positive,3,athleticism_tools + defense + production_stats,364,0.17124680405979395,0.0474761471072947,0.30494505494505497,0.49175824175824173,0.5082417582417582,0.36538461538461536,0.08373902484211765,-0.036439808178938604,0.041713117800074306,Herbert Jones | Stephen Curry | Franz Wagner | Immanuel Quickley | Paul George
xRAPM historical mature,positive,3,feel_iq_passing + shooting + production_stats,339,0.17021608778236452,0.0118145161290321,0.31563421828908556,0.49557522123893805,0.504424778761062,0.35103244837758113,0.08270830856468822,-0.02575064483490802,0.027360950793040073,Draymond Green | Stephen Curry | Franz Wagner | Immanuel Quickley | Paul George
xRAPM historical top15,positive,3,feel_iq_passing + shooting + motor_competitiveness,119,0.16736566090036967,0.1810317460317458,0.2689075630252101,0.44537815126050423,0.5546218487394958,0.37815126050420167,0.05261355309336764,-0.02838973427208724,0.0267999091528503,Kawhi Leonard | Stephen Curry | Franz Wagner | Joel Embiid | Jayson Tatum
xRAPM historical top30,positive,3,shooting + defense + production_stats,244,0.1663642030220379,0.0924761471072945,0.27049180327868855,0.47950819672131145,0.5204918032786885,0.36475409836065575,0.08593357522655234,-0.05040371910937114,0.033908327216377154,Stephen Curry | Franz Wagner | Paul George | Desmond Bane | Joel Embiid
xRAPM historical top15,positive,3,athleticism_tools + defense + production_stats,136,0.16585263494950406,0.14366662329777075,0.2647058823529412,0.4485294117647059,0.5514705882352942,0.36764705882352944,0.05110052714250203,-0.032591414944356134,0.016295707472178067,Stephen Curry | Franz Wagner | Paul George | Joel Embiid | Jayson Tatum
xRAPM historical top15,positive,3,shooting + athleticism_tools + defense,147,0.1654044629087489,0.167169312169312,0.272108843537415,0.4489795918367347,0.5510204081632653,0.3673469387755102,0.050652355101746885,-0.025188453759882323,0.015995587424158852,Kawhi Leonard | Stephen Curry | Franz Wagner | Paul George | Joel Embiid
xRAPM historical top15,positive,2,feel_iq_passing + size_frame,118,0.16421042374791606,0.20011904761904759,0.288135593220339,0.4322033898305085,0.5677966101694916,0.3728813559322034,0.04945831594091403,-0.009161704076958321,0.021530004580852025,Stephen Curry | Franz Wagner | Paul George | Joel Embiid | Jayson Tatum
xRAPM historical top15,positive,3,feel_iq_passing + athleticism_tools + size_frame,118,0.16421042374791606,0.20011904761904759,0.288135593220339,0.4322033898305085,0.5677966101694916,0.3728813559322034,0.04945831594091403,-0.009161704076958321,0.021530004580852025,Stephen Curry | Franz Wagner | Paul George | Joel Embiid | Jayson Tatum
xRAPM historical mature,positive,3,shooting + creation_handle + defense,195,0.16402644989445372,0.167169312169312,0.3230769230769231,0.4717948717948718,0.5282051282051282,0.37948717948717947,0.07651867067677742,-0.01830794004707048,0.055815681902638414,Kawhi Leonard | Stephen Curry | Immanuel Quickley | Mitchell Robinson | Joel Embiid
xRAPM historical top15,positive,3,shooting + defense + intel_consensus,13,0.16259818535069706,-0.2539682539682539,0.3076923076923077,0.6153846153846154,0.38461538461538464,0.38461538461538464,0.047846077543695034,0.010395010395010396,0.033264033264033266,Donovan Mitchell | Kyle Anderson | CJ McCollum | Rodney Hood | Gary Harris
xRAPM historical mature,positive,2,defense + production_stats,367,0.16226301025359732,0.0410317460317459,0.3079019073569482,0.49591280653950953,0.5040871934604905,0.36239782016348776,0.07475523103592102,-0.03348295576704535,0.038726322578946704,Herbert Jones | Stephen Curry | Franz Wagner | Immanuel Quickley | Paul George
xRAPM historical top15,positive,3,shooting + size_frame + production_stats,123,0.16200102059537388,0.1810317460317458,0.3008130081300813,0.44715447154471544,0.5528455284552846,0.37398373983739835,0.04724891278837186,0.0035157108327840136,0.022632388486046984,Stephen Curry | Franz Wagner | Paul George | Joel Embiid | Jayson Tatum
xRAPM historical top30,positive,3,feel_iq_passing + creation_handle + defense,145,0.16197294683306118,0.2366269841269843,0.296551724137931,0.4413793103448276,0.5586206896551724,0.38620689655172413,0.08154231903757564,-0.024343798250128668,0.05536112540744553,Kawhi Leonard | Stephen Curry | Joel Embiid | Jayson Tatum | Ricky Rubio
xRAPM historical top30,positive,3,shooting + defense + risk_uncertainty,13,0.16136953720881447,-0.0042063492063492,0.15384615384615385,0.5384615384615384,0.46153846153846156,0.38461538461538464,0.08093890941332893,-0.16704936854190583,0.05376961347110604,Klay Thompson | Montrezl Harrell | Ja Morant | Cody Zeller | Otto Porter Jr.
xRAPM historical top15,positive,3,shooting + athleticism_tools + production_stats,152,0.16036848277325647,0.17084656084656064,0.29605263157894735,0.45394736842105265,0.5460526315789473,0.375,0.04561637496625444,-0.0012446657183499688,0.02364864864864863,Stephen Curry | Franz Wagner | Paul George | Joel Embiid | Jayson Tatum
xRAPM historical top30,positive,3,athleticism_tools + defense + production_stats,257,0.15907065665944323,0.1001639344262292,0.2723735408560311,0.47470817120622566,0.5252918287937743,0.36186770428015563,0.07864002886395768,-0.04852198153202858,0.031021933135877033,Stephen Curry | Franz Wagner | Paul George | Desmond Bane | Joel Embiid
xRAPM historical mature,positive,2,feel_iq_passing + athleticism_tools,460,0.15788205358100033,-0.00492575524833575,0.31521739130434784,0.5065217391304347,0.4934782608695652,0.3391304347826087,0.07037427436332402,-0.026167471819645738,0.015458937198067624,Draymond Green | Kawhi Leonard | Herbert Jones | Stephen Curry | Franz Wagner
xRAPM historical mature,positive,3,feel_iq_passing + creation_handle + athleticism_tools,214,0.1576730474925596,0.1311666232977708,0.32242990654205606,0.48130841121495327,0.5186915887850467,0.3644859813084112,0.07016526827488329,-0.01895495658193752,0.04081448372387014,Kawhi Leonard | Stephen Curry | Immanuel Quickley | Mitchell Robinson | Joel Embiid
xRAPM historical top15,positive,2,shooting + defense,148,0.157666351229813,0.14366662329777075,0.27702702702702703,0.4527027027027027,0.5472972972972973,0.36486486486486486,0.042914243422810985,-0.020270270270270285,0.013513513513513487,Kawhi Leonard | Stephen Curry | Franz Wagner | Paul George | Joel Embiid
xRAPM historical top15,positive,2,defense + production_stats,137,0.1574899437048086,0.1201639344262295,0.27007299270072993,0.45255474452554745,0.5474452554744526,0.36496350364963503,0.04273783589780657,-0.027224304596567384,0.013612152298283664,Stephen Curry | Franz Wagner | Paul George | Joel Embiid | Jayson Tatum
xRAPM historical mature,positive,2,athleticism_tools + defense,481,0.15386832078046336,-0.0012037037037035,0.3076923076923077,0.501039501039501,0.498960498960499,0.3575883575883576,0.06636054156278706,-0.03369255543168587,0.03391686000381655,Kawhi Leonard | Herbert Jones | Stephen Curry | Franz Wagner | Immanuel Quickley
xRAPM historical top30,positive,2,feel_iq_passing + athleticism_tools,310,0.15347028108484917,0.09384259259259295,0.2903225806451613,0.4806451612903226,0.5193548387096775,0.34516129032258064,0.07303965328936363,-0.030572941742898374,0.014315519178302039,Draymond Green | Kawhi Leonard | Stephen Curry | Franz Wagner | Paul George
xRAPM historical top15,positive,2,shooting + production_stats,153,0.15291616546379877,0.167169312169312,0.3006535947712418,0.45751633986928103,0.5424836601307189,0.37254901960784315,0.03816405765679674,0.003356297473944503,0.021197668256491775,Stephen Curry | Franz Wagner | Paul George | Joel Embiid | Jayson Tatum
xRAPM historical top30,positive,2,defense + production_stats,259,0.15290923555240335,0.0847883597883598,0.27413127413127414,0.47876447876447875,0.5212355212355212,0.3590733590733591,0.0724786077569178,-0.046764248256785546,0.028227587929080478,Stephen Curry | Franz Wagner | Paul George | Desmond Bane | Joel Embiid
xRAPM historical mature,positive,3,creation_handle + defense + motor_competitiveness,165,0.15132613982140847,0.2366269841269843,0.3393939393939394,0.4484848484848485,0.5515151515151515,0.3878787878787879,0.06381836060373217,-0.0019909237300541616,0.06420729029424682,Kawhi Leonard | Stephen Curry | Immanuel Quickley | Mitchell Robinson | Joel Embiid
xRAPM historical top30,positive,3,feel_iq_passing + shooting + defense,248,0.14827592719592445,0.11997614710729484,0.2782258064516129,0.4717741935483871,0.5282258064516129,0.3629032258064516,0.0678452994004389,-0.042669715936446806,0.032057454662173024,Kawhi Leonard | Stephen Curry | Franz Wagner | Paul George | Desmond Bane
xRAPM historical mature,positive,3,shooting + defense + production_stats,340,0.14794329530873934,-0.00270502645502635,0.31176470588235294,0.5029411764705882,0.4970588235294118,0.36176470588235293,0.06043551609106304,-0.029620157241640632,0.038093208297811876,Stephen Curry | Franz Wagner | Immanuel Quickley | Paul George | Mitchell Robinson
xRAPM historical mature,positive,3,feel_iq_passing + upside_tools + defense,179,0.14712100830428665,0.167169312169312,0.2737430167597765,0.48044692737430167,0.5195530726256983,0.3575418994413408,0.05961322908661035,-0.06764184636421705,0.03387040185679974,Joel Embiid | Malcolm Brogdon | Nikola Mirotic | Aaron Wiggins | Chase Budinger
xRAPM historical mature,positive,3,feel_iq_passing + defense + motor_competitiveness,284,0.14687132673119768,0.11438712522045845,0.29577464788732394,0.4753521126760563,0.5246478873239436,0.3485915492957746,0.05936354751352138,-0.04561021523666964,0.02492005171123357,Kawhi Leonard | Stephen Curry | Franz Wagner | Immanuel Quickley | Mitchell Robinson
xRAPM historical top15,positive,3,creation_handle + defense + motor_competitiveness,79,0.14672554506859214,0.3792063492063493,0.3291139240506329,0.3924050632911392,0.6075949367088608,0.4177215189873418,0.03197343726159012,0.031816626753335575,0.0663701676359904,Kawhi Leonard | Stephen Curry | Joel Embiid | Jayson Tatum | Ricky Rubio
xRAPM historical top30,positive,2,motor_competitiveness + risk_uncertainty,16,0.1465145346964475,-0.016587301587301498,0.1875,0.5625,0.4375,0.3125,0.06608390690096197,-0.13339552238805968,-0.0183457711442786,Klay Thompson | Montrezl Harrell | Ja Morant | Cody Zeller | Otto Porter Jr.
xRAPM historical top30,positive,3,athleticism_tools + motor_competitiveness + risk_uncertainty,16,0.1465145346964475,-0.016587301587301498,0.1875,0.5625,0.4375,0.3125,0.06608390690096197,-0.13339552238805968,-0.0183457711442786,Klay Thompson | Montrezl Harrell | Ja Morant | Cody Zeller | Otto Porter Jr.
xRAPM historical top30,positive,3,motor_competitiveness + production_stats + risk_uncertainty,16,0.1465145346964475,-0.016587301587301498,0.1875,0.5625,0.4375,0.3125,0.06608390690096197,-0.13339552238805968,-0.0183457711442786,Klay Thompson | Montrezl Harrell | Ja Morant | Cody Zeller | Otto Porter Jr.
xRAPM historical top15,positive,2,athleticism_tools + defense,157,0.1455101965995047,0.1197883597883602,0.267515923566879,0.4585987261146497,0.5414012738853503,0.35668789808917195,0.030758088792502677,-0.029781373730418337,0.00533654673782058,Kawhi Leonard | Stephen Curry | Franz Wagner | Paul George | Joel Embiid
xRAPM historical mature,positive,3,feel_iq_passing + shooting + defense,356,0.14487484675944184,0.022476147107294703,0.3089887640449438,0.49719101123595505,0.5028089887640449,0.35674157303370785,0.05736706754176554,-0.03239609907904978,0.03307007544916679,Kawhi Leonard | Stephen Curry | Franz Wagner | Immanuel Quickley | Paul George
xRAPM historical top15,positive,3,feel_iq_passing + shooting + size_frame,113,0.14417868506239803,0.1810317460317458,0.3008849557522124,0.4424778761061947,0.5575221238938053,0.37168141592920356,0.029426577255396005,0.003587658454915099,0.02033006457785219,Stephen Curry | Franz Wagner | Paul George | Joel Embiid | Jayson Tatum
xRAPM historical mature,positive,2,feel_iq_passing + creation_handle,216,0.14212130332521508,0.1115303799115278,0.3287037037037037,0.4861111111111111,0.5138888888888888,0.3611111111111111,0.05461352410753878,-0.012681159420289856,0.03743961352657005,Kawhi Leonard | Stephen Curry | Immanuel Quickley | Mitchell Robinson | Joel Embiid
xRAPM historical mature,positive,2,feel_iq_passing + motor_competitiveness,339,0.1410188461304319,-0.0012037037037035,0.30973451327433627,0.5014749262536873,0.49852507374631266,0.3303834808259587,0.05351106691275559,-0.03165034984965731,0.006711983241417641,Nikola Jokić | Draymond Green | Kawhi Leonard | Stephen Curry | Franz Wagner
xRAPM historical top30,positive,3,defense + size_frame + production_stats,205,0.14078989024380067,0.1201639344262295,0.2682926829268293,0.47317073170731705,0.526829268292683,0.35121951219512193,0.06035926244831513,-0.0526028394612304,0.02037374105084333,Stephen Curry | Franz Wagner | Paul George | Desmond Bane | Joel Embiid
xRAPM historical mature,positive,2,feel_iq_passing + shooting,438,0.1400875231258735,-0.04940215977101235,0.3287671232876712,0.5136986301369864,0.4863013698630137,0.3356164383561644,0.052579743908197196,-0.012617739836322361,0.011944940771623336,Nikola Jokić | Draymond Green | Kawhi Leonard | Stephen Curry | Franz Wagner
xRAPM historical top15,positive,3,shooting + defense + size_frame,122,0.13936443025245418,0.17777777777777753,0.2786885245901639,0.4426229508196721,0.5573770491803278,0.36885245901639346,0.024612322445452153,-0.018608772707133403,0.017501107665042093,Stephen Curry | Franz Wagner | Paul George | Joel Embiid | Jayson Tatum
xRAPM historical mature,positive,3,feel_iq_passing + creation_handle + motor_competitiveness,170,0.13892830179306728,0.15466931216931207,0.32941176470588235,0.47058823529411764,0.5294117647058824,0.37058823529411766,0.05142052257539098,-0.011973098418111228,0.046916737709576606,Kawhi Leonard | Stephen Curry | Immanuel Quickley | Mitchell Robinson | Joel Embiid
xRAPM historical top15,positive,3,feel_iq_passing + motor_competitiveness + size_frame,101,0.13834078821176102,0.2192063492063494,0.27722772277227725,0.42574257425742573,0.5742574257425742,0.37623762376237624,0.02358868040475899,-0.020069574525020062,0.024886272411024868,Stephen Curry | Franz Wagner | Joel Embiid | Jayson Tatum | Ricky Rubio
xRAPM historical top30,positive,3,feel_iq_passing + motor_competitiveness + production_stats,204,0.13805872679608683,0.07263227513227505,0.2696078431372549,0.4803921568627451,0.5196078431372549,0.3333333333333333,0.057628099000601285,-0.051287679250804796,0.002487562189054715,Draymond Green | Stephen Curry | Franz Wagner | Joel Embiid | Jayson Tatum
xRAPM historical top30,positive,2,athleticism_tools + defense,318,0.13711098967679713,0.05532006245120985,0.2861635220125786,0.48742138364779874,0.5125786163522013,0.3553459119496855,0.05668036188131159,-0.034732000375481076,0.02450014080540691,Kawhi Leonard | Stephen Curry | Franz Wagner | Rudy Gobert | Paul George
xRAPM historical top15,positive,2,feel_iq_passing + creation_handle,97,0.1363414774257069,0.2745238095238095,0.3402061855670103,0.422680412371134,0.5773195876288659,0.3917525773195876,0.021589369618704876,0.04290888826971301,0.040401225968236254,Kawhi Leonard | Stephen Curry | Joel Embiid | Jayson Tatum | Ricky Rubio
xRAPM historical top15,positive,3,feel_iq_passing + creation_handle + athleticism_tools,97,0.1363414774257069,0.2745238095238095,0.3402061855670103,0.422680412371134,0.5773195876288659,0.3917525773195876,0.021589369618704876,0.04290888826971301,0.040401225968236254,Kawhi Leonard | Stephen Curry | Joel Embiid | Jayson Tatum | Ricky Rubio
xRAPM historical top30,positive,3,feel_iq_passing + creation_handle + production_stats,143,0.13582824886938724,0.1810317460317458,0.2867132867132867,0.45454545454545453,0.5454545454545454,0.3706293706293706,0.0553976210739017,-0.034182235674772965,0.039783599485092025,Stephen Curry | Joel Embiid | Jayson Tatum | Ricky Rubio | Jrue Holiday
xRAPM historical mature,positive,3,feel_iq_passing + defense + size_frame,277,0.1352410688798664,0.1197883597883602,0.2888086642599278,0.47653429602888087,0.5234657039711191,0.34296028880866425,0.04773328966219009,-0.05257619886406578,0.019288791224123192,Stephen Curry | Franz Wagner | Paul George | Mitchell Robinson | Desmond Bane
xRAPM historical top15,positive,2,defense + intel_consensus,14,0.13429816135867345,-0.24378520225294414,0.2857142857142857,0.6428571428571429,0.35714285714285715,0.35714285714285715,0.019546053551671425,-0.011583011583011615,0.00579150579150578,Donovan Mitchell | Kyle Anderson | CJ McCollum | Rodney Hood | Gary Harris
xRAPM historical top15,positive,3,athleticism_tools + defense + intel_consensus,14,0.13429816135867345,-0.24378520225294414,0.2857142857142857,0.6428571428571429,0.35714285714285715,0.35714285714285715,0.019546053551671425,-0.011583011583011615,0.00579150579150578,Donovan Mitchell | Kyle Anderson | CJ McCollum | Rodney Hood | Gary Harris
xRAPM historical top15,positive,2,athleticism_tools + production_stats,159,0.13378373910397137,0.1201639344262295,0.29559748427672955,0.4591194968553459,0.5408805031446541,0.36477987421383645,0.019031631296969345,-0.0016998130205677642,0.013428522862485082,Stephen Curry | Franz Wagner | Paul George | Joel Embiid | Jayson Tatum
xRAPM historical top15,positive,2,size_frame + production_stats,129,0.13334547856435056,0.1745238095238093,0.3023255813953488,0.4496124031007752,0.5503875968992248,0.3643410852713178,0.01859337075734853,0.005028284098051505,0.01298973391996644,Stephen Curry | Franz Wagner | Paul George | Joel Embiid | Jayson Tatum
xRAPM historical top15,positive,3,athleticism_tools + size_frame + production_stats,129,0.13334547856435056,0.1745238095238093,0.3023255813953488,0.4496124031007752,0.5503875968992248,0.3643410852713178,0.01859337075734853,0.005028284098051505,0.01298973391996644,Stephen Curry | Franz Wagner | Paul George | Joel Embiid | Jayson Tatum
xRAPM historical mature,positive,3,feel_iq_passing + shooting + motor_competitiveness,315,0.13312445375907297,-0.0289682539682538,0.32063492063492066,0.5079365079365079,0.49206349206349204,0.33015873015873015,0.04561667454139667,-0.020749942489072914,0.006487232574189095,Nikola Jokić | Draymond Green | Kawhi Leonard | Stephen Curry | Franz Wagner
xRAPM historical top30,positive,3,creation_handle + defense + production_stats,134,0.1327651882932139,0.20882936507936506,0.291044776119403,0.44776119402985076,0.5522388059701493,0.3805970149253731,0.05233456049772836,-0.02985074626865669,0.04975124378109452,Stephen Curry | Joel Embiid | Jayson Tatum | Ricky Rubio | Jrue Holiday
xRAPM historical top30,positive,3,feel_iq_passing + defense + intel_consensus,17,0.13265855939884622,-0.2336021505376344,0.23529411764705882,0.5882352941176471,0.4117647058823529,0.35294117647058826,0.05222793160336067,-0.08560140474100086,0.02209540532630966,Kyle Anderson | Donte DiVincenzo | CJ McCollum | Rodney Hood | Gary Harris
xRAPM historical top30,positive,3,feel_iq_passing + shooting + athleticism_tools,296,0.13206837307219874,0.07263227513227505,0.30067567567567566,0.4864864864864865,0.5135135135135135,0.34459459459459457,0.05163774527671319,-0.020219846712384026,0.013748823450315972,Draymond Green | Kawhi Leonard | Stephen Curry | Franz Wagner | Paul George
xRAPM historical mature,positive,3,feel_iq_passing + shooting + athleticism_tools,430,0.1316861259083757,-0.03396825396825385,0.32558139534883723,0.5116279069767442,0.4883720930232558,0.3372093023255814,0.044178346690699394,-0.015803467775156343,0.013537804741040327,Draymond Green | Kawhi Leonard | Stephen Curry | Franz Wagner | Immanuel Quickley
xRAPM historical top15,positive,3,creation_handle + defense + size_frame,81,0.1314544259564659,0.32478835978836,0.32098765432098764,0.3950617283950617,0.6049382716049383,0.4074074074074074,0.016702318149463866,0.023690357023690323,0.056056056056056014,Stephen Curry | Joel Embiid | Jayson Tatum | Ricky Rubio | Tyrese Haliburton
xRAPM historical mature,positive,3,shooting + athleticism_tools + defense,441,0.13083060357151935,-0.0056451612903223,0.31519274376417233,0.5056689342403629,0.4943310657596372,0.35374149659863946,0.04332282435384305,-0.026192119359821242,0.030069999014098403,Kawhi Leonard | Stephen Curry | Franz Wagner | Immanuel Quickley | Rudy Gobert
xRAPM historical top30,positive,3,feel_iq_passing + finishing_touch + defense,162,0.13015537429921717,0.1473438719750194,0.2654320987654321,0.4506172839506173,0.5493827160493827,0.35185185185185186,0.049724746503731626,-0.05546342362262757,0.02100608070757326,Kawhi Leonard | Franz Wagner | Desmond Bane | Joel Embiid | Jayson Tatum
xRAPM historical top15,positive,2,shooting + athleticism_tools,173,0.12977996151370308,0.1201639344262295,0.30057803468208094,0.4624277456647399,0.5375722543352601,0.3583815028901734,0.015027853706701053,0.0032807373847836274,0.007030151538822027,Kawhi Leonard | Stephen Curry | Franz Wagner | Paul George | Joel Embiid
xRAPM historical mature,positive,3,feel_iq_passing + size_frame + production_stats,260,0.12954160322520597,0.11438712522045845,0.2923076923076923,0.4807692307692308,0.5192307692307693,0.3346153846153846,0.04203382400752967,-0.04907717081630125,0.010943887030843535,Stephen Curry | Franz Wagner | Paul George | Mitchell Robinson | Desmond Bane
xRAPM historical top30,positive,3,shooting + athleticism_tools + production_stats,293,0.12921823992644485,0.0387962962962962,0.3037542662116041,0.4948805460750853,0.5051194539249146,0.3447098976109215,0.04878761213095931,-0.017141256176455566,0.013864126466642923,Draymond Green | Stephen Curry | Franz Wagner | Paul George | Desmond Bane
xRAPM historical top15,positive,3,feel_iq_passing + motor_competitiveness + production_stats,113,0.1288027434664718,0.167169312169312,0.26548672566371684,0.45132743362831856,0.5486725663716814,0.37168141592920356,0.014050635659469776,-0.031810571633580476,0.02033006457785219,Stephen Curry | Franz Wagner | Joel Embiid | Jayson Tatum | Ricky Rubio
xRAPM historical top30,positive,3,shooting + athleticism_tools + defense,297,0.1282550711408541,0.0604761904761903,0.2895622895622896,0.4882154882154882,0.5117845117845118,0.3569023569023569,0.04782444334536856,-0.03133323282577011,0.026056585758078288,Kawhi Leonard | Stephen Curry | Franz Wagner | Rudy Gobert | Paul George
xRAPM historical top30,positive,3,feel_iq_passing + size_frame + production_stats,199,0.12822591631345812,0.1421693121693121,0.27638190954773867,0.4723618090452261,0.5276381909547738,0.33668341708542715,0.04779528851797257,-0.044513612840321015,0.00583764594114855,Stephen Curry | Franz Wagner | Paul George | Desmond Bane | Joel Embiid
xRAPM historical mature,positive,3,feel_iq_passing + shooting + creation_handle,207,0.12792709746850725,0.0604761904761903,0.33816425120772947,0.4927536231884058,0.5072463768115942,0.3526570048309179,0.04041931825083095,-0.0032206119162641045,0.02898550724637683,Kawhi Leonard | Stephen Curry | Immanuel Quickley | Mitchell Robinson | Joel Embiid
xRAPM historical mature,positive,3,feel_iq_passing + athleticism_tools + motor_competitiveness,335,0.12612503354263332,0.0001639344262294,0.3074626865671642,0.49850746268656715,0.5014925373134328,0.33134328358208953,0.03861725432495702,-0.033922176556829386,0.007671785997548475,Draymond Green | Kawhi Leonard | Stephen Curry | Franz Wagner | Immanuel Quickley
xRAPM historical top15,positive,2,defense + size_frame,129,0.125538981988346,0.1745238095238093,0.27906976744186046,0.4418604651162791,0.5581395348837209,0.3643410852713178,0.010786874181343983,-0.018227529855436853,0.01298973391996644,Stephen Curry | Franz Wagner | Paul George | Joel Embiid | Jayson Tatum
xRAPM historical top15,positive,3,athleticism_tools + defense + size_frame,129,0.125538981988346,0.1745238095238093,0.27906976744186046,0.4418604651162791,0.5581395348837209,0.3643410852713178,0.010786874181343983,-0.018227529855436853,0.01298973391996644,Stephen Curry | Franz Wagner | Paul George | Joel Embiid | Jayson Tatum
xRAPM historical top30,positive,3,feel_iq_passing + defense + motor_competitiveness,205,0.12473126233419225,0.1197883597883602,0.2634146341463415,0.4634146341463415,0.5365853658536586,0.34146341463414637,0.04430063453870671,-0.05748088824171821,0.010617643489867767,Kawhi Leonard | Stephen Curry | Franz Wagner | Joel Embiid | Jayson Tatum
xRAPM historical mature,positive,3,creation_handle + athleticism_tools + production_stats,196,0.12433333868526848,0.1311666232977708,0.33163265306122447,0.47959183673469385,0.5204081632653061,0.3622448979591837,0.03682555946759218,-0.009752210062769107,0.03857340037464263,Stephen Curry | Immanuel Quickley | Mitchell Robinson | Joel Embiid | Malcolm Brogdon
xRAPM historical mature,positive,2,shooting + defense,444,0.12367789247825506,-0.03396825396825385,0.31756756756756754,0.509009009009009,0.49099099099099097,0.35135135135135137,0.03617011326057876,-0.023817295556426032,0.027679853766810314,Kawhi Leonard | Stephen Curry | Franz Wagner | Immanuel Quickley | Rudy Gobert
xRAPM historical top30,positive,2,shooting + defense,299,0.12312404473387696,0.0501639344262294,0.2909698996655518,0.4916387959866221,0.5083612040133779,0.35451505016722407,0.04269341693839142,-0.029925622722507872,0.023669279022945466,Kawhi Leonard | Stephen Curry | Franz Wagner | Rudy Gobert | Paul George
xRAPM historical top15,positive,3,shooting + production_stats + intel_consensus,14,0.12308656381643092,-0.3169021597710123,0.35714285714285715,0.6428571428571429,0.35714285714285715,0.35714285714285715,0.008334456009428892,0.05984555984555984,0.00579150579150578,Donovan Mitchell | Kyle Anderson | CJ McCollum | Rodney Hood | Gary Harris
xRAPM historical top30,positive,2,feel_iq_passing + shooting,299,0.12132570632807822,0.04478835978836,0.30434782608695654,0.4916387959866221,0.5083612040133779,0.3411371237458194,0.04089507853259268,-0.016547696301103143,0.010291352601540793,Draymond Green | Kawhi Leonard | Stephen Curry | Franz Wagner | Paul George
xRAPM historical top30,positive,2,shooting + production_stats,296,0.12110194044067807,-0.00051988463873705,0.30405405405405406,0.5,0.5,0.34121621621621623,0.040671312645192526,-0.016841468334005627,0.010370445071937628,Draymond Green | Stephen Curry | Franz Wagner | Paul George | Desmond Bane
xRAPM historical mature,positive,3,feel_iq_passing + creation_handle + size_frame,161,0.12014309106097595,0.1745238095238093,0.3167701863354037,0.4658385093167702,0.5341614906832298,0.35403726708074534,0.03263531184329965,-0.024614676788589862,0.030365769496204287,Stephen Curry | Mitchell Robinson | Joel Embiid | Malcolm Brogdon | Jayson Tatum
xRAPM historical mature,positive,3,shooting + creation_handle + production_stats,192,0.11998430023607708,0.04963624338624325,0.3333333333333333,0.4895833333333333,0.5104166666666666,0.3541666666666667,0.032476521018400775,-0.008051529790660261,0.03049516908212563,Stephen Curry | Immanuel Quickley | Mitchell Robinson | Joel Embiid | Malcolm Brogdon
xRAPM historical mature,positive,2,athleticism_tools + production_stats,446,0.11990470028140221,-0.0630074636811942,0.33183856502242154,0.5134529147982063,0.48654708520179374,0.33856502242152464,0.03239692106372591,-0.009546298101572037,0.014893524836983585,Draymond Green | Herbert Jones | Stephen Curry | Franz Wagner | Immanuel Quickley
xRAPM historical top30,positive,2,athleticism_tools + production_stats,310,0.11966891748366841,0.03991402116402105,0.3064516129032258,0.4935483870967742,0.5064516129032258,0.3419354838709677,0.03923828968818287,-0.014443909484833872,0.011089712726689127,Draymond Green | Stephen Curry | Franz Wagner | Paul George | Desmond Bane
xRAPM historical top15,positive,3,creation_handle + motor_competitiveness + size_frame,80,0.11962626411502311,0.3519973544973547,0.3375,0.4,0.6,0.4125,0.004874156308021085,0.04020270270270271,0.06114864864864861,Stephen Curry | Joel Embiid | Jayson Tatum | Ricky Rubio | Klay Thompson
xRAPM historical mature,positive,3,feel_iq_passing + motor_competitiveness + production_stats,274,0.11863209804780273,0.042910052910052954,0.3029197080291971,0.4927007299270073,0.5072992700729927,0.3357664233576642,0.031124318830126424,-0.03846515509479648,0.012094925773123155,Draymond Green | Stephen Curry | Franz Wagner | Immanuel Quickley | Mitchell Robinson
xRAPM historical top30,positive,3,feel_iq_passing + defense + size_frame,204,0.11727713229602175,0.1311666232977708,0.27450980392156865,0.46568627450980393,0.5343137254901961,0.3431372549019608,0.03684650450053621,-0.04638571846649103,0.012291483757682187,Stephen Curry | Franz Wagner | Paul George | Desmond Bane | Joel Embiid
xRAPM historical mature,positive,3,shooting + athleticism_tools + production_stats,413,0.11423135127814145,-0.0762037037037035,0.3365617433414044,0.5181598062953995,0.48184019370460046,0.3389830508474576,0.026723572060465148,-0.0048231197825892025,0.015311553262916555,Draymond Green | Stephen Curry | Franz Wagner | Immanuel Quickley | Paul George
xRAPM historical top30,positive,3,feel_iq_passing + upside_tools + defense,136,0.11377159487947068,0.1741005291005289,0.25,0.47058823529411764,0.5294117647058824,0.35294117647058826,0.03334096708398514,-0.07089552238805968,0.02209540532630966,Joel Embiid | Nikola Mirotic | Chase Budinger | Tyrese Haliburton | Ivica Zubac
xRAPM historical mature,positive,3,feel_iq_passing + creation_handle + intel_consensus,13,0.11288254755996695,0.4387962962962963,0.38461538461538464,0.46153846153846156,0.5384615384615384,0.38461538461538464,0.025374768342290646,0.04323052149139106,0.06094388703084358,Kyle Anderson | CJ McCollum | Rodney Hood | Gary Harris | Jon Brockman
xRAPM historical mature,positive,3,feel_iq_passing + upside_tools + production_stats,173,0.11278031648711973,0.1142063492063494,0.2774566473988439,0.48554913294797686,0.5144508670520231,0.34104046242774566,0.025272537269443424,-0.06392821572514967,0.017368964843204604,Joel Embiid | Malcolm Brogdon | Dillon Brooks | Aaron Wiggins | Chase Budinger
xRAPM historical top15,positive,3,feel_iq_passing + finishing_touch + defense,86,0.11267871030259555,0.1473438719750194,0.2441860465116279,0.43023255813953487,0.5697674418604651,0.3488372093023256,-0.0020733975044064795,-0.05311125078566942,-0.0025141420490257804,Kawhi Leonard | Franz Wagner | Joel Embiid | Jayson Tatum | Ricky Rubio
xRAPM historical top30,positive,3,feel_iq_passing + athleticism_tools + motor_competitiveness,239,0.11190224550803848,0.0604761904761903,0.28451882845188287,0.4811715481171548,0.5188284518828452,0.3305439330543933,0.03147161771255294,-0.03637669393617682,-0.0003018380898853201,Draymond Green | Kawhi Leonard | Stephen Curry | Franz Wagner | Joel Embiid
xRAPM historical mature,positive,2,creation_handle + production_stats,198,0.11175043457787442,0.0903200624512099,0.3333333333333333,0.48484848484848486,0.5151515151515151,0.35858585858585856,0.024242655360198123,-0.008051529790660261,0.034914361001317507,Stephen Curry | Immanuel Quickley | Mitchell Robinson | Joel Embiid | Malcolm Brogdon
xRAPM historical top15,positive,2,creation_handle + defense,91,0.1114448204970661,0.2745238095238095,0.34065934065934067,0.4175824175824176,0.5824175824175825,0.3956043956043956,-0.00330728730993593,0.043362043362043357,0.044253044253044216,Kawhi Leonard | Stephen Curry | Joel Embiid | Jayson Tatum | Ricky Rubio
xRAPM historical top15,positive,3,creation_handle + athleticism_tools + defense,91,0.1114448204970661,0.2745238095238095,0.34065934065934067,0.4175824175824176,0.5824175824175825,0.3956043956043956,-0.00330728730993593,0.043362043362043357,0.044253044253044216,Kawhi Leonard | Stephen Curry | Joel Embiid | Jayson Tatum | Ricky Rubio
xRAPM historical top15,positive,3,creation_handle + size_frame + production_stats,84,0.11099915577133446,0.2651587301587302,0.34523809523809523,0.4166666666666667,0.5833333333333334,0.39285714285714285,-0.00375295203566757,0.04794079794079792,0.04150579150579148,Stephen Curry | Joel Embiid | Jayson Tatum | Ricky Rubio | Tyrese Haliburton
xRAPM historical top15,positive,3,feel_iq_passing + shooting + creation_handle,93,0.10783556953094865,0.2557936507936509,0.3548387096774194,0.43010752688172044,0.5698924731182796,0.3870967741935484,-0.0069165382760533745,0.05754141238012206,0.035745422842197005,Kawhi Leonard | Stephen Curry | Joel Embiid | Jayson Tatum | Ricky Rubio
xRAPM historical top30,positive,2,feel_iq_passing + motor_competitiveness,241,0.10567207436936406,0.04478835978836,0.2863070539419087,0.4854771784232365,0.5145228215767634,0.3278008298755187,0.025241446573878515,-0.03458846844615099,-0.0030449412687599264,Draymond Green | Kawhi Leonard | Stephen Curry | Franz Wagner | Joel Embiid
xRAPM historical mature,positive,3,defense + size_frame + production_stats,272,0.1040447113305217,0.020597840228987647,0.30514705882352944,0.4963235294117647,0.5036764705882353,0.34191176470588236,0.016536932112845404,-0.03623780430046414,0.018240267121341303,Stephen Curry | Franz Wagner | Paul George | Mitchell Robinson | Desmond Bane
xRAPM historical top15,positive,2,shooting + size_frame,137,0.10399813438082081,0.1745238095238093,0.30656934306569344,0.45255474452554745,0.5474452554744526,0.35766423357664234,-0.010753973426181215,0.009272045768396131,0.006312882225290972,Stephen Curry | Franz Wagner | Paul George | Joel Embiid | Jayson Tatum
xRAPM historical top15,positive,3,shooting + athleticism_tools + size_frame,137,0.10399813438082081,0.1745238095238093,0.30656934306569344,0.45255474452554745,0.5474452554744526,0.35766423357664234,-0.010753973426181215,0.009272045768396131,0.006312882225290972,Stephen Curry | Franz Wagner | Paul George | Joel Embiid | Jayson Tatum
xRAPM historical mature,positive,3,defense + production_stats + intel_consensus,23,0.10271115995745723,-0.2539682539682539,0.30434782608695654,0.6086956521739131,0.391304347826087,0.391304347826087,0.015203380739780933,-0.037037037037037035,0.06763285024154592,Donovan Mitchell | Kyle Anderson | Donte DiVincenzo | CJ McCollum | Cameron Johnson
xRAPM historical mature,positive,3,feel_iq_passing + athleticism_tools + size_frame,325,0.10125044927771888,0.0410317460317459,0.3076923076923077,0.49230769230769234,0.5076923076923077,0.3230769230769231,0.01374267006004258,-0.03369255543168587,-0.000594574507617962,Stephen Curry | Franz Wagner | Paul George | Mitchell Robinson | Desmond Bane
xRAPM historical top30,positive,3,feel_iq_passing + creation_handle + motor_competitiveness,136,0.10122116674532695,0.1741005291005289,0.3161764705882353,0.45588235294117646,0.5441176470588235,0.36764705882352944,0.02079053894984141,-0.004719051799824403,0.03680128767925084,Kawhi Leonard | Stephen Curry | Joel Embiid | Jayson Tatum | Ricky Rubio
xRAPM historical top15,positive,2,creation_handle + size_frame,92,0.10090197171166797,0.27557539682539695,0.34782608695652173,0.41304347826086957,0.5869565217391305,0.391304347826087,-0.013850136095334059,0.050528789659224416,0.0399529964747356,Stephen Curry | Joel Embiid | Jayson Tatum | Ricky Rubio | Tyrese Haliburton
xRAPM historical top15,positive,3,creation_handle + athleticism_tools + size_frame,92,0.10090197171166797,0.27557539682539695,0.34782608695652173,0.41304347826086957,0.5869565217391305,0.391304347826087,-0.013850136095334059,0.050528789659224416,0.0399529964747356,Stephen Curry | Joel Embiid | Jayson Tatum | Ricky Rubio | Tyrese Haliburton
xRAPM historical mature,positive,3,feel_iq_passing + creation_handle + upside_tools,108,0.10086909075314497,0.19776587301587273,0.3148148148148148,0.4722222222222222,0.5277777777777778,0.35185185185185186,0.01336131153546867,-0.02657004830917875,0.028180354267310803,Joel Embiid | Malcolm Brogdon | Nikola Mirotic | Dillon Brooks | Tyrese Haliburton
xRAPM historical top15,positive,2,creation_handle + motor_competitiveness,91,0.1003079398678533,0.3058730158730161,0.3516483516483517,0.4175824175824176,0.5824175824175825,0.4065934065934066,-0.014444167939148725,0.05435105435105436,0.05524205524205522,Kawhi Leonard | Stephen Curry | Joel Embiid | Jayson Tatum | Ricky Rubio
xRAPM historical top15,positive,3,creation_handle + athleticism_tools + motor_competitiveness,91,0.1003079398678533,0.3058730158730161,0.3516483516483517,0.4175824175824176,0.5824175824175825,0.4065934065934066,-0.014444167939148725,0.05435105435105436,0.05524205524205522,Kawhi Leonard | Stephen Curry | Joel Embiid | Jayson Tatum | Ricky Rubio
xRAPM historical mature,positive,2,feel_iq_passing + size_frame,326,0.10002627401051517,0.026423131080389,0.3067484662576687,0.4938650306748466,0.5061349693251533,0.3220858895705521,0.012518494792838869,-0.03463639686632486,-0.0015856080139889372,Stephen Curry | Franz Wagner | Paul George | Mitchell Robinson | Desmond Bane
xRAPM historical mature,positive,3,athleticism_tools + defense + motor_competitiveness,349,0.09990899200111604,0.04478835978836,0.31805157593123207,0.49283667621776506,0.5071633237822349,0.3467048710601719,0.012401212783439738,-0.02333328719276151,0.023033373475630836,Kawhi Leonard | Stephen Curry | Franz Wagner | Immanuel Quickley | Rudy Gobert
xRAPM historical top30,positive,2,creation_handle + defense,161,0.09990805454508304,0.1745238095238093,0.3167701863354037,0.45962732919254656,0.5403726708074534,0.37267080745341613,0.0194774267495975,-0.00412533605265597,0.04182503630913753,Kawhi Leonard | Stephen Curry | Joel Embiid | Jayson Tatum | Ricky Rubio
xRAPM historical top30,positive,3,creation_handle + athleticism_tools + defense,161,0.09990805454508304,0.1745238095238093,0.3167701863354037,0.45962732919254656,0.5403726708074534,0.37267080745341613,0.0194774267495975,-0.00412533605265597,0.04182503630913753,Kawhi Leonard | Stephen Curry | Joel Embiid | Jayson Tatum | Ricky Rubio
xRAPM historical top15,positive,2,production_stats + intel_consensus,15,0.09930731619282641,-0.2539682539682539,0.3333333333333333,0.6666666666666666,0.3333333333333333,0.3333333333333333,-0.015444791614175613,0.036036036036036,-0.018018018018018056,Donovan Mitchell | Kyle Anderson | CJ McCollum | Rodney Hood | Gary Harris
xRAPM historical top15,positive,3,athleticism_tools + production_stats + intel_consensus,15,0.09930731619282641,-0.2539682539682539,0.3333333333333333,0.6666666666666666,0.3333333333333333,0.3333333333333333,-0.015444791614175613,0.036036036036036,-0.018018018018018056,Donovan Mitchell | Kyle Anderson | CJ McCollum | Rodney Hood | Gary Harris
xRAPM historical mature,positive,2,shooting + production_stats,420,0.09929840457635022,-0.1016519457245265,0.3404761904761905,0.5238095238095238,0.47619047619047616,0.3333333333333333,0.011790625358673923,-0.0009086726478030882,0.009661835748792258,Draymond Green | Stephen Curry | Franz Wagner | Immanuel Quickley | Paul George
xRAPM historical top15,positive,3,shooting + defense + motor_competitiveness,125,0.09603366234322121,0.167169312169312,0.272,0.456,0.544,0.36,-0.01871844546378082,-0.025297297297297294,0.008648648648648616,Kawhi Leonard | Stephen Curry | Franz Wagner | Joel Embiid | Jayson Tatum
xRAPM historical top30,positive,3,shooting + creation_handle + defense,156,0.0954760104379437,0.17084656084656064,0.32051282051282054,0.46153846153846156,0.5384615384615384,0.3717948717948718,0.015045382642458152,-0.00038270187523914423,0.040949100650593206,Kawhi Leonard | Stephen Curry | Joel Embiid | Jayson Tatum | Ricky Rubio
xRAPM historical top30,positive,3,feel_iq_passing + athleticism_tools + size_frame,237,0.09411422512729793,0.1197883597883602,0.29957805907172996,0.4767932489451477,0.5232067510548524,0.3291139240506329,0.013683597331812389,-0.02131746331632972,-0.0017318470936457109,Stephen Curry | Franz Wagner | Paul George | Desmond Bane | Joel Embiid
xRAPM historical top15,positive,2,athleticism_tools + size_frame,144,0.09333203191576156,0.17084656084656064,0.3055555555555556,0.4513888888888889,0.5486111111111112,0.3541666666666667,-0.021420075891240467,0.008258258258258266,0.0028153153153153143,Stephen Curry | Franz Wagner | Paul George | Joel Embiid | Jayson Tatum
xRAPM historical top30,positive,3,feel_iq_passing + creation_handle + size_frame,137,0.09313891414641957,0.1745238095238093,0.32116788321167883,0.45985401459854014,0.5401459854014599,0.34306569343065696,0.012708286350934031,0.0002723608236191444,0.01221992228637836,Stephen Curry | Joel Embiid | Jayson Tatum | Ricky Rubio | Nikola Mirotic
xRAPM historical mature,positive,3,creation_handle + defense + size_frame,155,0.09286434106688628,0.1810317460317458,0.3225806451612903,0.45806451612903226,0.5419354838709678,0.36774193548387096,0.005356561849209976,-0.018804217962703262,0.044070437899329906,Stephen Curry | Mitchell Robinson | Joel Embiid | Malcolm Brogdon | Jayson Tatum
xRAPM historical top30,positive,2,feel_iq_passing + size_frame,238,0.09246739776192822,0.1169973544973548,0.29831932773109243,0.4789915966386555,0.5210084033613446,0.3277310924369748,0.012036769966442679,-0.022576194656967252,-0.0031146787073038085,Stephen Curry | Franz Wagner | Paul George | Desmond Bane | Joel Embiid
xRAPM historical top30,positive,3,feel_iq_passing + creation_handle + athleticism_tools,170,0.0924637922093561,0.15466931216931207,0.3176470588235294,0.47058823529411764,0.5294117647058824,0.35294117647058826,0.012033164413870562,-0.0032484635645302906,0.02209540532630966,Kawhi Leonard | Stephen Curry | Joel Embiid | Jayson Tatum | Ricky Rubio
xRAPM historical mature,positive,2,defense + motor_competitiveness,352,0.09115035878890546,0.020597840228987647,0.3210227272727273,0.4971590909090909,0.5028409090909091,0.34375,0.003642579571229154,-0.020362135851266283,0.020078502415458943,Kawhi Leonard | Stephen Curry | Franz Wagner | Immanuel Quickley | Rudy Gobert
xRAPM historical mature,positive,3,shooting + defense + intel_consensus,22,0.09099299665151563,-0.2667402245451025,0.3181818181818182,0.5909090909090909,0.4090909090909091,0.36363636363636365,0.0034852174338393244,-0.0232030449421754,0.03996486605182259,Donovan Mitchell | Kyle Anderson | Donte DiVincenzo | CJ McCollum | Cameron Johnson
xRAPM historical top30,positive,3,shooting + size_frame + production_stats,228,0.09067377366123607,0.0444801153612628,0.2982456140350877,0.49122807017543857,0.5087719298245614,0.32894736842105265,0.010243145865750522,-0.02264990835297198,-0.0018984027232259448,Stephen Curry | Franz Wagner | Paul George | Desmond Bane | Joel Embiid
xRAPM historical top15,positive,3,shooting + athleticism_tools + motor_competitiveness,143,0.09052789496528138,0.167169312169312,0.2867132867132867,0.46153846153846156,0.5384615384615384,0.36363636363636365,-0.024224212841720646,-0.010584010584010595,0.012285012285012276,Kawhi Leonard | Stephen Curry | Franz Wagner | Joel Embiid | Jayson Tatum
xRAPM historical top30,positive,2,shooting + athleticism_tools,367,0.08990069339967253,-0.0042063492063492,0.3215258855585831,0.5068119891008175,0.49318801089918257,0.335149863760218,0.009470065604186992,0.0006303631705233959,0.004304092615939392,Draymond Green | Kawhi Leonard | Stephen Curry | Franz Wagner | Rudy Gobert
xRAPM historical top15,positive,3,athleticism_tools + defense + motor_competitiveness,132,0.08936572711060502,0.14366662329777075,0.26515151515151514,0.45454545454545453,0.5454545454545454,0.3560606060606061,-0.02538638069639701,-0.032145782145782176,0.004709254709254707,Kawhi Leonard | Stephen Curry | Franz Wagner | Joel Embiid | Jayson Tatum
xRAPM historical top30,positive,3,defense + motor_competitiveness + production_stats,210,0.08705949644094117,0.042910052910052954,0.2761904761904762,0.49047619047619045,0.5095238095238095,0.3380952380952381,0.0066288686454556295,-0.044705046197583476,0.0072494669509595155,Stephen Curry | Franz Wagner | Joel Embiid | Jayson Tatum | Ricky Rubio
xRAPM historical top30,positive,3,feel_iq_passing + shooting + motor_competitiveness,229,0.08647648633261448,0.0071774193548383,0.29694323144104806,0.49344978165938863,0.5065502183406113,0.32751091703056767,0.00604585853712894,-0.023952290947011623,-0.0033348541137109278,Draymond Green | Kawhi Leonard | Stephen Curry | Franz Wagner | Joel Embiid
xRAPM historical top30,positive,3,athleticism_tools + defense + size_frame,245,0.08647564103761134,0.0847883597883598,0.2938775510204082,0.4857142857142857,0.5142857142857142,0.33877551020408164,0.0060450132421257935,-0.027017971367651494,0.007929739059803043,Stephen Curry | Franz Wagner | Rudy Gobert | Paul George | Desmond Bane
xRAPM historical top30,positive,2,defense + size_frame,246,0.08491342018855323,0.0674761471072946,0.2926829268292683,0.4878048780487805,0.5121951219512195,0.33739837398373984,0.004482792393067689,-0.02821259555879141,0.006552602839461241,Stephen Curry | Franz Wagner | Rudy Gobert | Paul George | Desmond Bane
xRAPM historical mature,positive,3,feel_iq_passing + size_frame + intel_consensus,22,0.084670784578378,-0.24378520225294414,0.2727272727272727,0.5909090909090909,0.4090909090909091,0.3181818181818182,-0.002836994639298304,-0.06865759039672087,-0.00548967940272288,Kyle Anderson | Jusuf Nurkić | Cameron Johnson | Rodney Hood | Gary Harris
xRAPM historical mature,positive,2,creation_handle + athleticism_tools,244,0.08449274168035222,-0.0016045407233932,0.3442622950819672,0.5,0.5,0.3483606557377049,-0.003015037537324086,0.0028774319579736307,0.02468915815316386,Kawhi Leonard | Stephen Curry | Immanuel Quickley | Mitchell Robinson | Joel Embiid
xRAPM historical top15,positive,2,shooting + motor_competitiveness,144,0.08309481190598242,0.14366662329777075,0.2916666666666667,0.4652777777777778,0.5347222222222222,0.3611111111111111,-0.03165729590101961,-0.005630630630630629,0.009759759759759734,Kawhi Leonard | Stephen Curry | Franz Wagner | Joel Embiid | Jayson Tatum
xRAPM historical top30,positive,2,feel_iq_passing + creation_handle,171,0.0829278315305238,0.1421693121693121,0.3216374269005848,0.47368421052631576,0.5263157894736842,0.3508771929824561,0.002497203735038256,0.0007419045125250934,0.02003142183817752,Kawhi Leonard | Stephen Curry | Joel Embiid | Jayson Tatum | Ricky Rubio
xRAPM historical mature,positive,3,shooting + defense + motor_competitiveness,328,0.08198350974771976,-0.00270502645502635,0.32621951219512196,0.5030487804878049,0.4969512195121951,0.34146341463414637,-0.005524269469956544,-0.015165350928871613,0.01779191704960531,Kawhi Leonard | Stephen Curry | Franz Wagner | Immanuel Quickley | Rudy Gobert
xRAPM historical mature,positive,2,shooting + intel_consensus,29,0.0819080863847567,-0.279512195121951,0.3448275862068966,0.5862068965517241,0.41379310344827586,0.3103448275862069,-0.005599692832919598,0.0034427230829029987,-0.01332666999833415,Donovan Mitchell | Kyle Anderson | Jusuf Nurkić | Donte DiVincenzo | CJ McCollum
xRAPM historical mature,positive,3,shooting + athleticism_tools + intel_consensus,29,0.0819080863847567,-0.279512195121951,0.3448275862068966,0.5862068965517241,0.41379310344827586,0.3103448275862069,-0.005599692832919598,0.0034427230829029987,-0.01332666999833415,Donovan Mitchell | Kyle Anderson | Jusuf Nurkić | Donte DiVincenzo | CJ McCollum
xRAPM historical top15,positive,2,defense + motor_competitiveness,133,0.08132661588741424,0.1201639344262295,0.2706766917293233,0.45864661654135336,0.5413533834586466,0.3533834586466165,-0.03342549191958778,-0.02662060556797402,0.002032107295265151,Kawhi Leonard | Stephen Curry | Franz Wagner | Joel Embiid | Jayson Tatum
xRAPM historical mature,positive,3,feel_iq_passing + athleticism_tools + upside_tools,205,0.0805069385431208,-0.0042063492063492,0.2975609756097561,0.5024390243902439,0.4975609756097561,0.33170731707317075,-0.007000840674555503,-0.04382388751423749,0.008035819488629692,Joel Embiid | Malcolm Brogdon | Nikola Mirotic | Dillon Brooks | Aaron Wiggins
xRAPM historical top15,positive,3,shooting + creation_handle + defense,87,0.07982831403813395,0.2557936507936509,0.3563218390804598,0.42528735632183906,0.5747126436781609,0.39080459770114945,-0.034923793768868075,0.059024541783162465,0.03945324634979808,Kawhi Leonard | Stephen Curry | Joel Embiid | Jayson Tatum | Ricky Rubio
xRAPM historical top30,positive,3,shooting + defense + size_frame,232,0.07938424212387914,0.0674761471072946,0.29310344827586204,0.49137931034482757,0.5086206896551724,0.33620689655172414,-0.0010463856716064063,-0.02779207411219764,0.005361125407445544,Stephen Curry | Franz Wagner | Rudy Gobert | Paul George | Desmond Bane
xRAPM historical mature,positive,3,feel_iq_passing + finishing_touch + defense,212,0.07891479165512631,0.0816865079365082,0.28773584905660377,0.4811320754716981,0.5188679245283019,0.33962264150943394,-0.008592987562549989,-0.05364901406738981,0.015951143924892885,Kawhi Leonard | Franz Wagner | Mitchell Robinson | Desmond Bane | Joel Embiid
xRAPM historical mature,positive,2,feel_iq_passing + upside_tools,206,0.07867034812383042,-0.00492575524833575,0.2961165048543689,0.5048543689320388,0.49514563106796117,0.3300970873786408,-0.008837431093845882,-0.045268358269624664,0.00642558979409974,Joel Embiid | Malcolm Brogdon | Nikola Mirotic | Dillon Brooks | Aaron Wiggins
xRAPM historical mature,positive,3,shooting + creation_handle + athleticism_tools,234,0.07865133682998579,-0.00450908858166905,0.3504273504273504,0.5042735042735043,0.49572649572649574,0.3418803418803419,-0.00885644238769051,0.009042487303356828,0.01820884429580083,Kawhi Leonard | Stephen Curry | Immanuel Quickley | Mitchell Robinson | Joel Embiid
xRAPM historical mature,positive,2,shooting + athleticism_tools,550,0.07803990174372646,-0.15266837826273,0.34363636363636363,0.5309090909090909,0.4690909090909091,0.32545454545454544,-0.009467877473949837,0.0022515005123700527,0.001783047870004384,Draymond Green | Kawhi Leonard | Stephen Curry | Franz Wagner | Immanuel Quickley
xRAPM historical top15,positive,2,athleticism_tools + motor_competitiveness,151,0.0778657026500575,0.1201639344262295,0.2847682119205298,0.46357615894039733,0.5364238410596026,0.3576158940397351,-0.036886405156944524,-0.012529085376767501,0.006264542688383723,Kawhi Leonard | Stephen Curry | Franz Wagner | Joel Embiid | Jayson Tatum
xRAPM historical top15,positive,3,shooting + motor_competitiveness + production_stats,128,0.07697216613066758,0.14366662329777075,0.296875,0.46875,0.53125,0.3671875,-0.037779941676334444,-0.0004222972972973138,0.01583614864864863,Stephen Curry | Franz Wagner | Joel Embiid | Jayson Tatum | Ricky Rubio
xRAPM historical top15,positive,3,defense + motor_competitiveness + size_frame,110,0.07692147586961282,0.20011904761904759,0.2727272727272727,0.43636363636363634,0.5636363636363636,0.36363636363636365,-0.03783063193738921,-0.024570024570024607,0.012285012285012276,Stephen Curry | Franz Wagner | Joel Embiid | Jayson Tatum | Ricky Rubio
xRAPM historical mature,positive,3,athleticism_tools + defense + size_frame,337,0.07662240319936,-0.0012037037037035,0.314540059347181,0.5014836795252225,0.49851632047477745,0.3353115727002967,-0.010885376018316295,-0.026844803776812587,0.011640075115755655,Stephen Curry | Franz Wagner | Rudy Gobert | Paul George | Mitchell Robinson
xRAPM historical top15,positive,3,motor_competitiveness + size_frame + production_stats,111,0.07563775060285063,0.1810317460317458,0.2972972972972973,0.45045045045045046,0.5495495495495496,0.36036036036036034,-0.03911435720415139,0.0,0.009009009009008973,Stephen Curry | Franz Wagner | Joel Embiid | Jayson Tatum | Ricky Rubio
xRAPM historical mature,positive,2,defense + size_frame,338,0.07551455381761431,-0.015085978835978649,0.3136094674556213,0.5029585798816568,0.4970414201183432,0.3343195266272189,-0.011993225400061994,-0.027775395668372282,0.010648029042677865,Stephen Curry | Franz Wagner | Rudy Gobert | Paul George | Mitchell Robinson
xRAPM historical top30,positive,3,finishing_touch + defense + size_frame,161,0.07509069066503256,0.1142063492063494,0.2919254658385093,0.4720496894409938,0.5279503105590062,0.33540372670807456,-0.005339937130452985,-0.02897005654955037,0.004557955563795957,Franz Wagner | Rudy Gobert | Desmond Bane | Joel Embiid | Jayson Tatum
xRAPM historical top30,positive,3,feel_iq_passing + finishing_touch + athleticism_tools,183,0.07337535968976475,0.0604761904761903,0.29508196721311475,0.4808743169398907,0.5191256830601093,0.33879781420765026,-0.007055268105720797,-0.025813555174944935,0.007952043063371661,Kawhi Leonard | Franz Wagner | Desmond Bane | Joel Embiid | Jayson Tatum
xRAPM historical mature,positive,3,shooting + production_stats + intel_consensus,25,0.07278118187895814,-0.279512195121951,0.32,0.6,0.4,0.32,-0.014726597338718159,-0.02138486312399357,-0.0036714975845410502,Donovan Mitchell | Kyle Anderson | Donte DiVincenzo | CJ McCollum | Cameron Johnson
xRAPM historical top30,positive,3,athleticism_tools + size_frame + production_stats,239,0.07233599375627778,0.0410317460317459,0.3054393305439331,0.4895397489539749,0.5104602510460251,0.3263598326359833,-0.008094634039207765,-0.01545619184412661,-0.004485938508295317,Stephen Curry | Franz Wagner | Paul George | Desmond Bane | Joel Embiid
xRAPM historical mature,positive,3,creation_handle + athleticism_tools + motor_competitiveness,190,0.07107821626653624,0.0816865079365082,0.35789473684210527,0.48947368421052634,0.5105263157894737,0.35789473684210527,-0.016429562951140064,0.01650987371811169,0.03422323925756421,Kawhi Leonard | Stephen Curry | Immanuel Quickley | Mitchell Robinson | Joel Embiid
xRAPM historical mature,positive,3,feel_iq_passing + shooting + size_frame,307,0.07097339656647748,-0.0033730158730158,0.31596091205211724,0.504885993485342,0.495114006514658,0.31596091205211724,-0.016534382651198817,-0.02542395107187634,-0.007710585532423819,Stephen Curry | Franz Wagner | Paul George | Mitchell Robinson | Desmond Bane
xRAPM historical top30,positive,3,feel_iq_passing + shooting + creation_handle,166,0.06873298762993767,0.1311666232977708,0.3313253012048193,0.4759036144578313,0.5240963855421686,0.3493975903614458,-0.011697640165547876,0.010429778816759605,0.018551819217167198,Kawhi Leonard | Stephen Curry | Joel Embiid | Jayson Tatum | Ricky Rubio
xRAPM historical top30,positive,3,creation_handle + defense + motor_competitiveness,133,0.06797490970220704,0.1810317460317458,0.3308270676691729,0.45112781954887216,0.5488721804511278,0.3684210526315789,-0.0124557180932785,0.00993154528111323,0.03757528148730033,Kawhi Leonard | Stephen Curry | Joel Embiid | Jayson Tatum | Ricky Rubio
xRAPM historical top15,positive,3,feel_iq_passing + creation_handle + production_stats,86,0.06772043505202383,0.2462103174603176,0.3488372093023256,0.43023255813953487,0.5697674418604651,0.3953488372093023,-0.0470316727549782,0.05153991200502828,0.043997485857950935,Stephen Curry | Joel Embiid | Jayson Tatum | Ricky Rubio | Tyrese Haliburton
xRAPM historical mature,positive,2,shooting + motor_competitiveness,394,0.067569340952287,-0.1558245614035089,0.3477157360406091,0.5304568527918782,0.46954314720812185,0.3223350253807107,-0.019938438265389297,0.006330872916615549,-0.0013364722038303745,Nikola Jokić | Draymond Green | Kawhi Leonard | Stephen Curry | Franz Wagner
xRAPM historical top15,positive,3,shooting + creation_handle + size_frame,89,0.0674805887951062,0.2557936507936509,0.3595505617977528,0.42696629213483145,0.5730337078651685,0.38202247191011235,-0.04727151901189583,0.062253264500455485,0.030671120558760978,Stephen Curry | Joel Embiid | Jayson Tatum | Ricky Rubio | Tyrese Haliburton
xRAPM historical mature,positive,3,shooting + defense + size_frame,312,0.06740979935274004,-0.05257355787843575,0.3173076923076923,0.5096153846153846,0.49038461538461536,0.3301282051282051,-0.020097979864936263,-0.024077170816301285,0.006456707543664064,Stephen Curry | Franz Wagner | Rudy Gobert | Paul George | Mitchell Robinson
xRAPM historical top30,positive,3,feel_iq_passing + shooting + size_frame,229,0.06695182868826313,0.1028968253968261,0.3056768558951965,0.4890829694323144,0.5109170305676856,0.3231441048034934,-0.013478799107222411,-0.015218666492863187,-0.007701666340785174,Stephen Curry | Franz Wagner | Paul George | Desmond Bane | Joel Embiid
xRAPM historical top15,positive,3,shooting + creation_handle + motor_competitiveness,88,0.06648651742347332,0.26621031746031765,0.36363636363636365,0.4318181818181818,0.5681818181818182,0.3977272727272727,-0.048265590383528706,0.06633906633906633,0.046375921375921336,Kawhi Leonard | Stephen Curry | Joel Embiid | Jayson Tatum | Ricky Rubio
xRAPM historical top30,positive,3,athleticism_tools + defense + motor_competitiveness,247,0.06609198743500173,0.04478835978836,0.291497975708502,0.4898785425101215,0.5101214574898786,0.3360323886639676,-0.01433864036048381,-0.029397546679557685,0.0051866175196890185,Kawhi Leonard | Stephen Curry | Franz Wagner | Rudy Gobert | Joel Embiid
xRAPM historical top15,positive,3,creation_handle + defense + production_stats,79,0.06601929632436869,0.2557936507936509,0.34177215189873417,0.4177215189873418,0.5822784810126582,0.3924050632911392,-0.04873281148263334,0.04447485460143685,0.04105371193978785,Stephen Curry | Joel Embiid | Jayson Tatum | Ricky Rubio | Tyrese Haliburton
xRAPM historical top30,positive,2,feel_iq_passing + finishing_touch,184,0.06461687684432596,0.052632275132275155,0.29891304347826086,0.483695652173913,0.5163043478260869,0.33695652173913043,-0.015813750951159583,-0.02198247890979882,0.006110750594851833,Kawhi Leonard | Franz Wagner | Desmond Bane | Joel Embiid | Jayson Tatum
xRAPM historical top30,positive,2,size_frame + production_stats,242,0.0645300226062535,0.03991402116402105,0.30578512396694213,0.49173553719008267,0.5082644628099173,0.32231404958677684,-0.015900605189232045,-0.015110398421117555,-0.008531721557501759,Stephen Curry | Franz Wagner | Paul George | Desmond Bane | Joel Embiid
xRAPM historical top30,positive,3,shooting + creation_handle + production_stats,159,0.06423133543333572,0.0604761904761903,0.32075471698113206,0.48427672955974843,0.5157232704402516,0.34591194968553457,-0.016199292362149828,-0.00014080540692762433,0.01506617854125597,Stephen Curry | Joel Embiid | Jayson Tatum | Ricky Rubio | Jrue Holiday
xRAPM historical mature,positive,3,defense + motor_competitiveness + production_stats,284,0.06419901554378177,-0.00270502645502635,0.31690140845070425,0.5035211267605634,0.4964788732394366,0.3415492957746479,-0.023308763673894534,-0.02448345467328933,0.01787779819010682,Stephen Curry | Franz Wagner | Immanuel Quickley | Mitchell Robinson | Joel Embiid
xRAPM historical top30,positive,3,creation_handle + athleticism_tools + production_stats,161,0.06400615732055513,0.1201639344262295,0.32298136645962733,0.4782608695652174,0.5217391304347826,0.34782608695652173,-0.01642447047493041,0.002085844071567644,0.01698031581224313,Stephen Curry | Joel Embiid | Jayson Tatum | Ricky Rubio | Jrue Holiday
xRAPM historical top15,positive,3,feel_iq_passing + finishing_touch + motor_competitiveness,85,0.06333425793763907,0.1201639344262295,0.27058823529411763,0.43529411764705883,0.5647058823529412,0.3411764705882353,-0.05141784986936296,-0.026709062003179684,-0.010174880763116068,Kawhi Leonard | Franz Wagner | Joel Embiid | Jayson Tatum | Ricky Rubio
xRAPM historical mature,positive,2,creation_handle + motor_competitiveness,191,0.06282312004896107,0.0604761904761903,0.3612565445026178,0.49214659685863876,0.5078534031413613,0.35602094240837695,-0.024684659168715234,0.019871681378624217,0.03234944482383589,Kawhi Leonard | Stephen Curry | Immanuel Quickley | Mitchell Robinson | Joel Embiid
xRAPM historical top15,positive,2,creation_handle + athleticism_tools,109,0.062090068404148886,0.2557936507936509,0.3669724770642202,0.44036697247706424,0.5596330275229358,0.3761467889908257,-0.05266203940285314,0.06967517976692289,0.024795437639474338,Kawhi Leonard | Stephen Curry | Joel Embiid | Jayson Tatum | Ricky Rubio
xRAPM historical mature,positive,2,shooting + creation_handle,237,0.06170244303144393,-0.0389682539682539,0.35443037974683544,0.510548523206751,0.48945147679324896,0.33755274261603374,-0.025805336186232368,0.013045516622841868,0.013881245031492684,Kawhi Leonard | Stephen Curry | Immanuel Quickley | Mitchell Robinson | Joel Embiid
xRAPM historical top30,positive,2,finishing_touch + defense,197,0.0611247937387708,0.04478835978836,0.29949238578680204,0.4873096446700508,0.5126903553299492,0.3350253807106599,-0.019305834056714745,-0.021403136601257644,0.004179609566381304,Kawhi Leonard | Franz Wagner | Rudy Gobert | Desmond Bane | Joel Embiid
xRAPM historical top30,positive,3,finishing_touch + athleticism_tools + defense,197,0.0611247937387708,0.04478835978836,0.29949238578680204,0.4873096446700508,0.5126903553299492,0.3350253807106599,-0.019305834056714745,-0.021403136601257644,0.004179609566381304,Kawhi Leonard | Franz Wagner | Rudy Gobert | Desmond Bane | Joel Embiid
xRAPM historical top30,positive,3,feel_iq_passing + finishing_touch + motor_competitiveness,151,0.0606385336239627,0.1142063492063494,0.2847682119205298,0.46357615894039733,0.5364238410596026,0.33112582781456956,-0.01979209417152284,-0.03612731046752987,0.00028005667029096237,Kawhi Leonard | Franz Wagner | Joel Embiid | Jayson Tatum | Ricky Rubio
xRAPM historical top30,positive,2,defense + motor_competitiveness,249,0.06042993631743362,0.0410317460317459,0.2931726907630522,0.4939759036144578,0.5060240963855421,0.3333333333333333,-0.020000691478051925,-0.027722831625007494,0.002487562189054715,Kawhi Leonard | Stephen Curry | Franz Wagner | Rudy Gobert | Joel Embiid
xRAPM historical top15,positive,3,shooting + motor_competitiveness + size_frame,116,0.06033754136991328,0.19991402116402118,0.3017241379310345,0.4482758620689655,0.5517241379310345,0.3620689655172414,-0.054414566437088745,0.004426840633737161,0.01071761416589001,Stephen Curry | Franz Wagner | Joel Embiid | Jayson Tatum | Ricky Rubio
xRAPM historical top30,positive,2,shooting + intel_consensus,24,0.059555045184094046,-0.3169021597710123,0.375,0.5833333333333334,0.4166666666666667,0.3333333333333333,-0.020875582611391497,0.054104477611940316,0.002487562189054715,Donovan Mitchell | Kyle Anderson | Jusuf Nurkić | Donte DiVincenzo | CJ McCollum
xRAPM historical top30,positive,3,shooting + athleticism_tools + intel_consensus,24,0.059555045184094046,-0.3169021597710123,0.375,0.5833333333333334,0.4166666666666667,0.3333333333333333,-0.020875582611391497,0.054104477611940316,0.002487562189054715,Donovan Mitchell | Kyle Anderson | Jusuf Nurkić | Donte DiVincenzo | CJ McCollum
xRAPM historical top30,positive,2,creation_handle + production_stats,162,0.059061037987692605,0.0903200624512099,0.32098765432098764,0.48148148148148145,0.5185185185185185,0.345679012345679,-0.021369589807792938,9.213193292795241e-05,0.014833241201400393,Stephen Curry | Joel Embiid | Jayson Tatum | Ricky Rubio | Jrue Holiday
xRAPM historical mature,positive,3,creation_handle + motor_competitiveness + production_stats,160,0.058927350686247396,0.0903200624512099,0.35625,0.4875,0.5125,0.35625,-0.028580428531428906,0.014865136876006435,0.032578502415458954,Stephen Curry | Immanuel Quickley | Mitchell Robinson | Joel Embiid | Malcolm Brogdon
xRAPM historical top15,positive,3,athleticism_tools + motor_competitiveness + production_stats,134,0.05767073482310212,0.11718514181628945,0.291044776119403,0.4701492537313433,0.5298507462686567,0.3582089552238806,-0.057081372983899904,-0.006252521177894321,0.0068576038725292054,Stephen Curry | Franz Wagner | Joel Embiid | Jayson Tatum | Ricky Rubio
xRAPM historical mature,positive,3,shooting + athleticism_tools + motor_competitiveness,389,0.057440230931959546,-0.1495121951219511,0.3444730077120823,0.5269922879177378,0.4730077120822622,0.32390745501285345,-0.030067548285716755,0.0030881445880887037,0.0002359574283123944,Draymond Green | Kawhi Leonard | Stephen Curry | Franz Wagner | Immanuel Quickley
xRAPM historical top30,positive,3,finishing_touch + defense + motor_competitiveness,167,0.057381893379015364,0.0604761904761903,0.2934131736526946,0.47904191616766467,0.5209580838323353,0.32934131736526945,-0.02304873441647018,-0.027482348735365092,-0.0015044537790091517,Kawhi Leonard | Franz Wagner | Rudy Gobert | Joel Embiid | Jayson Tatum
xRAPM historical mature,positive,2,defense + intel_consensus,25,0.05630203299120708,-0.2539682539682539,0.32,0.6,0.4,0.36,-0.031205746226469225,-0.02138486312399357,0.03632850241545893,Donovan Mitchell | Kyle Anderson | Donte DiVincenzo | CJ McCollum | Cameron Johnson
xRAPM historical mature,positive,3,athleticism_tools + defense + intel_consensus,25,0.05630203299120708,-0.2539682539682539,0.32,0.6,0.4,0.36,-0.031205746226469225,-0.02138486312399357,0.03632850241545893,Donovan Mitchell | Kyle Anderson | Donte DiVincenzo | CJ McCollum | Cameron Johnson
xRAPM historical mature,positive,3,creation_handle + size_frame + production_stats,154,0.0562643499528923,0.15466931216931207,0.33766233766233766,0.474025974025974,0.525974025974026,0.34415584415584416,-0.031243429264784003,-0.0037225254616559122,0.020484346571303103,Stephen Curry | Mitchell Robinson | Joel Embiid | Malcolm Brogdon | Jayson Tatum
xRAPM historical top30,positive,3,athleticism_tools + motor_competitiveness + production_stats,246,0.056189190376493024,-0.016587301587301498,0.3089430894308943,0.508130081300813,0.491869918699187,0.3252032520325203,-0.02424143741899252,-0.01195243295716536,-0.005642519111758282,Draymond Green | Stephen Curry | Franz Wagner | Joel Embiid | Jayson Tatum
xRAPM historical mature,positive,2,athleticism_tools + intel_consensus,32,0.05565748136264928,-0.2667402245451025,0.34375,0.59375,0.40625,0.3125,-0.03185029785502702,0.002365136876006424,-0.011171497584541057,Donovan Mitchell | Kyle Anderson | Jusuf Nurkić | Donte DiVincenzo | CJ McCollum
xRAPM historical top15,positive,3,defense + motor_competitiveness + production_stats,117,0.05508883397828537,0.1142063492063494,0.27350427350427353,0.4700854700854701,0.5299145299145299,0.3504273504273504,-0.059663273828716654,-0.023793023793023782,-0.0009240009240009672,Stephen Curry | Franz Wagner | Joel Embiid | Jayson Tatum | Ricky Rubio
xRAPM historical top30,positive,3,shooting + defense + motor_competitiveness,234,0.05478032899365412,-0.00051988463873705,0.2948717948717949,0.5,0.5,0.3333333333333333,-0.025650298801831423,-0.026023727516264805,0.002487562189054715,Kawhi Leonard | Stephen Curry | Franz Wagner | Rudy Gobert | Joel Embiid
xRAPM historical top30,positive,3,shooting + defense + intel_consensus,19,0.05393448660725795,-0.2539682539682539,0.3157894736842105,0.5789473684210527,0.42105263157894735,0.3684210526315789,-0.026496141188227594,-0.005106048703849175,0.03757528148730033,Donovan Mitchell | Kyle Anderson | Donte DiVincenzo | CJ McCollum | Rodney Hood
xRAPM historical mature,positive,3,shooting + creation_handle + motor_competitiveness,182,0.05333300069653103,-0.01940215977101225,0.36813186813186816,0.5,0.5,0.34615384615384615,-0.03417477852114527,0.02674700500787458,0.02248234856930509,Kawhi Leonard | Stephen Curry | Immanuel Quickley | Mitchell Robinson | Joel Embiid
xRAPM historical mature,positive,2,athleticism_tools + motor_competitiveness,419,0.05283126340154236,-0.1495121951219511,0.33890214797136037,0.5250596658711217,0.47494033412887826,0.3221957040572792,-0.03467651581613394,-0.002482715152633208,-0.0014757935272618483,Draymond Green | Kawhi Leonard | Stephen Curry | Franz Wagner | Immanuel Quickley
xRAPM historical top30,positive,2,motor_competitiveness + production_stats,249,0.05264165021931587,-0.0289682539682538,0.3092369477911647,0.5100401606425703,0.4899598393574297,0.321285140562249,-0.027788977576169674,-0.01165857459689501,-0.009560630582029606,Draymond Green | Stephen Curry | Franz Wagner | Joel Embiid | Jayson Tatum
xRAPM historical top30,positive,3,defense + motor_competitiveness + size_frame,195,0.052574986678778475,0.1028968253968261,0.2923076923076923,0.48205128205128206,0.517948717948718,0.3282051282051282,-0.027855641116707068,-0.02858783008036736,-0.002640642939150395,Stephen Curry | Franz Wagner | Rudy Gobert | Joel Embiid | Jayson Tatum
xRAPM historical top30,positive,3,shooting + motor_competitiveness + production_stats,234,0.05227796540518764,-0.04940215977101235,0.31196581196581197,0.5170940170940171,0.4829059829059829,0.3247863247863248,-0.0281526623902979,-0.008929710422247716,-0.006059446357953802,Draymond Green | Stephen Curry | Franz Wagner | Joel Embiid | Jayson Tatum
xRAPM historical top15,positive,2,motor_competitiveness + size_frame,123,0.050335146216318336,0.1810317460317458,0.3008130081300813,0.44715447154471544,0.5528455284552846,0.35772357723577236,-0.06441696159068369,0.0035157108327840136,0.00637222588442099,Stephen Curry | Franz Wagner | Joel Embiid | Jayson Tatum | Ricky Rubio
xRAPM historical top15,positive,3,athleticism_tools + motor_competitiveness + size_frame,123,0.050335146216318336,0.1810317460317458,0.3008130081300813,0.44715447154471544,0.5528455284552846,0.35772357723577236,-0.06441696159068369,0.0035157108327840136,0.00637222588442099,Stephen Curry | Franz Wagner | Joel Embiid | Jayson Tatum | Ricky Rubio
xRAPM historical mature,positive,3,shooting + size_frame + production_stats,297,0.05002378405153481,-0.0762037037037035,0.3265993265993266,0.5185185185185185,0.48148148148148145,0.3164983164983165,-0.03748399516614149,-0.014785536524666965,-0.007173181086224556,Stephen Curry | Franz Wagner | Paul George | Mitchell Robinson | Desmond Bane
xRAPM historical top15,positive,2,motor_competitiveness + production_stats,135,0.049985499264606756,0.1142063492063494,0.2962962962962963,0.4740740740740741,0.5259259259259259,0.35555555555555557,-0.06476660854239527,-0.001001001001001034,0.004204204204204198,Stephen Curry | Franz Wagner | Joel Embiid | Jayson Tatum | Ricky Rubio
xRAPM historical mature,positive,3,upside_tools + defense + production_stats,184,0.049236241941487666,0.022476147107294703,0.30434782608695654,0.4945652173913043,0.5054347826086957,0.3423913043478261,-0.038271537276188636,-0.037037037037037035,0.018719806763285052,Joel Embiid | Malcolm Brogdon | Aaron Wiggins | Chase Budinger | Khris Middleton
xRAPM historical top30,positive,3,creation_handle + size_frame + production_stats,134,0.04806648926559152,0.15466931216931207,0.3283582089552239,0.4701492537313433,0.5298507462686567,0.3358208955223881,-0.032364138529894025,0.007462686567164201,0.004975124378109486,Stephen Curry | Joel Embiid | Jayson Tatum | Ricky Rubio | Jrue Holiday
xRAPM historical top30,positive,3,defense + size_frame + risk_uncertainty,14,0.04753871992519169,0.12382936507936515,0.21428571428571427,0.5,0.5,0.35714285714285715,-0.032891907870293856,-0.10660980810234541,0.02629708599857855,Klay Thompson | Montrezl Harrell | Ja Morant | Cody Zeller | Otto Porter Jr.
xRAPM historical mature,positive,3,feel_iq_passing + upside_tools + size_frame,158,0.04699935881086826,0.1406878306878307,0.2974683544303797,0.4873417721518987,0.5126582278481012,0.3291139240506329,-0.04050842040680804,-0.043916508693613854,0.005442426466091832,Joel Embiid | Malcolm Brogdon | Nikola Mirotic | Khris Middleton | Tyrese Haliburton
xRAPM historical top30,positive,3,motor_competitiveness + size_frame + production_stats,197,0.046106368515100936,0.0410317460317459,0.30456852791878175,0.49238578680203043,0.5076142131979695,0.3197969543147208,-0.03432425928038461,-0.016326994469277933,-0.011048816829557773,Stephen Curry | Franz Wagner | Joel Embiid | Jayson Tatum | Ricky Rubio
xRAPM historical mature,positive,3,athleticism_tools + size_frame + production_stats,320,0.045437426884604185,-0.05257355787843575,0.325,0.5125,0.4875,0.315625,-0.04207035233307212,-0.016384863123993565,-0.008046497584541068,Stephen Curry | Franz Wagner | Paul George | Mitchell Robinson | Desmond Bane
xRAPM historical top30,positive,3,feel_iq_passing + finishing_touch + size_frame,150,0.04417396031801762,0.1169973544973548,0.3,0.47333333333333333,0.5266666666666666,0.3333333333333333,-0.036256667477467926,-0.020895522388059695,0.002487562189054715,Franz Wagner | Desmond Bane | Joel Embiid | Jayson Tatum | Ricky Rubio
xRAPM historical top30,positive,2,defense + risk_uncertainty,15,0.0440890486497556,-0.0042063492063492,0.2,0.5333333333333333,0.4666666666666667,0.3333333333333333,-0.03634157914572994,-0.12089552238805967,0.002487562189054715,Klay Thompson | Montrezl Harrell | Ja Morant | Cody Zeller | Otto Porter Jr.
xRAPM historical top30,positive,3,athleticism_tools + defense + risk_uncertainty,15,0.0440890486497556,-0.0042063492063492,0.2,0.5333333333333333,0.4666666666666667,0.3333333333333333,-0.03634157914572994,-0.12089552238805967,0.002487562189054715,Klay Thompson | Montrezl Harrell | Ja Morant | Cody Zeller | Otto Porter Jr.
xRAPM historical top30,positive,3,defense + production_stats + risk_uncertainty,15,0.0440890486497556,-0.0042063492063492,0.2,0.5333333333333333,0.4666666666666667,0.3333333333333333,-0.03634157914572994,-0.12089552238805967,0.002487562189054715,Klay Thompson | Montrezl Harrell | Ja Morant | Cody Zeller | Otto Porter Jr.
xRAPM historical top30,positive,3,feel_iq_passing + creation_handle + intel_consensus,12,0.04391353046594987,-0.05120370370370367,0.4166666666666667,0.5,0.5,0.3333333333333333,-0.036517097329535675,0.095771144278607,0.002487562189054715,Kyle Anderson | CJ McCollum | Rodney Hood | Gary Harris | Dario Saric
xRAPM historical mature,positive,2,production_stats + intel_consensus,28,0.043758373050742386,-0.2667402245451025,0.32142857142857145,0.6071428571428571,0.39285714285714285,0.32142857142857145,-0.043749406166933916,-0.019956291695422124,-0.0022429261559696045,Donovan Mitchell | Kyle Anderson | Donte DiVincenzo | CJ McCollum | Cameron Johnson
xRAPM historical mature,positive,3,athleticism_tools + production_stats + intel_consensus,28,0.043758373050742386,-0.2667402245451025,0.32142857142857145,0.6071428571428571,0.39285714285714285,0.32142857142857145,-0.043749406166933916,-0.019956291695422124,-0.0022429261559696045,Donovan Mitchell | Kyle Anderson | Donte DiVincenzo | CJ McCollum | Cameron Johnson
xRAPM historical top30,positive,3,shooting + production_stats + intel_consensus,20,0.043675806311713396,-0.3169021597710123,0.35,0.6,0.4,0.35,-0.03675482148377215,0.029104477611940294,0.019154228855721378,Donovan Mitchell | Kyle Anderson | Donte DiVincenzo | CJ McCollum | Rodney Hood
xRAPM historical mature,positive,3,feel_iq_passing + shooting + upside_tools,195,0.04245664816247274,-0.0289682539682538,0.3076923076923077,0.5128205128205128,0.48717948717948717,0.3230769230769231,-0.04505113105520356,-0.03369255543168587,-0.000594574507617962,Joel Embiid | Malcolm Brogdon | Nikola Mirotic | Dillon Brooks | Aaron Wiggins
xRAPM historical top30,positive,3,feel_iq_passing + motor_competitiveness + size_frame,185,0.0409855182530854,0.1028968253968261,0.3027027027027027,0.4810810810810811,0.518918918918919,0.31351351351351353,-0.039445109542400145,-0.018192819685356965,-0.01733225763076507,Stephen Curry | Franz Wagner | Joel Embiid | Jayson Tatum | Ricky Rubio
xRAPM historical mature,positive,2,size_frame + production_stats,323,0.03983882218587089,-0.0661788617886176,0.32507739938080493,0.5139318885448917,0.48606811145510836,0.3126934984520124,-0.04766895703180541,-0.016307463743188644,-0.01097799913252867,Stephen Curry | Franz Wagner | Paul George | Mitchell Robinson | Desmond Bane
xRAPM historical top30,positive,3,shooting + finishing_touch + defense,184,0.03948598844861628,0.022476147107294703,0.30434782608695654,0.4945652173913043,0.5054347826086957,0.33152173913043476,-0.04094463934686926,-0.016547696301103143,0.0006759679861561563,Kawhi Leonard | Franz Wagner | Rudy Gobert | Desmond Bane | Joel Embiid
xRAPM historical mature,positive,3,athleticism_tools + motor_competitiveness + production_stats,336,0.039083901175676526,-0.11137416794674836,0.33630952380952384,0.5238095238095238,0.47619047619047616,0.3244047619047619,-0.048423878041999775,-0.00507533931446974,0.0007332643202208611,Draymond Green | Stephen Curry | Franz Wagner | Immanuel Quickley | Mitchell Robinson
xRAPM historical top30,positive,3,shooting + production_stats + risk_uncertainty,15,0.03863314036051399,-0.0289682539682538,0.2,0.6,0.4,0.3333333333333333,-0.04179748743497155,-0.12089552238805967,0.002487562189054715,Klay Thompson | Montrezl Harrell | Ja Morant | Cody Zeller | Otto Porter Jr.
xRAPM historical top30,positive,3,feel_iq_passing + finishing_touch + production_stats,155,0.038598547545068085,0.04478835978836,0.2838709677419355,0.4838709677419355,0.5161290322580645,0.33548387096774196,-0.04183208025041746,-0.0370245546461242,0.00463809982346336,Franz Wagner | Desmond Bane | Joel Embiid | Jayson Tatum | Ricky Rubio
xRAPM historical top30,positive,3,creation_handle + defense + size_frame,132,0.03841293675460146,0.17084656084656064,0.32575757575757575,0.4621212121212121,0.5378787878787878,0.3484848484848485,-0.042017691040884084,0.004862053369516062,0.01763907734056991,Stephen Curry | Joel Embiid | Jayson Tatum | Ricky Rubio | Nikola Mirotic
xRAPM historical top30,positive,3,shooting + athleticism_tools + motor_competitiveness,276,0.037309892802964664,-0.04940215977101235,0.322463768115942,0.5144927536231884,0.4855072463768116,0.322463768115942,-0.04312073499252088,0.0015682457278823336,-0.008382003028336582,Draymond Green | Kawhi Leonard | Stephen Curry | Franz Wagner | Rudy Gobert
xRAPM historical top30,positive,3,finishing_touch + upside_tools + defense,111,0.03708572975627264,0.0001639344262294,0.27927927927927926,0.4954954954954955,0.5045045045045045,0.3333333333333333,-0.043344898039212904,-0.041616243108780426,0.002487562189054715,Rudy Gobert | Joel Embiid | Nikola Mirotic | Chase Budinger | Bam Adebayo
xRAPM historical mature,positive,3,shooting + motor_competitiveness + production_stats,317,0.035818456306718593,-0.1495121951219511,0.3470031545741325,0.5331230283911672,0.4668769716088328,0.3249211356466877,-0.05168932291095771,0.005618291450138924,0.0012496380621466185,Draymond Green | Stephen Curry | Franz Wagner | Immanuel Quickley | Mitchell Robinson
xRAPM historical top15,positive,2,feel_iq_passing + finishing_touch,96,0.03526666765982642,0.1169973544973548,0.28125,0.4583333333333333,0.5416666666666666,0.3333333333333333,-0.07948544014717561,-0.016047297297297314,-0.018018018018018056,Kawhi Leonard | Franz Wagner | Joel Embiid | Jayson Tatum | Ricky Rubio
xRAPM historical top15,positive,3,feel_iq_passing + finishing_touch + athleticism_tools,96,0.03526666765982642,0.1169973544973548,0.28125,0.4583333333333333,0.5416666666666666,0.3333333333333333,-0.07948544014717561,-0.016047297297297314,-0.018018018018018056,Kawhi Leonard | Franz Wagner | Joel Embiid | Jayson Tatum | Ricky Rubio
xRAPM historical top30,positive,2,athleticism_tools + motor_competitiveness,293,0.035151371227559756,-0.0389682539682539,0.32081911262798635,0.5119453924914675,0.4880546075085324,0.32081911262798635,-0.04527925656792579,-7.640976007333711e-05,-0.010026658516292253,Draymond Green | Kawhi Leonard | Stephen Curry | Franz Wagner | Rudy Gobert
xRAPM historical top30,positive,3,shooting + athleticism_tools + size_frame,278,0.03501125115441011,-0.00228835978835965,0.3237410071942446,0.5035971223021583,0.49640287769784175,0.31654676258992803,-0.04541937664107543,0.002845484806184906,-0.014299008554350567,Stephen Curry | Franz Wagner | Rudy Gobert | Paul George | Desmond Bane
xRAPM historical top15,positive,2,shooting + creation_handle,105,0.03401335344892274,0.2366269841269843,0.38095238095238093,0.44761904761904764,0.5523809523809524,0.37142857142857144,-0.08073875435807928,0.08365508365508362,0.02007722007722007,Kawhi Leonard | Stephen Curry | Joel Embiid | Jayson Tatum | Ricky Rubio
xRAPM historical top15,positive,3,shooting + creation_handle + athleticism_tools,105,0.03401335344892274,0.2366269841269843,0.38095238095238093,0.44761904761904764,0.5523809523809524,0.37142857142857144,-0.08073875435807928,0.08365508365508362,0.02007722007722007,Kawhi Leonard | Stephen Curry | Joel Embiid | Jayson Tatum | Ricky Rubio
xRAPM historical top30,positive,2,shooting + size_frame,279,0.03381826929424848,-0.0033730158730158,0.3225806451612903,0.5053763440860215,0.4946236559139785,0.3154121863799283,-0.046612358501237065,0.0016851227732306295,-0.015433584764350305,Stephen Curry | Franz Wagner | Rudy Gobert | Paul George | Desmond Bane
xRAPM historical top30,positive,3,feel_iq_passing + creation_handle + finishing_touch,108,0.03374277710799078,0.1473438719750194,0.2962962962962963,0.46296296296296297,0.5370370370370371,0.3425925925925926,-0.046687850687494765,-0.024599226091763404,0.011746821448314015,Kawhi Leonard | Joel Embiid | Jayson Tatum | Ricky Rubio | Nikola Mirotic
xRAPM historical mature,positive,3,creation_handle + upside_tools + defense,102,0.03284246426721164,0.1741005291005289,0.3333333333333333,0.4803921568627451,0.5196078431372549,0.35294117647058826,-0.05466531495046466,-0.008051529790660261,0.0292696788860472,Joel Embiid | Malcolm Brogdon | Nikola Mirotic | Tyrese Haliburton | Monte Morris
xRAPM historical top30,positive,2,shooting + motor_competitiveness,278,0.03244555273458199,-0.06801988463873715,0.3237410071942446,0.5179856115107914,0.48201438848920863,0.32014388489208634,-0.047985075060903555,0.002845484806184906,-0.01070188625219226,Draymond Green | Kawhi Leonard | Stephen Curry | Franz Wagner | Rudy Gobert
xRAPM historical top30,positive,3,feel_iq_passing + athleticism_tools + upside_tools,154,0.031227390872324755,0.00367067689053385,0.2792207792207792,0.4935064935064935,0.5064935064935064,0.3246753246753247,-0.04920323692316079,-0.04167474316728048,-0.006170446468953927,Joel Embiid | Nikola Mirotic | Chase Budinger | Tyrese Haliburton | Ivica Zubac
xRAPM historical mature,positive,3,feel_iq_passing + finishing_touch + athleticism_tools,243,0.03059070154502563,-0.0389682539682539,0.30864197530864196,0.51440329218107,0.48559670781893005,0.32098765432098764,-0.05691707767265067,-0.03274288781535162,-0.0026838432635534204,Kawhi Leonard | Franz Wagner | Mitchell Robinson | Desmond Bane | Joel Embiid
xRAPM historical mature,positive,3,creation_handle + motor_competitiveness + size_frame,147,0.03055551853564256,0.1421693121693121,0.35374149659863946,0.47619047619047616,0.5238095238095238,0.3469387755102041,-0.05695226068203374,0.012356633474645884,0.02326727792566302,Stephen Curry | Mitchell Robinson | Joel Embiid | Malcolm Brogdon | Jayson Tatum
xRAPM historical top15,positive,3,feel_iq_passing + finishing_touch + size_frame,79,0.030503064616382598,0.1745238095238093,0.27848101265822783,0.43037974683544306,0.569620253164557,0.34177215189873417,-0.08424904319061943,-0.01881628463906948,-0.009579199452617204,Franz Wagner | Joel Embiid | Jayson Tatum | Ricky Rubio | Michael Porter Jr.
xRAPM historical top30,positive,2,feel_iq_passing + upside_tools,155,0.029104435525853695,0.0001639344262294,0.27741935483870966,0.4967741935483871,0.5032258064516129,0.3225806451612903,-0.05132619226963185,-0.04347616754935002,-0.008265125982988286,Joel Embiid | Nikola Mirotic | Chase Budinger | Tyrese Haliburton | Ivica Zubac
xRAPM historical top30,positive,2,athleticism_tools + size_frame,294,0.02879720454511317,-0.00228835978835965,0.32653061224489793,0.5034013605442177,0.4965986394557823,0.3163265306122449,-0.05163342325037237,0.005635089856838249,-0.014519240532033684,Stephen Curry | Franz Wagner | Rudy Gobert | Paul George | Desmond Bane
xRAPM historical mature,positive,3,athleticism_tools + upside_tools + defense,221,0.028594201861100364,-0.0598360655737708,0.31221719457013575,0.5158371040723982,0.4841628959276018,0.3393665158371041,-0.05891357735657594,-0.02916766855385783,0.01569501825256303,Rudy Gobert | Joel Embiid | Malcolm Brogdon | Nikola Mirotic | Aaron Wiggins
xRAPM historical mature,positive,2,motor_competitiveness + production_stats,341,0.028259072161184513,-0.1198360655737704,0.34017595307917886,0.5278592375366569,0.47214076246334313,0.3196480938416422,-0.05924870705649179,-0.001208910044814715,-0.0040234037428988345,Draymond Green | Stephen Curry | Franz Wagner | Immanuel Quickley | Mitchell Robinson
xRAPM historical top30,positive,3,creation_handle + motor_competitiveness + production_stats,132,0.027960889233501228,0.0903200624512099,0.3409090909090909,0.48484848484848486,0.5151515151515151,0.3484848484848485,-0.052469738561984315,0.0200135685210312,0.01763907734056991,Stephen Curry | Joel Embiid | Jayson Tatum | Ricky Rubio | Jrue Holiday
xRAPM historical top30,positive,3,feel_iq_passing + upside_tools + production_stats,133,0.027836428839252733,0.04478835978836,0.2556390977443609,0.48872180451127817,0.5112781954887218,0.3233082706766917,-0.05259419895623281,-0.0652564246436988,-0.007537500467586888,Joel Embiid | Chase Budinger | Tyrese Haliburton | Montrezl Harrell | Michael Porter Jr.
xRAPM historical mature,positive,3,feel_iq_passing + motor_competitiveness + size_frame,247,0.027403392414656707,0.0001639344262294,0.3117408906882591,0.4979757085020243,0.5020242914979757,0.30364372469635625,-0.06010438680301959,-0.029643972435734467,-0.020027772888184803,Stephen Curry | Franz Wagner | Mitchell Robinson | Joel Embiid | Malcolm Brogdon
xRAPM historical mature,positive,2,upside_tools + defense,222,0.02712381947510132,-0.0630074636811942,0.3108108108108108,0.5180180180180181,0.481981981981982,0.33783783783783783,-0.06038395974257498,-0.030574052313182776,0.014166340253296772,Rudy Gobert | Joel Embiid | Malcolm Brogdon | Nikola Mirotic | Aaron Wiggins
xRAPM historical mature,positive,2,creation_handle + size_frame,180,0.026016204226232256,0.07084656084656114,0.34444444444444444,0.4888888888888889,0.5111111111111111,0.3333333333333333,-0.061491574991444045,0.003059581320450866,0.009661835748792258,Stephen Curry | Mitchell Robinson | Joel Embiid | Malcolm Brogdon | Jayson Tatum
xRAPM historical mature,positive,3,creation_handle + athleticism_tools + size_frame,180,0.026016204226232256,0.07084656084656114,0.34444444444444444,0.4888888888888889,0.5111111111111111,0.3333333333333333,-0.061491574991444045,0.003059581320450866,0.009661835748792258,Stephen Curry | Mitchell Robinson | Joel Embiid | Malcolm Brogdon | Jayson Tatum
xRAPM historical mature,positive,2,feel_iq_passing + finishing_touch,244,0.024161290949058466,-0.0575859788359787,0.3114754098360656,0.5163934426229508,0.48360655737704916,0.319672131147541,-0.06334648826861783,-0.02990945328792799,-0.0039993664370000515,Kawhi Leonard | Franz Wagner | Mitchell Robinson | Desmond Bane | Joel Embiid
xRAPM historical top30,positive,3,defense + production_stats + intel_consensus,19,0.02340817081778426,-0.2539682539682539,0.3157894736842105,0.631578947368421,0.3684210526315789,0.3684210526315789,-0.05702245697770128,-0.005106048703849175,0.03757528148730033,Donovan Mitchell | Kyle Anderson | Donte DiVincenzo | CJ McCollum | Rodney Hood
xRAPM historical top30,positive,3,feel_iq_passing + shooting + finishing_touch,175,0.023101007722139744,0.0001639344262294,0.3142857142857143,0.49714285714285716,0.5028571428571429,0.3314285714285714,-0.0573296200733458,-0.006609808102345405,0.000582800284292806,Kawhi Leonard | Franz Wagner | Desmond Bane | Joel Embiid | Jayson Tatum
xRAPM historical top15,positive,2,shooting + intel_consensus,15,0.021973982859493073,-0.3798360655737707,0.4,0.6666666666666666,0.3333333333333333,0.3333333333333333,-0.09277812494750895,0.10270270270270271,-0.018018018018018056,Donovan Mitchell | Kyle Anderson | CJ McCollum | Rodney Hood | Gary Harris
xRAPM historical top15,positive,3,shooting + athleticism_tools + intel_consensus,15,0.021973982859493073,-0.3798360655737707,0.4,0.6666666666666666,0.3333333333333333,0.3333333333333333,-0.09277812494750895,0.10270270270270271,-0.018018018018018056,Donovan Mitchell | Kyle Anderson | CJ McCollum | Rodney Hood | Gary Harris
xRAPM historical top30,positive,3,shooting + size_frame + risk_uncertainty,14,0.020362220910285184,-0.1019021597710122,0.21428571428571427,0.5714285714285714,0.42857142857142855,0.35714285714285715,-0.06006840688520036,-0.10660980810234541,0.02629708599857855,Klay Thompson | Montrezl Harrell | Ja Morant | Cody Zeller | Otto Porter Jr.
xRAPM historical mature,positive,3,feel_iq_passing + finishing_touch + upside_tools,130,0.020242747074449178,-0.01730670762928805,0.27692307692307694,0.5076923076923077,0.49230769230769234,0.3230769230769231,-0.06726503214322713,-0.06446178620091664,-0.000594574507617962,Joel Embiid | Nikola Mirotic | Dillon Brooks | Chase Budinger | Ivica Zubac
xRAPM historical top15,positive,3,finishing_touch + defense + motor_competitiveness,89,0.019998557806607562,0.1197883597883602,0.2696629213483146,0.449438202247191,0.550561797752809,0.3258426966292135,-0.09475355000039447,-0.027634375948982715,-0.02550865472213787,Kawhi Leonard | Franz Wagner | Joel Embiid | Jayson Tatum | Ricky Rubio
xRAPM historical top30,positive,2,creation_handle + athleticism_tools,193,0.018837690122566364,0.0387962962962962,0.3471502590673575,0.49222797927461137,0.5077720207253886,0.33678756476683935,-0.06159293767291918,0.02625473667929784,0.005941793622560754,Kawhi Leonard | Stephen Curry | Joel Embiid | Jayson Tatum | Ricky Rubio
xRAPM historical mature,positive,3,finishing_touch + defense + motor_competitiveness,222,0.01872840251533037,0.020597840228987647,0.3153153153153153,0.4954954954954955,0.5045045045045045,0.32882882882882886,-0.06877937670234593,-0.02606954780867826,0.005157331244287799,Kawhi Leonard | Franz Wagner | Rudy Gobert | Mitchell Robinson | Joel Embiid
xRAPM historical mature,positive,3,feel_iq_passing + creation_handle + finishing_touch,133,0.017902568430796247,0.0604761904761903,0.3157894736842105,0.48872180451127817,0.5112781954887218,0.3383458646616541,-0.06960521078688006,-0.025595389439783067,0.01467436707711306,Kawhi Leonard | Mitchell Robinson | Joel Embiid | Jayson Tatum | Ricky Rubio
xRAPM historical mature,positive,2,finishing_touch + defense,264,0.017657637529700627,-0.07849867724867704,0.3181818181818182,0.5151515151515151,0.48484848484848486,0.32575757575757575,-0.06985014168797568,-0.0232030449421754,0.002086078173034689,Kawhi Leonard | Franz Wagner | Rudy Gobert | Mitchell Robinson | Desmond Bane
xRAPM historical mature,positive,3,finishing_touch + athleticism_tools + defense,264,0.017657637529700627,-0.07849867724867704,0.3181818181818182,0.5151515151515151,0.48484848484848486,0.32575757575757575,-0.06985014168797568,-0.0232030449421754,0.002086078173034689,Kawhi Leonard | Franz Wagner | Rudy Gobert | Mitchell Robinson | Desmond Bane
xRAPM historical mature,positive,3,defense + motor_competitiveness + size_frame,257,0.01545081095734656,-0.0012037037037035,0.3229571984435798,0.5019455252918288,0.4980544747081712,0.31906614785992216,-0.07205696826032974,-0.01842766468041379,-0.004605349724618901,Stephen Curry | Franz Wagner | Rudy Gobert | Mitchell Robinson | Joel Embiid
xRAPM historical top30,positive,3,shooting + creation_handle + athleticism_tools,187,0.015348487374233097,0.0387962962962962,0.35294117647058826,0.4919786096256685,0.5080213903743316,0.33689839572192515,-0.06508214042125245,0.032045654082528574,0.006052624577646548,Kawhi Leonard | Stephen Curry | Joel Embiid | Jayson Tatum | Ricky Rubio
xRAPM historical mature,positive,3,shooting + athleticism_tools + size_frame,378,0.014073394953256647,-0.1558245614035089,0.3386243386243386,0.5317460317460317,0.46825396825396826,0.30423280423280424,-0.07343438426441966,-0.0027605244996549705,-0.019438693351736813,Stephen Curry | Franz Wagner | Rudy Gobert | Paul George | Mitchell Robinson
xRAPM historical mature,positive,2,shooting + size_frame,379,0.013250429035620905,-0.1558245614035089,0.33773087071240104,0.5329815303430079,0.46701846965699206,0.3034300791556728,-0.0742573501820554,-0.0036539924115925326,-0.02024141842886823,Stephen Curry | Franz Wagner | Rudy Gobert | Paul George | Mitchell Robinson
xRAPM historical top30,positive,3,feel_iq_passing + finishing_touch + upside_tools,107,0.013177050304181058,0.0001639344262294,0.27102803738317754,0.4953271028037383,0.5046728971962616,0.32710280373831774,-0.06725357749130448,-0.04986748500488214,-0.003742967405960862,Joel Embiid | Nikola Mirotic | Chase Budinger | Ivica Zubac | Montrezl Harrell
xRAPM historical top15,positive,3,feel_iq_passing + shooting + finishing_touch,91,0.01244810363470739,0.1197883597883602,0.2967032967032967,0.46153846153846156,0.5384615384615384,0.32967032967032966,-0.10230400417229464,-0.0005940005940006099,-0.021681021681021706,Kawhi Leonard | Franz Wagner | Joel Embiid | Jayson Tatum | Ricky Rubio
xRAPM historical top15,positive,2,creation_handle + production_stats,96,0.012137877253305895,0.20882936507936506,0.375,0.4479166666666667,0.5520833333333334,0.375,-0.10261423055369613,0.07770270270270269,0.02364864864864863,Stephen Curry | Joel Embiid | Jayson Tatum | Ricky Rubio | Tyrese Haliburton
xRAPM historical top15,positive,3,creation_handle + athleticism_tools + production_stats,96,0.012137877253305895,0.20882936507936506,0.375,0.4479166666666667,0.5520833333333334,0.375,-0.10261423055369613,0.07770270270270269,0.02364864864864863,Stephen Curry | Joel Embiid | Jayson Tatum | Ricky Rubio | Tyrese Haliburton
PIE available minutes weighted,positive,3,finishing_touch + upside_tools + size_frame,130,0.01154632712991473,0.0108366866932141,0.0,0.35384615384615387,0.6461538461538462,0.0,0.0068269204509746285,0.0,0.0,Charles Bassey | Joel Embiid | Rudy Gobert | Bam Adebayo | Montrezl Harrell
xRAPM historical mature,positive,2,athleticism_tools + size_frame,409,0.011387214282336895,-0.1558245614035089,0.3374083129584352,0.5281173594132029,0.4718826405867971,0.3056234718826406,-0.0761205649353394,-0.003976550165558368,-0.01804802570190045,Stephen Curry | Franz Wagner | Rudy Gobert | Paul George | Mitchell Robinson
xRAPM historical top30,positive,2,motor_competitiveness + size_frame,227,0.010788690825582634,0.0001639344262294,0.32599118942731276,0.4977973568281938,0.5022026431718062,0.31277533039647576,-0.06964193696990291,0.005095667039253071,-0.01807044074780284,Stephen Curry | Franz Wagner | Rudy Gobert | Joel Embiid | Jayson Tatum
PIE available minutes weighted,positive,3,finishing_touch + upside_tools + production_stats,137,0.010739981651919377,0.0103067085821028,0.0,0.34306569343065696,0.656934306569343,0.0,0.006020574972979275,0.0,0.0,Charles Bassey | Joel Bolomboy | Joel Embiid | Bam Adebayo | Montrezl Harrell
PIE available minutes weighted,positive,3,feel_iq_passing + finishing_touch + upside_tools,133,0.01066513155151161,0.0107293748381704,0.0,0.3458646616541353,0.6541353383458647,0.0,0.005945724872571508,0.0,0.0,Charles Bassey | Joel Embiid | Montrezl Harrell | Isaiah Hartenstein | Bol Bol
PIE available minutes weighted,positive,3,finishing_touch + upside_tools + defense,142,0.010598079352333976,0.010507481214233349,0.0,0.3732394366197183,0.6267605633802817,0.0,0.005878672673393874,0.0,0.0,Charles Bassey | Joel Embiid | Rudy Gobert | Bam Adebayo | Montrezl Harrell
xRAPM historical top30,positive,3,shooting + motor_competitiveness + size_frame,214,0.010353057981880352,-0.015085978835978649,0.32710280373831774,0.5046728971962616,0.4953271028037383,0.3130841121495327,-0.07007756981360519,0.006207281350258054,-0.01776165899474591,Stephen Curry | Franz Wagner | Rudy Gobert | Joel Embiid | Jayson Tatum
PIE available minutes weighted,positive,3,finishing_touch + upside_tools + motor_competitiveness,135,0.01032841304346517,0.0096382978383082,0.0,0.37037037037037035,0.6296296296296297,0.0,0.005609006364525069,0.0,0.0,Charles Bassey | Joel Bolomboy | Joel Embiid | Rudy Gobert | Bam Adebayo
PIE top30,positive,3,finishing_touch + upside_tools + production_stats,112,0.010250309384798392,0.00996194271430225,0.0,0.35714285714285715,0.6428571428571429,0.0,0.007202303741500302,0.0,0.0,Joel Embiid | Bam Adebayo | Montrezl Harrell | Isaiah Hartenstein | Bol Bol
PIE top30,positive,3,finishing_touch + upside_tools + size_frame,112,0.010247712193550557,0.00852765008607615,0.0,0.375,0.625,0.0,0.007199706550252467,0.0,0.0,Joel Embiid | Rudy Gobert | Bam Adebayo | Montrezl Harrell | Isaiah Hartenstein
PIE top30,positive,3,finishing_touch + upside_tools + motor_competitiveness,109,0.010088852841045584,0.0074170023338441,0.0,0.3761467889908257,0.6238532110091743,0.0,0.007040847197747495,0.0,0.0,Joel Embiid | Rudy Gobert | Bam Adebayo | Montrezl Harrell | Isaiah Hartenstein
PIE top30,positive,3,finishing_touch + upside_tools + defense,116,0.00981466487866832,0.0072345738633254,0.0,0.3879310344827586,0.6120689655172413,0.0,0.00676665923537023,0.0,0.0,Joel Embiid | Rudy Gobert | Bam Adebayo | Montrezl Harrell | Isaiah Hartenstein
PIE available minutes weighted,positive,3,finishing_touch + defense + production_stats,224,0.009717614106784704,0.010444438100629401,0.0,0.375,0.625,0.0,0.004998207427844602,0.0,0.0,Charles Bassey | Joel Embiid | Paul Reed | Mark Williams | Bam Adebayo
xRAPM historical top30,positive,3,athleticism_tools + motor_competitiveness + size_frame,225,0.009706518577071629,0.0001639344262294,0.3288888888888889,0.49777777777777776,0.5022222222222222,0.31555555555555553,-0.07072410921841392,0.007993366500829213,-0.015290215588723066,Stephen Curry | Franz Wagner | Rudy Gobert | Joel Embiid | Jayson Tatum
PIE available minutes weighted,positive,2,finishing_touch + upside_tools,162,0.00954187218162712,0.00852765008607615,0.0,0.3888888888888889,0.6111111111111112,0.0,0.004822465502687018,0.0,0.0,Charles Bassey | Joel Bolomboy | Joel Embiid | Rudy Gobert | Bam Adebayo
PIE available minutes weighted,positive,3,finishing_touch + athleticism_tools + upside_tools,162,0.00954187218162712,0.00852765008607615,0.0,0.3888888888888889,0.6111111111111112,0.0,0.004822465502687018,0.0,0.0,Charles Bassey | Joel Bolomboy | Joel Embiid | Rudy Gobert | Bam Adebayo
PIE top30,positive,3,feel_iq_passing + finishing_touch + upside_tools,110,0.009401547667766104,0.00852765008607615,0.0,0.38181818181818183,0.6181818181818182,0.0,0.006353542024468015,0.0,0.0,Joel Embiid | Montrezl Harrell | Isaiah Hartenstein | Bol Bol | Robert Williams III
PIE available minutes weighted,positive,3,feel_iq_passing + finishing_touch + production_stats,209,0.009292068523323425,0.0103067085821028,0.0,0.3492822966507177,0.6507177033492823,0.0,0.004572661844383323,0.0,0.0,Charles Bassey | Joel Embiid | Mark Williams | Montrezl Harrell | Isaiah Hartenstein
PIE top30,positive,3,feel_iq_passing + finishing_touch + production_stats,163,0.00927195323788465,0.0096382978383082,0.0,0.3496932515337423,0.6503067484662577,0.0,0.006223947594586561,0.0,0.0,Joel Embiid | Mark Williams | Montrezl Harrell | Isaiah Hartenstein | Bol Bol
PIE top30,positive,3,finishing_touch + defense + production_stats,175,0.009078295430358967,0.008916600249783,0.0,0.37714285714285717,0.6228571428571429,0.0,0.006030289787060878,0.0,0.0,Joel Embiid | Mark Williams | Bam Adebayo | Montrezl Harrell | Isaiah Hartenstein
PIE top30,positive,2,finishing_touch + upside_tools,131,0.008993068458158678,0.0067931295950872,0.0,0.40458015267175573,0.5954198473282443,0.0,0.005945062814860588,0.0,0.0,Joel Embiid | Rudy Gobert | Bam Adebayo | Montrezl Harrell | Isaiah Hartenstein
PIE top30,positive,3,finishing_touch + athleticism_tools + upside_tools,131,0.008993068458158678,0.0067931295950872,0.0,0.40458015267175573,0.5954198473282443,0.0,0.005945062814860588,0.0,0.0,Joel Embiid | Rudy Gobert | Bam Adebayo | Montrezl Harrell | Isaiah Hartenstein
PIE available minutes weighted,positive,3,finishing_touch + size_frame + production_stats,208,0.008767369688272124,0.00918327214979695,0.0,0.3701923076923077,0.6298076923076923,0.0,0.004047963009332022,0.0,0.0,Charles Bassey | Joel Embiid | Mark Williams | Bam Adebayo | Montrezl Harrell
PIE available minutes weighted,positive,3,feel_iq_passing + creation_handle + finishing_touch,139,0.008687624343631883,0.0068593903759126,0.0,0.38848920863309355,0.6115107913669064,0.0,0.003968217664691781,0.0,0.0,Charles Bassey | Joel Embiid | Montrezl Harrell | Isaiah Hartenstein | Bol Bol
PIE available minutes weighted,positive,3,shooting + finishing_touch + upside_tools,152,0.008682945951237364,0.00600828475743345,0.0,0.40789473684210525,0.5921052631578947,0.0,0.003963539272297262,0.0,0.0,Charles Bassey | Joel Bolomboy | Joel Embiid | Rudy Gobert | Bam Adebayo
PIE available minutes weighted,positive,2,finishing_touch + production_stats,253,0.008562251356863318,0.0094499440498109,0.0,0.3794466403162055,0.6205533596837944,0.0,0.0038428446779232165,0.0,0.0,Charles Bassey | Joel Bolomboy | Joel Embiid | Paul Reed | Mark Williams
PIE available minutes weighted,positive,3,finishing_touch + athleticism_tools + production_stats,253,0.008562251356863318,0.0094499440498109,0.0,0.3794466403162055,0.6205533596837944,0.0,0.0038428446779232165,0.0,0.0,Charles Bassey | Joel Bolomboy | Joel Embiid | Paul Reed | Mark Williams
PIE available minutes weighted,positive,3,finishing_touch + motor_competitiveness + production_stats,216,0.008470907697633659,0.009054449399886949,0.0,0.37962962962962965,0.6203703703703703,0.0,0.003751501018693557,0.0,0.0,Charles Bassey | Joel Bolomboy | Joel Embiid | Paul Reed | Mark Williams
PIE available minutes weighted,positive,2,finishing_touch + risk_uncertainty,12,0.008367389927284708,0.0061358907952377,0.0,0.5,0.5,0.0,0.0036479832483446066,0.0,0.0,Montrezl Harrell | Cory Jefferson | Ja Morant | Solomon Alabi | Ante Zizic
PIE available minutes weighted,positive,3,finishing_touch + athleticism_tools + risk_uncertainty,12,0.008367389927284708,0.0061358907952377,0.0,0.5,0.5,0.0,0.0036479832483446066,0.0,0.0,Montrezl Harrell | Cory Jefferson | Ja Morant | Solomon Alabi | Ante Zizic
PIE available minutes weighted,positive,3,finishing_touch + defense + risk_uncertainty,12,0.008367389927284708,0.0061358907952377,0.0,0.5,0.5,0.0,0.0036479832483446066,0.0,0.0,Montrezl Harrell | Cory Jefferson | Ja Morant | Solomon Alabi | Ante Zizic
PIE available minutes weighted,positive,3,finishing_touch + motor_competitiveness + risk_uncertainty,12,0.008367389927284708,0.0061358907952377,0.0,0.5,0.5,0.0,0.0036479832483446066,0.0,0.0,Montrezl Harrell | Cory Jefferson | Ja Morant | Solomon Alabi | Ante Zizic
PIE available minutes weighted,positive,3,finishing_touch + size_frame + risk_uncertainty,12,0.008367389927284708,0.0061358907952377,0.0,0.5,0.5,0.0,0.0036479832483446066,0.0,0.0,Montrezl Harrell | Cory Jefferson | Ja Morant | Solomon Alabi | Ante Zizic
PIE available minutes weighted,positive,3,finishing_touch + production_stats + risk_uncertainty,12,0.008367389927284708,0.0061358907952377,0.0,0.5,0.5,0.0,0.0036479832483446066,0.0,0.0,Montrezl Harrell | Cory Jefferson | Ja Morant | Solomon Alabi | Ante Zizic
PIE top30,positive,3,finishing_touch + size_frame + production_stats,168,0.008355219504158724,0.0084904310465948,0.0,0.3630952380952381,0.6369047619047619,0.0,0.005307213860860634,0.0,0.0,Joel Embiid | Mark Williams | Bam Adebayo | Montrezl Harrell | Isaiah Hartenstein
PIE available minutes weighted,positive,3,feel_iq_passing + upside_tools + defense,189,0.008298010827454735,0.0073609583646531,0.0,0.37566137566137564,0.6243386243386243,0.0,0.003578604148514633,0.0,0.0,Charles Bassey | Joel Embiid | Montrezl Harrell | Dwight Powell | Isaiah Hartenstein
PIE available minutes weighted,positive,3,creation_handle + finishing_touch + defense,138,0.0082919269671015,0.006344240987485501,0.0,0.4057971014492754,0.5942028985507246,0.0,0.0035725202881613976,0.0,0.0,Charles Bassey | Joel Embiid | Montrezl Harrell | Isaiah Hartenstein | Bol Bol
PIE available minutes weighted,positive,3,upside_tools + defense + size_frame,182,0.008284236030732514,0.00626089656946635,0.0,0.3956043956043956,0.6043956043956044,0.0,0.0035648293517924123,0.0,0.0,Hassan Whiteside | Charles Bassey | Joel Embiid | Rudy Gobert | Bam Adebayo
PIE top30,positive,3,finishing_touch + motor_competitiveness + production_stats,168,0.00825550186917057,0.00795510529782535,0.0,0.375,0.625,0.0,0.005207496225872481,0.0,0.0,Joel Embiid | Mark Williams | Bam Adebayo | Montrezl Harrell | Isaiah Hartenstein
PIE available minutes weighted,positive,3,upside_tools + motor_competitiveness + size_frame,157,0.00816312043497578,0.0063337681550362,0.0,0.3821656050955414,0.6178343949044586,0.0,0.0034437137560356787,0.0,0.0,Charles Bassey | Joel Embiid | Rudy Gobert | Bam Adebayo | Montrezl Harrell
PIE available minutes weighted,positive,3,feel_iq_passing + upside_tools + production_stats,183,0.008161393289099251,0.0074170023338441,0.0,0.366120218579235,0.6338797814207651,0.0,0.003441986610159149,0.0,0.0,Charles Bassey | Joel Embiid | Montrezl Harrell | Isaiah Hartenstein | Monte Morris
PIE available minutes weighted,positive,3,feel_iq_passing + creation_handle + defense,191,0.008123944300284836,0.0068593903759126,0.0,0.39267015706806285,0.6073298429319371,0.0,0.0034045376213447344,0.0,0.0,Charles Bassey | Joel Embiid | Luka Dončić | Montrezl Harrell | Dwight Powell
PIE top30,positive,2,finishing_touch + production_stats,197,0.008122688123939887,0.0081903387475339,0.0,0.38071065989847713,0.6192893401015228,0.0,0.005074682480641798,0.0,0.0,Joel Embiid | Mark Williams | Bam Adebayo | Montrezl Harrell | Isaiah Hartenstein
PIE top30,positive,3,finishing_touch + athleticism_tools + production_stats,197,0.008122688123939887,0.0081903387475339,0.0,0.38071065989847713,0.6192893401015228,0.0,0.005074682480641798,0.0,0.0,Joel Embiid | Mark Williams | Bam Adebayo | Montrezl Harrell | Isaiah Hartenstein
PIE available minutes weighted,positive,3,feel_iq_passing + upside_tools + size_frame,166,0.008102260759303842,0.0087676868723201,0.0,0.3674698795180723,0.6325301204819277,0.0,0.00338285408036374,0.0,0.0,Charles Bassey | Joel Embiid | Montrezl Harrell | Dwight Powell | Isaiah Hartenstein
PIE available minutes weighted,positive,3,shooting + finishing_touch + production_stats,233,0.007998258341648806,0.0087905233456557,0.0,0.38626609442060084,0.6137339055793991,0.0,0.003278851662708704,0.0,0.0,Charles Bassey | Joel Bolomboy | Joel Embiid | Paul Reed | Bam Adebayo
PIE available minutes weighted,positive,3,feel_iq_passing + upside_tools + motor_competitiveness,164,0.00796453606998783,0.0072345738633254,0.0,0.3597560975609756,0.6402439024390244,0.0,0.0032451293910477274,0.0,0.0,Charles Bassey | Joel Embiid | Montrezl Harrell | Isaiah Hartenstein | Bol Bol
PIE top30,positive,3,shooting + finishing_touch + upside_tools,126,0.007932468624043025,0.00572191163732535,0.0,0.42063492063492064,0.5793650793650794,0.0,0.004884462980744936,0.0,0.0,Joel Embiid | Rudy Gobert | Bam Adebayo | Montrezl Harrell | Isaiah Hartenstein
PIE available minutes weighted,positive,3,upside_tools + defense + production_stats,198,0.007890217251346653,0.00572191163732535,0.0,0.398989898989899,0.601010101010101,0.0,0.0031708105724065514,0.0,0.0,Charles Bassey | Joel Embiid | Bam Adebayo | Montrezl Harrell | Isaiah Hartenstein
PIE available minutes weighted,positive,3,upside_tools + size_frame + production_stats,176,0.007811414812028321,0.0061491737577509,0.0,0.39204545454545453,0.6079545454545454,0.0,0.0030920081330882195,0.0,0.0,Charles Bassey | Joel Embiid | Bam Adebayo | Montrezl Harrell | Isaiah Hartenstein
PIE available minutes weighted,positive,3,feel_iq_passing + finishing_touch + athleticism_tools,248,0.0076832633963476735,0.010296148086199549,0.0,0.3629032258064516,0.6370967741935484,0.0,0.0029638567174075717,0.0,0.0,Charles Bassey | Joel Embiid | Mark Williams | Montrezl Harrell | Isaiah Hartenstein
PIE available minutes weighted,positive,3,feel_iq_passing + finishing_touch + defense,220,0.00767559680788544,0.010444438100629401,0.0,0.36818181818181817,0.6318181818181818,0.0,0.002956190128945338,0.0,0.0,Charles Bassey | Joel Embiid | Mark Williams | Montrezl Harrell | Isaiah Hartenstein
PIE available minutes weighted,positive,3,upside_tools + motor_competitiveness + other,10,0.00762642412094883,0.00695007874833885,0.0,0.3,0.7,0.0,0.002907017442008728,0.0,0.0,Mike Scott | Will Barton | Skal Labissiere | Shabazz Muhammad | Zach LaVine
PIE available minutes weighted,positive,3,feel_iq_passing + defense + production_stats,320,0.007602542777875193,0.00756843709098045,0.0,0.36875,0.63125,0.0,0.0028831360989350916,0.0,0.0,Charles Bassey | Joel Embiid | Luka Dončić | Mark Williams | Montrezl Harrell
PIE available minutes weighted,positive,2,feel_iq_passing + finishing_touch,249,0.007581489042855893,0.0102855875902963,0.0,0.3654618473895582,0.6345381526104418,0.0,0.002862082363915791,0.0,0.0,Charles Bassey | Joel Embiid | Mark Williams | Montrezl Harrell | Isaiah Hartenstein
PIE available minutes weighted,positive,3,upside_tools + motor_competitiveness + production_stats,175,0.007574238460451285,0.0058285445309704,0.0,0.38857142857142857,0.6114285714285714,0.0,0.0028548317815111834,0.0,0.0,Charles Bassey | Joel Bolomboy | Joel Embiid | Bam Adebayo | Montrezl Harrell
PIE available minutes weighted,positive,2,upside_tools + production_stats,228,0.00756511598564764,0.0061491737577509,0.0,0.3991228070175439,0.6008771929824561,0.0,0.002845709306707538,0.0,0.0,Charles Bassey | Joel Bolomboy | Joel Embiid | Bam Adebayo | Montrezl Harrell
PIE available minutes weighted,positive,3,athleticism_tools + upside_tools + production_stats,226,0.007559032298549863,0.0061491737577509,0.0,0.4026548672566372,0.5973451327433629,0.0,0.002839625619609761,0.0,0.0,Charles Bassey | Joel Bolomboy | Joel Embiid | Bam Adebayo | Montrezl Harrell
PIE available minutes weighted,positive,3,feel_iq_passing + creation_handle + motor_competitiveness,171,0.007549180880828552,0.0063337681550362,0.0,0.391812865497076,0.6081871345029239,0.0,0.0028297742018884506,0.0,0.0,Charles Bassey | Joel Embiid | Luka Dončić | Montrezl Harrell | Isaiah Hartenstein
PIE available minutes weighted,positive,3,feel_iq_passing + finishing_touch + motor_competitiveness,203,0.007514145057304851,0.0103067085821028,0.0,0.35960591133004927,0.6403940886699507,0.0,0.002794738378364749,0.0,0.0,Charles Bassey | Joel Embiid | Mark Williams | Montrezl Harrell | Isaiah Hartenstein
PIE top30,positive,3,feel_iq_passing + creation_handle + finishing_touch,113,0.007456021746290215,0.0058285445309704,0.0,0.39823008849557523,0.6017699115044248,0.0,0.004408016102992125,0.0,0.0,Joel Embiid | Montrezl Harrell | Isaiah Hartenstein | Bol Bol | Kawhi Leonard
PIE available minutes weighted,positive,3,athleticism_tools + defense + production_stats,387,0.007444103680029048,0.0070521453928067,0.0,0.39276485788113696,0.6072351421188631,0.0,0.0027246970010889465,0.0,0.0,Charles Bassey | Joel Embiid | Luka Dončić | Paul Reed | Mark Williams
PIE available minutes weighted,positive,3,creation_handle + finishing_touch + upside_tools,87,0.007422507299784886,0.0050860249415261,0.0,0.42528735632183906,0.5747126436781609,0.0,0.0027031006208447844,0.0,0.0,Charles Bassey | Joel Embiid | Montrezl Harrell | Isaiah Hartenstein | Bol Bol
PIE available minutes weighted,positive,2,defense + production_stats,390,0.007419299929057739,0.00695576788435965,0.0,0.3923076923076923,0.6076923076923076,0.0,0.0026998932501176368,0.0,0.0,Charles Bassey | Joel Embiid | Luka Dončić | Paul Reed | Mark Williams
PIE top30,positive,3,shooting + finishing_touch + production_stats,187,0.00740335633673429,0.0070521453928067,0.0,0.39037433155080214,0.6096256684491979,0.0,0.0043553506934362,0.0,0.0,Joel Embiid | Bam Adebayo | Montrezl Harrell | Isaiah Hartenstein | Jalen Duren
PIE available minutes weighted,positive,2,finishing_touch + defense,270,0.007393053138437375,0.00885356179771935,0.0,0.3962962962962963,0.6037037037037037,0.0,0.0026736464594972736,0.0,0.0,Charles Bassey | Joel Embiid | Paul Reed | Rudy Gobert | Mark Williams
PIE available minutes weighted,positive,3,finishing_touch + athleticism_tools + defense,270,0.007393053138437375,0.00885356179771935,0.0,0.3962962962962963,0.6037037037037037,0.0,0.0026736464594972736,0.0,0.0,Charles Bassey | Joel Embiid | Paul Reed | Rudy Gobert | Mark Williams
PIE available minutes weighted,positive,3,feel_iq_passing + creation_handle + production_stats,186,0.00739216415603452,0.008255197596886251,0.0,0.3602150537634409,0.6397849462365591,0.0,0.0026727574770944182,0.0,0.0,Charles Bassey | Joel Embiid | Luka Dončić | Montrezl Harrell | Isaiah Hartenstein
PIE top15,positive,3,feel_iq_passing + finishing_touch + upside_tools,58,0.0073746567453387875,0.0054405812156087,0.0,0.39655172413793105,0.603448275862069,0.0,0.004067415504261223,0.0,0.0,Joel Embiid | DeMarcus Cousins | Anthony Davis | Andre Drummond | Karl-Anthony Towns
PIE available minutes weighted,positive,2,feel_iq_passing + production_stats,379,0.007318845088367752,0.0087905233456557,0.0,0.36147757255936674,0.6385224274406333,0.0,0.0025994384094276506,0.0,0.0,Charles Bassey | Joel Embiid | Luka Dončić | Mark Williams | Montrezl Harrell
PIE available minutes weighted,positive,3,athleticism_tools + upside_tools + defense,236,0.0072619665139072856,0.0053116059906476,0.0,0.423728813559322,0.576271186440678,0.0,0.0025425598349671837,0.0,0.0,Hassan Whiteside | Charles Bassey | Joel Embiid | Rudy Gobert | Bam Adebayo
PIE available minutes weighted,positive,3,feel_iq_passing + athleticism_tools + production_stats,374,0.007259449157005648,0.00881633252022835,0.0,0.36363636363636365,0.6363636363636364,0.0,0.0025400424780655465,0.0,0.0,Charles Bassey | Joel Embiid | Luka Dončić | Mark Williams | Montrezl Harrell
PIE available minutes weighted,positive,3,upside_tools + defense + motor_competitiveness,177,0.007241768152657054,0.0050860249415261,0.0,0.4124293785310734,0.5875706214689266,0.0,0.002522361473716952,0.0,0.0,Charles Bassey | Joel Embiid | Rudy Gobert | Bam Adebayo | Montrezl Harrell
PIE available minutes weighted,positive,2,upside_tools + defense,237,0.007240682730993416,0.0052658836875371,0.0,0.4219409282700422,0.5780590717299579,0.0,0.002521276052053314,0.0,0.0,Hassan Whiteside | Charles Bassey | Joel Embiid | Rudy Gobert | Bam Adebayo
PIE available minutes weighted,positive,3,feel_iq_passing + finishing_touch + size_frame,196,0.007224043616027498,0.0099725032102055,0.0,0.35714285714285715,0.6428571428571429,0.0,0.0025046369370873966,0.0,0.0,Charles Bassey | Joel Embiid | Mark Williams | Montrezl Harrell | Isaiah Hartenstein
PIE available minutes weighted,positive,3,feel_iq_passing + creation_handle + upside_tools,114,0.007214963351096735,0.00554721410925375,0.0,0.4298245614035088,0.5701754385964912,0.0,0.0024955566721566328,0.0,0.0,Charles Bassey | Joel Embiid | Montrezl Harrell | Dwight Powell | Isaiah Hartenstein
PIE available minutes weighted,positive,3,feel_iq_passing + athleticism_tools + upside_tools,215,0.00720473415672996,0.0073609583646531,0.0,0.386046511627907,0.6139534883720931,0.0,0.002485327477789858,0.0,0.0,Charles Bassey | Joel Embiid | Montrezl Harrell | Dwight Powell | Isaiah Hartenstein
PIE available minutes weighted,positive,2,feel_iq_passing + upside_tools,216,0.0071816460817604715,0.0072065518787299,0.0,0.38425925925925924,0.6157407407407407,0.0,0.0024622394028203697,0.0,0.0,Charles Bassey | Joel Embiid | Montrezl Harrell | Dwight Powell | Isaiah Hartenstein
PIE available minutes weighted,positive,3,defense + size_frame + production_stats,292,0.007159340383299626,0.0068262599854999,0.0,0.3938356164383562,0.6061643835616438,0.0,0.002439933704359524,0.0,0.0,Charles Bassey | Joel Embiid | Luka Dončić | Mark Williams | Bam Adebayo
PIE available minutes weighted,positive,3,feel_iq_passing + motor_competitiveness + production_stats,288,0.007134362003908055,0.00695576788435965,0.0,0.3680555555555556,0.6319444444444444,0.0,0.0024149553249679535,0.0,0.0,Charles Bassey | Joel Embiid | Luka Dončić | Mark Williams | Montrezl Harrell
PIE available minutes weighted,positive,3,feel_iq_passing + creation_handle + athleticism_tools,222,0.007103007069930636,0.0065634488750617,0.0,0.3918918918918919,0.6081081081081081,0.0,0.002383600390990534,0.0,0.0,Charles Bassey | Joel Embiid | Luka Dončić | Montrezl Harrell | Dwight Powell
PIE available minutes weighted,positive,3,athleticism_tools + upside_tools + size_frame,207,0.007094855743752866,0.0058285445309704,0.0,0.41545893719806765,0.5845410628019324,0.0,0.0023754490648127645,0.0,0.0,Hassan Whiteside | Charles Bassey | Joel Embiid | Rudy Gobert | Bam Adebayo
PIE available minutes weighted,positive,2,finishing_touch + athleticism_tools,311,0.007085602148416086,0.0085837123568773,0.0,0.3987138263665595,0.6012861736334405,0.0,0.002366195469475984,0.0,0.0,Charles Bassey | Joel Bolomboy | Joel Embiid | Paul Reed | Rudy Gobert
PIE available minutes weighted,positive,2,upside_tools + size_frame,208,0.007071407927500786,0.00572191163732535,0.0,0.41346153846153844,0.5865384615384616,0.0,0.0023520012485606845,0.0,0.0,Hassan Whiteside | Charles Bassey | Joel Embiid | Rudy Gobert | Bam Adebayo
PIE available minutes weighted,positive,3,finishing_touch + defense + motor_competitiveness,223,0.0070433968984771975,0.0077198718481168,0.0,0.3991031390134529,0.600896860986547,0.0,0.0023239902195370957,0.0,0.0,Charles Bassey | Joel Embiid | Paul Reed | Rudy Gobert | Mark Williams
PIE available minutes weighted,positive,2,feel_iq_passing + creation_handle,224,0.007041156341064318,0.0065634488750617,0.0,0.39285714285714285,0.6071428571428571,0.0,0.0023217496621242163,0.0,0.0,Charles Bassey | Joel Embiid | Luka Dončić | Montrezl Harrell | Dwight Powell
xRAPM historical mature,positive,3,feel_iq_passing + finishing_touch + motor_competitiveness,200,0.0069902294966138,0.020597840228987647,0.295,0.495,0.505,0.315,-0.0805175497210625,-0.04638486312399359,-0.008671497584541055,Kawhi Leonard | Franz Wagner | Mitchell Robinson | Joel Embiid | Jimmy Butler III
PIE top30,positive,3,creation_handle + finishing_touch + upside_tools,74,0.0068868809860384095,0.00431584430944555,0.0,0.44594594594594594,0.5540540540540541,0.0,0.00383887534274032,0.0,0.0,Joel Embiid | Montrezl Harrell | Isaiah Hartenstein | Bol Bol | Jordan Clarkson
PIE available minutes weighted,positive,3,feel_iq_passing + creation_handle + size_frame,170,0.0068722344287285965,0.0065634488750617,0.0,0.3941176470588235,0.6058823529411764,0.0,0.0021528277497884947,0.0,0.0,Charles Bassey | Joel Embiid | Luka Dončić | Montrezl Harrell | Dwight Powell
PIE available minutes weighted,positive,3,defense + motor_competitiveness + production_stats,296,0.006832652031954816,0.0055459851979342,0.0,0.40202702702702703,0.597972972972973,0.0,0.0021132453530147144,0.0,0.0,Charles Bassey | Joel Embiid | Luka Dončić | Paul Reed | Mark Williams
PIE available minutes weighted,positive,3,shooting + upside_tools + production_stats,214,0.006828570577324259,0.0053116059906476,0.0,0.411214953271028,0.5887850467289719,0.0,0.002109163898384157,0.0,0.0,Charles Bassey | Joel Bolomboy | Joel Embiid | Bam Adebayo | Montrezl Harrell
PIE top30,positive,3,upside_tools + motor_competitiveness + size_frame,127,0.00680990055328209,0.0052658836875371,0.0,0.41732283464566927,0.5826771653543307,0.0,0.0037618949099840005,0.0,0.0,Joel Embiid | Rudy Gobert | Bam Adebayo | Montrezl Harrell | Isaiah Hartenstein
PIE available minutes weighted,positive,3,finishing_touch + defense + size_frame,213,0.006799692182757135,0.0085837123568773,0.0,0.38967136150234744,0.6103286384976526,0.0,0.0020802855038170335,0.0,0.0,Charles Bassey | Joel Embiid | Rudy Gobert | Mark Williams | Bam Adebayo
PIE available minutes weighted,positive,3,feel_iq_passing + shooting + production_stats,355,0.006798999623353718,0.0073609583646531,0.0,0.37183098591549296,0.6281690140845071,0.0,0.002079592944413616,0.0,0.0,Charles Bassey | Joel Embiid | Luka Dončić | Montrezl Harrell | Isaiah Hartenstein
PIE available minutes weighted,positive,2,finishing_touch + motor_competitiveness,251,0.006787592926039775,0.0081903387475339,0.0,0.398406374501992,0.601593625498008,0.0,0.002068186247099673,0.0,0.0,Charles Bassey | Joel Bolomboy | Joel Embiid | Paul Reed | Rudy Gobert
PIE available minutes weighted,positive,3,finishing_touch + athleticism_tools + motor_competitiveness,251,0.006787592926039775,0.0081903387475339,0.0,0.398406374501992,0.601593625498008,0.0,0.002068186247099673,0.0,0.0,Charles Bassey | Joel Bolomboy | Joel Embiid | Paul Reed | Rudy Gobert
PIE available minutes weighted,positive,2,athleticism_tools + production_stats,465,0.006786356763267863,0.0068593903759126,0.0,0.3935483870967742,0.6064516129032258,0.0,0.0020669500843277615,0.0,0.0,Charles Bassey | Joel Bolomboy | Joel Embiid | Luka Dončić | Paul Reed
PIE top30,positive,3,feel_iq_passing + upside_tools + production_stats,141,0.0067621266631712204,0.0061880249838965,0.0,0.3900709219858156,0.6099290780141844,0.0,0.003714121019873131,0.0,0.0,Joel Embiid | Montrezl Harrell | Isaiah Hartenstein | Bol Bol | Robert Williams III
PIE available minutes weighted,positive,3,feel_iq_passing + shooting + creation_handle,215,0.006755293471282168,0.0058285445309704,0.0,0.4,0.6,0.0,0.002035886792342066,0.0,0.0,Charles Bassey | Joel Embiid | Luka Dončić | Montrezl Harrell | Dwight Powell
PIE available minutes weighted,positive,3,creation_handle + upside_tools + defense,110,0.006746871974700648,0.0022714994675506,0.0,0.44545454545454544,0.5545454545454546,0.0,0.0020274652957605463,0.0,0.0,Charles Bassey | Joel Embiid | Montrezl Harrell | Dwight Powell | Isaiah Hartenstein
PIE available minutes weighted,positive,3,creation_handle + defense + production_stats,176,0.006736252479829035,0.0060811563430033,0.0,0.39204545454545453,0.6079545454545454,0.0,0.002016845800888933,0.0,0.0,Charles Bassey | Joel Embiid | Luka Dončić | Montrezl Harrell | Isaiah Hartenstein
PIE available minutes weighted,positive,3,creation_handle + finishing_touch + size_frame,125,0.006730413610615624,0.0050860249415261,0.0,0.424,0.576,0.0,0.0020110069316755224,0.0,0.0,Charles Bassey | Joel Embiid | Montrezl Harrell | Isaiah Hartenstein | Bol Bol
PIE available minutes weighted,positive,3,creation_handle + defense + motor_competitiveness,168,0.006693870661618162,0.0051234849602429,0.0,0.4166666666666667,0.5833333333333334,0.0,0.0019744639826780605,0.0,0.0,Charles Bassey | Joel Embiid | Luka Dončić | Montrezl Harrell | Isaiah Hartenstein
PIE available minutes weighted,positive,2,finishing_touch + size_frame,240,0.006690588903221536,0.00795510529782535,0.0,0.3875,0.6125,0.0,0.001971182224281434,0.0,0.0,Charles Bassey | Joel Embiid | Rudy Gobert | Mark Williams | Bam Adebayo
PIE available minutes weighted,positive,3,finishing_touch + athleticism_tools + size_frame,240,0.006690588903221536,0.00795510529782535,0.0,0.3875,0.6125,0.0,0.001971182224281434,0.0,0.0,Charles Bassey | Joel Embiid | Rudy Gobert | Mark Williams | Bam Adebayo
PIE top30,positive,3,creation_handle + finishing_touch + defense,114,0.006673042154207429,0.005213414333248401,0.0,0.42105263157894735,0.5789473684210527,0.0,0.003625036510909339,0.0,0.0,Joel Embiid | Montrezl Harrell | Isaiah Hartenstein | Bol Bol | Kawhi Leonard
PIE available minutes weighted,positive,3,athleticism_tools + upside_tools + motor_competitiveness,201,0.006663223157324389,0.0050860249415261,0.0,0.417910447761194,0.582089552238806,0.0,0.0019438164783842872,0.0,0.0,Charles Bassey | Joel Bolomboy | Joel Embiid | Rudy Gobert | Bam Adebayo
PIE available minutes weighted,positive,2,creation_handle + defense,214,0.00665683983533563,0.00542700245061565,0.0,0.411214953271028,0.5887850467289719,0.0,0.0019374331563955282,0.0,0.0,Charles Bassey | Joel Embiid | Luka Dončić | Montrezl Harrell | Dwight Powell
PIE available minutes weighted,positive,2,upside_tools + motor_competitiveness,202,0.006641215666264963,0.0049028440187447505,0.0,0.4158415841584158,0.5841584158415841,0.0,0.0019218089873248613,0.0,0.0,Charles Bassey | Joel Bolomboy | Joel Embiid | Rudy Gobert | Bam Adebayo
PIE available minutes weighted,positive,3,feel_iq_passing + size_frame + production_stats,278,0.006605345153288236,0.00695576788435965,0.0,0.3776978417266187,0.6223021582733813,0.0,0.0018859384743481339,0.0,0.0,Charles Bassey | Joel Embiid | Luka Dončić | Mark Williams | Montrezl Harrell
PIE available minutes weighted,positive,3,creation_handle + athleticism_tools + defense,213,0.006603538606877524,0.0052658836875371,0.0,0.4131455399061033,0.5868544600938967,0.0,0.001884131927937422,0.0,0.0,Charles Bassey | Joel Embiid | Luka Dončić | Montrezl Harrell | Dwight Powell
PIE available minutes weighted,positive,3,athleticism_tools + motor_competitiveness + production_stats,346,0.00659702885203705,0.0058233681222875,0.0,0.3959537572254335,0.6040462427745664,0.0,0.001877622173096948,0.0,0.0,Charles Bassey | Joel Bolomboy | Joel Embiid | Luka Dončić | Paul Reed
PIE top30,positive,3,upside_tools + motor_competitiveness + production_stats,139,0.006579275964942847,0.0050860249415261,0.0,0.41007194244604317,0.5899280575539568,0.0,0.0035312703216447573,0.0,0.0,Joel Embiid | Bam Adebayo | Montrezl Harrell | Isaiah Hartenstein | Bol Bol
PIE top15,positive,3,feel_iq_passing + finishing_touch + defense,89,0.006569179319254745,0.0068593903759126,0.0,0.4044943820224719,0.5955056179775281,0.0,0.0032619380781771803,0.0,0.0,Joel Embiid | Kawhi Leonard | Alperen Sengun | John Collins | DeMarcus Cousins
PIE top30,positive,3,feel_iq_passing + motor_competitiveness + production_stats,218,0.006553831788528198,0.0058233681222875,0.0,0.3853211009174312,0.6146788990825688,0.0,0.0035058261452301084,0.0,0.0,Joel Embiid | Luka Dončić | Mark Williams | Montrezl Harrell | Isaiah Hartenstein
PIE top30,positive,3,feel_iq_passing + upside_tools + defense,144,0.006553048359677836,0.00572191163732535,0.0,0.4097222222222222,0.5902777777777778,0.0,0.003505042716379746,0.0,0.0,Joel Embiid | Montrezl Harrell | Isaiah Hartenstein | Bol Bol | Robert Williams III
PIE available minutes weighted,positive,3,creation_handle + finishing_touch + athleticism_tools,157,0.006520426672381077,0.0051609449789597,0.0,0.42038216560509556,0.5796178343949044,0.0,0.0018010199934409754,0.0,0.0,Charles Bassey | Joel Embiid | Montrezl Harrell | Isaiah Hartenstein | Bol Bol
PIE top30,positive,3,feel_iq_passing + finishing_touch + motor_competitiveness,157,0.00651639149444697,0.0091922985499909,0.0,0.3630573248407643,0.6369426751592356,0.0,0.0034683858511488806,0.0,0.0,Joel Embiid | Mark Williams | Montrezl Harrell | Isaiah Hartenstein | Bol Bol
PIE available minutes weighted,positive,2,motor_competitiveness + production_stats,351,0.00651308395767081,0.0058181917136046,0.0,0.396011396011396,0.603988603988604,0.0,0.0017936772787307083,0.0,0.0,Charles Bassey | Joel Bolomboy | Joel Embiid | Luka Dončić | Paul Reed
PIE top30,positive,3,upside_tools + defense + size_frame,143,0.006485782954358447,0.0050860249415261,0.0,0.43356643356643354,0.5664335664335665,0.0,0.0034377773110603575,0.0,0.0,Hassan Whiteside | Joel Embiid | Rudy Gobert | Bam Adebayo | Montrezl Harrell
PIE available minutes weighted,positive,3,feel_iq_passing + shooting + finishing_touch,228,0.00648361981788594,0.009054449399886949,0.0,0.37719298245614036,0.6228070175438597,0.0,0.001764213138945838,0.0,0.0,Charles Bassey | Joel Embiid | Montrezl Harrell | Isaiah Hartenstein | Chimezie Metu
PIE available minutes weighted,positive,3,feel_iq_passing + shooting + intel_consensus,23,0.006478258000680427,0.0039936903784493,0.0,0.2608695652173913,0.7391304347826086,0.0,0.001758851321740325,0.0,0.0,Jusuf Nurkić | Isaiah Roby | Dennis Schröder | Alec Peters | Kyle Anderson
PIE top30,positive,3,upside_tools + size_frame + production_stats,141,0.00643029302202464,0.0058285445309704,0.0,0.40425531914893614,0.5957446808510638,0.0,0.0033822873787265504,0.0,0.0,Joel Embiid | Bam Adebayo | Montrezl Harrell | Isaiah Hartenstein | Bol Bol
PIE available minutes weighted,positive,3,finishing_touch + motor_competitiveness + size_frame,202,0.00640465566148563,0.00795510529782535,0.0,0.38613861386138615,0.6138613861386139,0.0,0.0016852489825455279,0.0,0.0,Charles Bassey | Joel Embiid | Rudy Gobert | Mark Williams | Bam Adebayo
PIE top30,positive,3,feel_iq_passing + upside_tools + motor_competitiveness,129,0.0063991232954133314,0.0052658836875371,0.0,0.40310077519379844,0.5968992248062015,0.0,0.003351117652115242,0.0,0.0,Joel Embiid | Montrezl Harrell | Isaiah Hartenstein | Bol Bol | Robert Williams III
PIE top30,positive,3,feel_iq_passing + finishing_touch + athleticism_tools,190,0.006371502633189627,0.00885356179771935,0.0,0.3736842105263158,0.6263157894736842,0.0,0.0033234969898915372,0.0,0.0,Joel Embiid | Mark Williams | Montrezl Harrell | Isaiah Hartenstein | Bol Bol
PIE available minutes weighted,positive,2,creation_handle + finishing_touch,158,0.006367395170510908,0.0051234849602429,0.0,0.4240506329113924,0.5759493670886076,0.0,0.0016479884915708062,0.0,0.0,Charles Bassey | Joel Embiid | Montrezl Harrell | Isaiah Hartenstein | Bol Bol
PIE available minutes weighted,positive,2,size_frame + production_stats,341,0.00631029463314963,0.0063337681550362,0.0,0.39589442815249265,0.6041055718475073,0.0,0.0015908879542095283,0.0,0.0,Charles Bassey | Joel Embiid | Luka Dončić | Mark Williams | Bam Adebayo
PIE available minutes weighted,positive,3,athleticism_tools + size_frame + production_stats,339,0.006309186628734828,0.0063337681550362,0.0,0.39823008849557523,0.6017699115044248,0.0,0.0015897799497947259,0.0,0.0,Charles Bassey | Joel Embiid | Luka Dončić | Mark Williams | Bam Adebayo
PIE available minutes weighted,positive,2,athleticism_tools + upside_tools,276,0.006288719358356151,0.004454495607168,0.0,0.4384057971014493,0.5615942028985508,0.0,0.0015693126794160493,0.0,0.0,Hassan Whiteside | Charles Bassey | Joel Bolomboy | Joel Embiid | Rudy Gobert
PIE top30,positive,2,feel_iq_passing + finishing_touch,191,0.006245690836036247,0.0087905233456557,0.0,0.3769633507853403,0.6230366492146597,0.0,0.0031976851927381575,0.0,0.0,Joel Embiid | Mark Williams | Montrezl Harrell | Isaiah Hartenstein | Bol Bol
PIE available minutes weighted,positive,3,feel_iq_passing + shooting + upside_tools,204,0.0062376963660099845,0.00572191163732535,0.0,0.4019607843137255,0.5980392156862745,0.0,0.0015182896870698827,0.0,0.0,Charles Bassey | Joel Embiid | Montrezl Harrell | Dwight Powell | Isaiah Hartenstein
PIE available minutes weighted,positive,3,shooting + defense + production_stats,360,0.00620286541956499,0.0058233681222875,0.0,0.40555555555555556,0.5944444444444444,0.0,0.0014834587406248878,0.0,0.0,Charles Bassey | Joel Embiid | Luka Dončić | Paul Reed | Bam Adebayo
PIE top30,positive,3,motor_competitiveness + size_frame + production_stats,209,0.0061920425727293935,0.0058181917136046,0.0,0.3923444976076555,0.6076555023923444,0.0,0.003144036929431304,0.0,0.0,Joel Embiid | Luka Dončić | Mark Williams | Bam Adebayo | Montrezl Harrell
PIE available minutes weighted,positive,3,motor_competitiveness + size_frame + production_stats,267,0.006140042697345454,0.0058285445309704,0.0,0.39325842696629215,0.6067415730337079,0.0,0.0014206360184053522,0.0,0.0,Charles Bassey | Joel Embiid | Luka Dončić | Mark Williams | Bam Adebayo
xRAPM historical top30,positive,3,finishing_touch + defense + production_stats,165,0.006117758587886682,0.0410317460317459,0.296969696969697,0.4909090909090909,0.509090909090909,0.32727272727272727,-0.07431286920759886,-0.02392582541836269,-0.003573043871551329,Franz Wagner | Desmond Bane | Joel Embiid | Jayson Tatum | Ricky Rubio
PIE top30,positive,3,defense + motor_competitiveness + production_stats,224,0.006106076519987282,0.00471754549195185,0.0,0.41964285714285715,0.5803571428571429,0.0,0.003058070876689192,0.0,0.0,Joel Embiid | Luka Dončić | Mark Williams | Bam Adebayo | Montrezl Harrell
PIE top30,positive,3,feel_iq_passing + finishing_touch + defense,169,0.006104945548097854,0.0087905233456557,0.0,0.378698224852071,0.621301775147929,0.0,0.0030569399047997645,0.0,0.0,Joel Embiid | Mark Williams | Montrezl Harrell | Isaiah Hartenstein | Bol Bol
PIE top15,positive,3,finishing_touch + upside_tools + defense,61,0.00610329161778005,0.0050860249415261,0.0,0.4262295081967213,0.5737704918032787,0.0,0.002796050376702485,0.0,0.0,Joel Embiid | DeMarcus Cousins | Anthony Davis | Andre Drummond | Karl-Anthony Towns
PIE available minutes weighted,positive,3,creation_handle + upside_tools + size_frame,105,0.006080702518352642,0.0039120255229277,0.0,0.44761904761904764,0.5523809523809524,0.0,0.0013612958394125406,0.0,0.0,Charles Bassey | Joel Embiid | Montrezl Harrell | Dwight Powell | Isaiah Hartenstein
PIE available minutes weighted,positive,3,shooting + upside_tools + motor_competitiveness,190,0.006074014002470833,0.00403780350019535,0.0,0.4263157894736842,0.5736842105263158,0.0,0.0013546073235307316,0.0,0.0,Charles Bassey | Joel Bolomboy | Joel Embiid | Rudy Gobert | Bam Adebayo
PIE top30,positive,3,feel_iq_passing + creation_handle + motor_competitiveness,140,0.006072771392116067,0.004940304037461551,0.0,0.4142857142857143,0.5857142857142857,0.0,0.0030247657488179777,0.0,0.0,Joel Embiid | Luka Dončić | Montrezl Harrell | Isaiah Hartenstein | Bol Bol
PIE top30,positive,3,feel_iq_passing + defense + production_stats,232,0.006064727189386607,0.0058233681222875,0.0,0.3922413793103448,0.6077586206896551,0.0,0.0030167215460885173,0.0,0.0,Joel Embiid | Luka Dončić | Mark Williams | Montrezl Harrell | Isaiah Hartenstein
PIE available minutes weighted,positive,3,shooting + finishing_touch + athleticism_tools,287,0.006061165175036648,0.0068593903759126,0.0,0.41114982578397213,0.5888501742160279,0.0,0.001341758496096546,0.0,0.0,Charles Bassey | Joel Bolomboy | Joel Embiid | Paul Reed | Rudy Gobert
PIE available minutes weighted,positive,3,shooting + creation_handle + finishing_touch,149,0.0060610547215562615,0.0047196630959634,0.0,0.42953020134228187,0.5704697986577181,0.0,0.0013416480426161597,0.0,0.0,Charles Bassey | Joel Embiid | Montrezl Harrell | Isaiah Hartenstein | Bol Bol
PIE top15,positive,3,finishing_touch + upside_tools + production_stats,63,0.006051982796336932,0.0052658836875371,0.0,0.3968253968253968,0.6031746031746031,0.0,0.0027447415552593678,0.0,0.0,Joel Embiid | DeMarcus Cousins | Anthony Davis | Karl-Anthony Towns | DeJuan Blair
PIE top15,positive,3,feel_iq_passing + finishing_touch + motor_competitiveness,88,0.0060063877150963695,0.00572191163732535,0.0,0.3977272727272727,0.6022727272727273,0.0,0.002699146474018805,0.0,0.0,Joel Embiid | Kawhi Leonard | John Collins | DeMarcus Cousins | Anthony Davis
PIE top30,positive,3,feel_iq_passing + upside_tools + size_frame,130,0.006003962304151047,0.00626089656946635,0.0,0.4,0.6,0.0,0.0029559566608529575,0.0,0.0,Joel Embiid | Montrezl Harrell | Isaiah Hartenstein | Bol Bol | Robert Williams III
xRAPM historical top15,positive,2,athleticism_tools + intel_consensus,16,0.0060004745221727,-0.3169021597710123,0.375,0.6875,0.3125,0.3125,-0.10875163328482933,0.07770270270270269,-0.03885135135135137,Donovan Mitchell | Kyle Anderson | CJ McCollum | Rodney Hood | Gary Harris
PIE top15,positive,2,feel_iq_passing + finishing_touch,99,0.005984348605517086,0.0058285445309704,0.0,0.40404040404040403,0.5959595959595959,0.0,0.0026771073644395213,0.0,0.0,Joel Embiid | Kawhi Leonard | Alperen Sengun | John Collins | DeMarcus Cousins
PIE top15,positive,3,feel_iq_passing + finishing_touch + athleticism_tools,99,0.005984348605517086,0.0058285445309704,0.0,0.40404040404040403,0.5959595959595959,0.0,0.0026771073644395213,0.0,0.0,Joel Embiid | Kawhi Leonard | Alperen Sengun | John Collins | DeMarcus Cousins
PIE available minutes weighted,positive,3,shooting + motor_competitiveness + production_stats,324,0.005982486786536658,0.0054170099729731,0.0,0.404320987654321,0.595679012345679,0.0,0.0012630801075965564,0.0,0.0,Charles Bassey | Joel Bolomboy | Joel Embiid | Luka Dončić | Paul Reed
PIE available minutes weighted,positive,3,creation_handle + finishing_touch + motor_competitiveness,131,0.00596888973671314,0.0047196630959634,0.0,0.42748091603053434,0.5725190839694656,0.0,0.001249483057773038,0.0,0.0,Charles Bassey | Joel Embiid | Montrezl Harrell | Isaiah Hartenstein | Bol Bol
PIE available minutes weighted,positive,3,shooting + finishing_touch + motor_competitiveness,231,0.005965142943161484,0.0068593903759126,0.0,0.4069264069264069,0.5930735930735931,0.0,0.0012457362642213825,0.0,0.0,Charles Bassey | Joel Bolomboy | Joel Embiid | Paul Reed | Rudy Gobert
PIE available minutes weighted,positive,3,shooting + creation_handle + defense,205,0.00596195334422366,0.0050860249415261,0.0,0.4195121951219512,0.5804878048780487,0.0,0.001242546665283558,0.0,0.0,Charles Bassey | Joel Embiid | Luka Dončić | Montrezl Harrell | Dwight Powell
PIE available minutes weighted,positive,2,shooting + finishing_touch,289,0.005953150890122328,0.0067931295950872,0.0,0.41522491349480967,0.5847750865051903,0.0,0.0012337442111822264,0.0,0.0,Charles Bassey | Joel Bolomboy | Joel Embiid | Paul Reed | Rudy Gobert
PIE available minutes weighted,positive,3,defense + motor_competitiveness + other,11,0.005952435177009946,0.0020293868391951,0.0,0.36363636363636365,0.6363636363636364,0.0,0.0012330284980698438,0.0,0.0,Mike Scott | Will Barton | Bruno Fernando | Skal Labissiere | Elfrid Payton
PIE available minutes weighted,positive,3,creation_handle + motor_competitiveness + size_frame,153,0.00592855960537387,0.0051609449789597,0.0,0.40522875816993464,0.5947712418300654,0.0,0.001209152926433768,0.0,0.0,Charles Bassey | Joel Embiid | Luka Dončić | Montrezl Harrell | Isaiah Hartenstein
PIE available minutes weighted,positive,3,shooting + finishing_touch + defense,249,0.005923382369874625,0.0070521453928067,0.0,0.40963855421686746,0.5903614457831325,0.0,0.0012039756909345235,0.0,0.0,Charles Bassey | Joel Embiid | Paul Reed | Rudy Gobert | Bam Adebayo
PIE top30,positive,3,feel_iq_passing + athleticism_tools + production_stats,269,0.005915165336099285,0.0058285445309704,0.0,0.38661710037174724,0.6133828996282528,0.0,0.002867159692801195,0.0,0.0,Joel Embiid | Luka Dončić | Mark Williams | Montrezl Harrell | Isaiah Hartenstein
PIE top30,positive,3,upside_tools + defense + motor_competitiveness,141,0.005910973840170016,0.0039120255229277,0.0,0.44680851063829785,0.5531914893617021,0.0,0.0028629681968719263,0.0,0.0,Joel Embiid | Rudy Gobert | Bam Adebayo | Montrezl Harrell | Isaiah Hartenstein
PIE top30,positive,3,upside_tools + defense + production_stats,154,0.005910079346183751,0.0041721736937488495,0.0,0.42857142857142855,0.5714285714285714,0.0,0.0028620737028856617,0.0,0.0,Joel Embiid | Bam Adebayo | Montrezl Harrell | Isaiah Hartenstein | Bol Bol
PIE top30,positive,3,feel_iq_passing + finishing_touch + size_frame,156,0.0059071735413107,0.00885356179771935,0.0,0.3525641025641026,0.6474358974358975,0.0,0.0028591678980126106,0.0,0.0,Joel Embiid | Mark Williams | Montrezl Harrell | Isaiah Hartenstein | Bol Bol
PIE top30,positive,2,finishing_touch + defense,207,0.005893272314397272,0.0074170023338441,0.0,0.4057971014492754,0.5942028985507246,0.0,0.0028452666710991822,0.0,0.0,Joel Embiid | Rudy Gobert | Mark Williams | Bam Adebayo | Montrezl Harrell
PIE top30,positive,3,finishing_touch + athleticism_tools + defense,207,0.005893272314397272,0.0074170023338441,0.0,0.4057971014492754,0.5942028985507246,0.0,0.0028452666710991822,0.0,0.0,Joel Embiid | Rudy Gobert | Mark Williams | Bam Adebayo | Montrezl Harrell
PIE available minutes weighted,positive,3,creation_handle + finishing_touch + production_stats,130,0.005884157652525318,0.005213414333248401,0.0,0.4076923076923077,0.5923076923076923,0.0,0.001164750973585216,0.0,0.0,Charles Bassey | Joel Embiid | Montrezl Harrell | Isaiah Hartenstein | Bol Bol
PIE top30,positive,3,defense + size_frame + production_stats,221,0.005876232713136163,0.0058181917136046,0.0,0.4072398190045249,0.5927601809954751,0.0,0.0028282270698380737,0.0,0.0,Joel Embiid | Luka Dončić | Mark Williams | Bam Adebayo | Montrezl Harrell
PIE top30,positive,2,feel_iq_passing + production_stats,271,0.00585176502610728,0.0058181917136046,0.0,0.3874538745387454,0.6125461254612546,0.0,0.00280375938280919,0.0,0.0,Joel Embiid | Luka Dončić | Mark Williams | Montrezl Harrell | Isaiah Hartenstein
PIE top30,positive,3,finishing_touch + defense + motor_competitiveness,173,0.005816938671180664,0.0068593903759126,0.0,0.4046242774566474,0.5953757225433526,0.0,0.002768933027882574,0.0,0.0,Joel Embiid | Rudy Gobert | Mark Williams | Bam Adebayo | Montrezl Harrell
PIE available minutes weighted,positive,2,feel_iq_passing + motor_competitiveness,348,0.005815966118209486,0.00626089656946635,0.0,0.3850574712643678,0.6149425287356322,0.0,0.0010965594392693843,0.0,0.0,Nikola Jokić | Charles Bassey | Joel Embiid | Luka Dončić | Mark Williams
PIE available minutes weighted,positive,2,shooting + production_stats,436,0.0058103393033804044,0.005755720270228,0.0,0.4059633027522936,0.5940366972477065,0.0,0.0010909326244403026,0.0,0.0,Charles Bassey | Joel Bolomboy | Joel Embiid | Luka Dončić | Paul Reed
PIE top30,positive,2,upside_tools + production_stats,174,0.0058095307552976224,0.0049028440187447505,0.0,0.42528735632183906,0.5747126436781609,0.0,0.002761525111999533,0.0,0.0,Joel Embiid | Bam Adebayo | Montrezl Harrell | Isaiah Hartenstein | Bol Bol
PIE available minutes weighted,positive,2,feel_iq_passing + intel_consensus,25,0.005803851510794461,0.0034790286035349,0.0,0.28,0.72,0.0,0.0010844448318543592,0.0,0.0,Jusuf Nurkić | Isaiah Roby | Dennis Schröder | Alec Peters | Kyle Anderson
PIE available minutes weighted,positive,3,feel_iq_passing + athleticism_tools + intel_consensus,25,0.005803851510794461,0.0034790286035349,0.0,0.28,0.72,0.0,0.0010844448318543592,0.0,0.0,Jusuf Nurkić | Isaiah Roby | Dennis Schröder | Alec Peters | Kyle Anderson
PIE available minutes weighted,positive,3,motor_competitiveness + size_frame + other,14,0.005792325660423028,0.00695007874833885,0.0,0.35714285714285715,0.6428571428571429,0.0,0.0010729189814829261,0.0,0.0,Mike Scott | Will Barton | Bruno Fernando | Skal Labissiere | Elfrid Payton
PIE available minutes weighted,positive,3,motor_competitiveness + production_stats + other,14,0.005792325660423028,0.00695007874833885,0.0,0.35714285714285715,0.6428571428571429,0.0,0.0010729189814829261,0.0,0.0,Mike Scott | Will Barton | Bruno Fernando | Skal Labissiere | Elfrid Payton
PIE available minutes weighted,positive,3,shooting + athleticism_tools + production_stats,429,0.0057811866010110905,0.0056932488268514,0.0,0.40792540792540793,0.5920745920745921,0.0,0.0010617799220709887,0.0,0.0,Charles Bassey | Joel Bolomboy | Joel Embiid | Luka Dončić | Paul Reed
PIE top30,positive,3,athleticism_tools + upside_tools + production_stats,172,0.005781123291665079,0.0049028440187447505,0.0,0.43023255813953487,0.5697674418604651,0.0,0.0027331176483669896,0.0,0.0,Joel Embiid | Bam Adebayo | Montrezl Harrell | Isaiah Hartenstein | Bol Bol
PIE available minutes weighted,positive,3,creation_handle + defense + size_frame,166,0.005759912753212987,0.00471754549195185,0.0,0.42168674698795183,0.5783132530120482,0.0,0.0010405060742728848,0.0,0.0,Charles Bassey | Joel Embiid | Luka Dončić | Montrezl Harrell | Dwight Powell
PIE top15,positive,3,finishing_touch + upside_tools + motor_competitiveness,63,0.005757033265115979,0.0050860249415261,0.0,0.4126984126984127,0.5873015873015873,0.0,0.002449792024038414,0.0,0.0,Joel Embiid | DeMarcus Cousins | Anthony Davis | Andre Drummond | Karl-Anthony Towns
PIE top30,positive,3,feel_iq_passing + creation_handle + production_stats,150,0.0057431479516573975,0.0060811563430033,0.0,0.38,0.62,0.0,0.002695142308359308,0.0,0.0,Joel Embiid | Luka Dončić | Montrezl Harrell | Isaiah Hartenstein | Bol Bol
PIE top15,positive,2,finishing_touch + upside_tools,70,0.005743095369466281,0.0049028440187447505,0.0,0.42857142857142855,0.5714285714285714,0.0,0.002435854128388716,0.0,0.0,Joel Embiid | DeMarcus Cousins | Anthony Davis | Andre Drummond | Karl-Anthony Towns
PIE top15,positive,3,finishing_touch + athleticism_tools + upside_tools,70,0.005743095369466281,0.0049028440187447505,0.0,0.42857142857142855,0.5714285714285714,0.0,0.002435854128388716,0.0,0.0,Joel Embiid | DeMarcus Cousins | Anthony Davis | Andre Drummond | Karl-Anthony Towns
PIE top30,positive,3,athleticism_tools + motor_competitiveness + production_stats,261,0.005737262155165535,0.0051246903788358,0.0,0.41379310344827586,0.5862068965517241,0.0,0.0026892565118674452,0.0,0.0,Joel Embiid | Luka Dončić | Mark Williams | Bam Adebayo | Montrezl Harrell
PIE top30,positive,2,motor_competitiveness + production_stats,264,0.005692624098341542,0.0051053576601809494,0.0,0.4128787878787879,0.5871212121212122,0.0,0.002644618455043452,0.0,0.0,Joel Embiid | Luka Dončić | Mark Williams | Bam Adebayo | Montrezl Harrell
PIE available minutes weighted,positive,3,feel_iq_passing + motor_competitiveness + other,12,0.005668800357886466,0.0077502165710106995,0.0,0.4166666666666667,0.5833333333333334,0.0,0.0009493936789463642,0.0,0.0,Mike Scott | Will Barton | Bruno Fernando | Skal Labissiere | Elfrid Payton
PIE top30,positive,3,athleticism_tools + upside_tools + defense,179,0.005661423445431625,0.0039120255229277,0.0,0.4581005586592179,0.5418994413407822,0.0,0.0026134178021335356,0.0,0.0,Hassan Whiteside | Joel Embiid | Rudy Gobert | Bam Adebayo | Montrezl Harrell
PIE available minutes weighted,positive,3,creation_handle + size_frame + production_stats,167,0.0056457636623562365,0.0052658836875371,0.0,0.39520958083832336,0.6047904191616766,0.0,0.0009263569834161347,0.0,0.0,Charles Bassey | Joel Embiid | Luka Dončić | Montrezl Harrell | Isaiah Hartenstein
PIE top30,positive,2,upside_tools + defense,180,0.005642291703864339,0.0036711172504044,0.0,0.45555555555555555,0.5444444444444444,0.0,0.0025942860605662494,0.0,0.0,Hassan Whiteside | Joel Embiid | Rudy Gobert | Bam Adebayo | Montrezl Harrell
PIE top30,positive,2,finishing_touch + athleticism_tools,236,0.005637177007790506,0.00695576788435965,0.0,0.4110169491525424,0.5889830508474576,0.0,0.0025891713644924166,0.0,0.0,Joel Embiid | Rudy Gobert | Mark Williams | Bam Adebayo | Montrezl Harrell
PIE top15,positive,3,finishing_touch + upside_tools + size_frame,59,0.005630078178555484,0.0050860249415261,0.0,0.423728813559322,0.576271186440678,0.0,0.0023228369374779195,0.0,0.0,Joel Embiid | DeMarcus Cousins | Anthony Davis | Andre Drummond | Karl-Anthony Towns
PIE top15,positive,3,feel_iq_passing + creation_handle + motor_competitiveness,83,0.005624047503942679,0.0047196630959634,0.0,0.40963855421686746,0.5903614457831325,0.0,0.002316806262865115,0.0,0.0,Joel Embiid | Luka Dončić | Kawhi Leonard | Trae Young | DeMarcus Cousins
PIE top30,positive,3,finishing_touch + defense + size_frame,171,0.005617484657474297,0.0074170023338441,0.0,0.391812865497076,0.6081871345029239,0.0,0.0025694790141762075,0.0,0.0,Joel Embiid | Rudy Gobert | Mark Williams | Bam Adebayo | Montrezl Harrell
PIE available minutes weighted,positive,3,shooting + motor_competitiveness + risk_uncertainty,17,0.005605216681571141,0.0020293868391951,0.0,0.47058823529411764,0.5294117647058824,0.0,0.0008858100026310394,0.0,0.0,Montrezl Harrell | Cory Jefferson | Ja Morant | Solomon Alabi | Bruce Brown
PIE available minutes weighted,positive,3,shooting + creation_handle + production_stats,203,0.00556999456365108,0.0052658836875371,0.0,0.3891625615763547,0.6108374384236454,0.0,0.000850587884710978,0.0,0.0,Charles Bassey | Joel Embiid | Luka Dončić | Montrezl Harrell | Isaiah Hartenstein
PIE top30,positive,2,finishing_touch + size_frame,193,0.005564664312356158,0.0074170023338441,0.0,0.38860103626943004,0.6113989637305699,0.0,0.0025166586690580682,0.0,0.0,Joel Embiid | Rudy Gobert | Mark Williams | Bam Adebayo | Montrezl Harrell
PIE top30,positive,3,finishing_touch + athleticism_tools + size_frame,193,0.005564664312356158,0.0074170023338441,0.0,0.38860103626943004,0.6113989637305699,0.0,0.0025166586690580682,0.0,0.0,Joel Embiid | Rudy Gobert | Mark Williams | Bam Adebayo | Montrezl Harrell
PIE available minutes weighted,positive,3,creation_handle + motor_competitiveness + production_stats,165,0.005553720898201244,0.0051609449789597,0.0,0.3939393939393939,0.6060606060606061,0.0,0.0008343142192611423,0.0,0.0,Charles Bassey | Joel Embiid | Luka Dončić | Montrezl Harrell | Isaiah Hartenstein
PIE top30,positive,3,feel_iq_passing + athleticism_tools + upside_tools,162,0.005545986573687883,0.00499277339175025,0.0,0.42592592592592593,0.5740740740740741,0.0,0.0024979809303897933,0.0,0.0,Joel Embiid | Montrezl Harrell | Isaiah Hartenstein | Bol Bol | Robert Williams III
PIE top15,positive,3,feel_iq_passing + shooting + finishing_touch,94,0.005545937521630596,0.0054405812156087,0.0,0.4148936170212766,0.5851063829787234,0.0,0.002238696280553032,0.0,0.0,Joel Embiid | Kawhi Leonard | Alperen Sengun | John Collins | DeMarcus Cousins
PIE available minutes weighted,positive,2,creation_handle + motor_competitiveness,193,0.005541111452423225,0.0047196630959634,0.0,0.41968911917098445,0.5803108808290155,0.0,0.0008217047734831234,0.0,0.0,Charles Bassey | Joel Embiid | Luka Dončić | Montrezl Harrell | Isaiah Hartenstein
PIE available minutes weighted,positive,3,feel_iq_passing + athleticism_tools + motor_competitiveness,344,0.005535407095064283,0.00626089656946635,0.0,0.3866279069767442,0.6133720930232558,0.0,0.000816000416124181,0.0,0.0,Charles Bassey | Joel Embiid | Luka Dončić | Mark Williams | Montrezl Harrell
PIE top15,positive,3,feel_iq_passing + finishing_touch + production_stats,88,0.005533034053434047,0.00572191163732535,0.0,0.3977272727272727,0.6022727272727273,0.0,0.0022257928123564827,0.0,0.0,Joel Embiid | Alperen Sengun | John Collins | DeMarcus Cousins | Anthony Davis
PIE top30,positive,3,finishing_touch + motor_competitiveness + size_frame,161,0.0055287687870981764,0.0074170023338441,0.0,0.37888198757763975,0.6211180124223602,0.0,0.002480763143800087,0.0,0.0,Joel Embiid | Rudy Gobert | Mark Williams | Bam Adebayo | Montrezl Harrell
PIE top30,positive,2,feel_iq_passing + upside_tools,163,0.0055255676987776515,0.0047196630959634,0.0,0.4233128834355828,0.5766871165644172,0.0,0.002477562055479562,0.0,0.0,Joel Embiid | Montrezl Harrell | Isaiah Hartenstein | Bol Bol | Robert Williams III
PIE top30,positive,3,feel_iq_passing + size_frame + production_stats,211,0.005513619567164607,0.0058285445309704,0.0,0.38388625592417064,0.6161137440758294,0.0,0.0024656139238665173,0.0,0.0,Joel Embiid | Luka Dončić | Mark Williams | Montrezl Harrell | Isaiah Hartenstein
PIE available minutes weighted,positive,3,creation_handle + athleticism_tools + motor_competitiveness,192,0.005476169316774845,0.0045343645691705,0.0,0.421875,0.578125,0.0,0.0007567626378347436,0.0,0.0,Charles Bassey | Joel Embiid | Luka Dončić | Montrezl Harrell | Isaiah Hartenstein
PIE top30,positive,3,creation_handle + finishing_touch + size_frame,109,0.0054591301548730636,0.0047196630959634,0.0,0.42201834862385323,0.5779816513761468,0.0,0.002411124511574974,0.0,0.0,Joel Embiid | Montrezl Harrell | Isaiah Hartenstein | Bol Bol | Jordan Clarkson
PIE top30,positive,2,finishing_touch + motor_competitiveness,193,0.005424529155627939,0.0068593903759126,0.0,0.40414507772020725,0.5958549222797928,0.0,0.0023765235123298497,0.0,0.0,Joel Embiid | Rudy Gobert | Mark Williams | Bam Adebayo | Montrezl Harrell
PIE top30,positive,3,finishing_touch + athleticism_tools + motor_competitiveness,193,0.005424529155627939,0.0068593903759126,0.0,0.40414507772020725,0.5958549222797928,0.0,0.0023765235123298497,0.0,0.0,Joel Embiid | Rudy Gobert | Mark Williams | Bam Adebayo | Montrezl Harrell
PIE top15,positive,3,finishing_touch + defense + production_stats,94,0.005416096181891442,0.00572191163732535,0.0,0.4148936170212766,0.5851063829787234,0.0,0.002108854940813877,0.0,0.0,Joel Embiid | Jalen Duren | Alperen Sengun | John Collins | DeMarcus Cousins
PIE top30,positive,3,athleticism_tools + upside_tools + size_frame,163,0.005402916462802399,0.0047196630959634,0.0,0.44785276073619634,0.5521472392638037,0.0,0.002354910819504309,0.0,0.0,Hassan Whiteside | Joel Embiid | Rudy Gobert | Bam Adebayo | Montrezl Harrell
PIE top30,positive,3,athleticism_tools + upside_tools + motor_competitiveness,157,0.005398217830843018,0.0039120255229277,0.0,0.45222929936305734,0.5477707006369427,0.0,0.0023502121875449283,0.0,0.0,Joel Embiid | Rudy Gobert | Bam Adebayo | Montrezl Harrell | Isaiah Hartenstein
PIE available minutes weighted,positive,2,creation_handle + production_stats,210,0.005396891070477826,0.00542700245061565,0.0,0.3904761904761905,0.6095238095238096,0.0,0.000677484391537724,0.0,0.0,Charles Bassey | Joel Embiid | Luka Dončić | Montrezl Harrell | Isaiah Hartenstein
PIE available minutes weighted,positive,3,defense + motor_competitiveness + risk_uncertainty,18,0.005396556253801139,0.00297498728523035,0.0,0.4444444444444444,0.5555555555555556,0.0,0.0006771495748610374,0.0,0.0,Montrezl Harrell | Cory Jefferson | Ja Morant | Solomon Alabi | Ante Zizic
PIE top30,positive,3,athleticism_tools + defense + production_stats,278,0.005392219062989155,0.0051234849602429,0.0,0.4244604316546763,0.5755395683453237,0.0,0.0023442134196910653,0.0,0.0,Joel Embiid | Luka Dončić | Mark Williams | Bam Adebayo | Montrezl Harrell
PIE top30,positive,2,upside_tools + size_frame,164,0.005383494471951897,0.004454495607168,0.0,0.4451219512195122,0.5548780487804879,0.0,0.002335488828653807,0.0,0.0,Hassan Whiteside | Joel Embiid | Rudy Gobert | Bam Adebayo | Montrezl Harrell
PIE top30,positive,2,upside_tools + motor_competitiveness,158,0.005378088034213127,0.00388330976425695,0.0,0.44936708860759494,0.5506329113924051,0.0,0.002330082390915037,0.0,0.0,Joel Embiid | Rudy Gobert | Bam Adebayo | Montrezl Harrell | Isaiah Hartenstein
PIE available minutes weighted,positive,3,shooting + creation_handle + motor_competitiveness,184,0.005375745865362435,0.00413054578265265,0.0,0.42391304347826086,0.5760869565217391,0.0,0.000656339186422333,0.0,0.0,Charles Bassey | Joel Embiid | Luka Dončić | Montrezl Harrell | Isaiah Hartenstein
PIE available minutes weighted,positive,3,shooting + upside_tools + defense,222,0.0053707985956931836,0.0036711172504044,0.0,0.44144144144144143,0.5585585585585585,0.0,0.0006513919167530817,0.0,0.0,Charles Bassey | Joel Embiid | Rudy Gobert | Bam Adebayo | Montrezl Harrell
PIE top30,positive,3,creation_handle + finishing_touch + production_stats,110,0.005363665161349406,0.0051234849602429,0.0,0.4090909090909091,0.5909090909090909,0.0,0.0023156595180513165,0.0,0.0,Joel Embiid | Montrezl Harrell | Isaiah Hartenstein | Bol Bol | Jordan Clarkson
PIE top15,positive,3,feel_iq_passing + finishing_touch + size_frame,82,0.0053448745457097685,0.0063439674534415,0.0,0.3902439024390244,0.6097560975609756,0.0,0.002037633304632204,0.0,0.0,Joel Embiid | DeMarcus Cousins | Anthony Davis | Andre Drummond | Karl-Anthony Towns
PIE available minutes weighted,positive,3,shooting + upside_tools + size_frame,195,0.005344278608941227,0.0047196630959634,0.0,0.4307692307692308,0.5692307692307692,0.0,0.0006248719300011255,0.0,0.0,Charles Bassey | Joel Embiid | Rudy Gobert | Bam Adebayo | Montrezl Harrell
PIE top15,positive,2,finishing_touch + defense,108,0.005341755336417791,0.0054405812156087,0.0,0.4351851851851852,0.5648148148148148,0.0,0.002034514095340227,0.0,0.0,Joel Embiid | Jalen Duren | Kawhi Leonard | Alperen Sengun | John Collins
PIE top15,positive,3,finishing_touch + athleticism_tools + defense,108,0.005341755336417791,0.0054405812156087,0.0,0.4351851851851852,0.5648148148148148,0.0,0.002034514095340227,0.0,0.0,Joel Embiid | Jalen Duren | Kawhi Leonard | Alperen Sengun | John Collins
PIE top30,positive,2,defense + production_stats,280,0.005334591950626251,0.00471754549195185,0.0,0.425,0.575,0.0,0.0022865863073281614,0.0,0.0,Joel Embiid | Luka Dončić | Mark Williams | Bam Adebayo | Montrezl Harrell
PIE available minutes weighted,positive,3,shooting + finishing_touch + size_frame,221,0.005299857570761356,0.0068593903759126,0.0,0.39819004524886875,0.6018099547511312,0.0,0.0005804508918212546,0.0,0.0,Charles Bassey | Joel Embiid | Rudy Gobert | Bam Adebayo | Montrezl Harrell
PIE available minutes weighted,positive,3,creation_handle + athleticism_tools + production_stats,208,0.005293508115439224,0.005213414333248401,0.0,0.3942307692307692,0.6057692307692307,0.0,0.000574101436499122,0.0,0.0,Charles Bassey | Joel Embiid | Luka Dončić | Montrezl Harrell | Isaiah Hartenstein
PIE top30,positive,2,size_frame + production_stats,258,0.005282900784841853,0.00571673522864245,0.0,0.40310077519379844,0.5968992248062015,0.0,0.0022348951415437635,0.0,0.0,Joel Embiid | Luka Dončić | Mark Williams | Bam Adebayo | Montrezl Harrell
PIE top30,positive,3,athleticism_tools + size_frame + production_stats,256,0.005273407030180786,0.00571673522864245,0.0,0.40625,0.59375,0.0,0.002225401386882696,0.0,0.0,Joel Embiid | Luka Dončić | Mark Williams | Bam Adebayo | Montrezl Harrell
PIE available minutes weighted,positive,2,creation_handle + upside_tools,129,0.005254500616084214,0.0020350356433212,0.0,0.4573643410852713,0.5426356589147286,0.0,0.0005350939371441118,0.0,0.0,Charles Bassey | Joel Embiid | Montrezl Harrell | Dwight Powell | Isaiah Hartenstein
PIE available minutes weighted,positive,2,shooting + intel_consensus,27,0.00525287677267963,0.0034790286035349,0.0,0.2962962962962963,0.7037037037037037,0.0,0.0005334700937395286,0.0,0.0,Jusuf Nurkić | Donovan Mitchell | Isaiah Roby | Dennis Schröder | Alec Peters
PIE available minutes weighted,positive,3,shooting + athleticism_tools + intel_consensus,27,0.00525287677267963,0.0034790286035349,0.0,0.2962962962962963,0.7037037037037037,0.0,0.0005334700937395286,0.0,0.0,Jusuf Nurkić | Donovan Mitchell | Isaiah Roby | Dennis Schröder | Alec Peters
PIE top30,positive,3,feel_iq_passing + shooting + production_stats,261,0.005247228497767872,0.0052658836875371,0.0,0.39846743295019155,0.6015325670498084,0.0,0.002199222854469782,0.0,0.0,Joel Embiid | Luka Dončić | Montrezl Harrell | Isaiah Hartenstein | Bol Bol
PIE available minutes weighted,positive,3,feel_iq_passing + production_stats + intel_consensus,22,0.005232305292358887,0.0037363594909921,0.0,0.2727272727272727,0.7272727272727273,0.0,0.0005128986134187849,0.0,0.0,Isaiah Roby | Dennis Schröder | Alec Peters | Kyle Anderson | Jonas Valančiūnas
PIE top30,positive,3,creation_handle + finishing_touch + athleticism_tools,129,0.005218576308845184,0.0039120255229277,0.0,0.43410852713178294,0.5658914728682171,0.0,0.002170570665547094,0.0,0.0,Joel Embiid | Montrezl Harrell | Isaiah Hartenstein | Bol Bol | Kawhi Leonard
PIE top15,positive,3,feel_iq_passing + shooting + production_stats,134,0.005189191345840705,0.004054957924819099,0.0,0.40298507462686567,0.5970149253731343,0.0,0.0018819501047631407,0.0,0.0,Joel Embiid | Luka Dončić | Alperen Sengun | Tyrese Haliburton | Trae Young
PIE available minutes weighted,positive,3,feel_iq_passing + shooting + motor_competitiveness,322,0.005188912299362493,0.005755720270228,0.0,0.391304347826087,0.6086956521739131,0.0,0.0004695056204223908,0.0,0.0,Nikola Jokić | Charles Bassey | Joel Embiid | Luka Dončić | Montrezl Harrell
PIE available minutes weighted,positive,3,shooting + size_frame + production_stats,312,0.005187299336279663,0.0054863035187192,0.0,0.41025641025641024,0.5897435897435898,0.0,0.0004678926573395614,0.0,0.0,Charles Bassey | Joel Embiid | Luka Dončić | Bam Adebayo | Montrezl Harrell
xRAPM historical top30,positive,3,finishing_touch + motor_competitiveness + size_frame,154,0.005185415328884434,0.020597840228987647,0.3181818181818182,0.4935064935064935,0.5064935064935064,0.3181818181818182,-0.07524521246660111,-0.0027137042062415073,-0.012663952962460423,Franz Wagner | Rudy Gobert | Joel Embiid | Jayson Tatum | Ricky Rubio
PIE available minutes weighted,positive,3,creation_handle + athleticism_tools + upside_tools,128,0.005183930813928054,0.0020322112412581497,0.0,0.4609375,0.5390625,0.0,0.00046452413498795225,0.0,0.0,Charles Bassey | Joel Embiid | Montrezl Harrell | Dwight Powell | Isaiah Hartenstein
PIE top15,positive,3,feel_iq_passing + athleticism_tools + production_stats,138,0.0051412414544797025,0.004454495607168,0.0,0.391304347826087,0.6086956521739131,0.0,0.001834000213402138,0.0,0.0,Joel Embiid | Luka Dončić | Alperen Sengun | Tyrese Haliburton | Trae Young
PIE top30,positive,3,shooting + upside_tools + production_stats,166,0.005131482347176018,0.0041721736937488495,0.0,0.43373493975903615,0.5662650602409639,0.0,0.002083476703877928,0.0,0.0,Joel Embiid | Bam Adebayo | Montrezl Harrell | Isaiah Hartenstein | Bol Bol
PIE available minutes weighted,positive,3,upside_tools + size_frame + other,10,0.005131421102943701,0.00695007874833885,0.0,0.3,0.7,0.0,0.0004120144240035992,0.0,0.0,Mike Scott | Will Barton | Skal Labissiere | Shabazz Muhammad | Zach LaVine
PIE available minutes weighted,positive,3,upside_tools + production_stats + other,10,0.005131421102943701,0.00695007874833885,0.0,0.3,0.7,0.0,0.0004120144240035992,0.0,0.0,Mike Scott | Will Barton | Skal Labissiere | Shabazz Muhammad | Zach LaVine
xRAPM historical top15,positive,3,creation_handle + motor_competitiveness + production_stats,82,0.005075240717012737,0.2462103174603176,0.36585365853658536,0.43902439024390244,0.5609756097560976,0.3902439024390244,-0.10967686708998929,0.06855636123928804,0.03889255108767303,Stephen Curry | Joel Embiid | Jayson Tatum | Ricky Rubio | Klay Thompson
PIE available minutes weighted,positive,2,athleticism_tools + intel_consensus,30,0.005056933053826753,0.0032279528303022498,0.0,0.3,0.7,0.0,0.00033752637488665155,0.0,0.0,Jusuf Nurkić | Donovan Mitchell | Isaiah Roby | Dennis Schröder | Alec Peters
PIE top15,positive,2,feel_iq_passing + production_stats,139,0.005049801851937007,0.0041893281183726,0.0,0.39568345323741005,0.60431654676259,0.0,0.0017425606108594422,0.0,0.0,Joel Embiid | Luka Dončić | Alperen Sengun | Tyrese Haliburton | Trae Young
PIE top30,positive,2,creation_handle + finishing_touch,130,0.005042598409368639,0.0038128552810646,0.0,0.43846153846153846,0.5615384615384615,0.0,0.0019945927660705498,0.0,0.0,Joel Embiid | Montrezl Harrell | Isaiah Hartenstein | Bol Bol | Kawhi Leonard
PIE available minutes weighted,positive,2,creation_handle + athleticism_tools,254,0.005041208641810014,0.0045343645691705,0.0,0.421259842519685,0.5787401574803149,0.0,0.0003218019628699123,0.0,0.0,Charles Bassey | Joel Embiid | Luka Dončić | Montrezl Harrell | Dwight Powell
PIE available minutes weighted,positive,3,motor_competitiveness + size_frame + risk_uncertainty,18,0.0050274807606594495,-0.00034669215304485,0.0,0.5,0.5,0.0,0.00030807408171934763,0.0,0.0,Montrezl Harrell | Cory Jefferson | Ja Morant | Solomon Alabi | Ante Zizic
PIE available minutes weighted,positive,2,athleticism_tools + motor_competitiveness,425,0.005023541847911197,0.0052658836875371,0.0,0.4164705882352941,0.5835294117647059,0.0,0.00030413516897109544,0.0,0.0,Charles Bassey | Joel Bolomboy | Joel Embiid | Luka Dončić | Paul Reed
PIE available minutes weighted,positive,2,creation_handle + size_frame,192,0.005020621575979489,0.00413054578265265,0.0,0.421875,0.578125,0.0,0.0003012148970393874,0.0,0.0,Charles Bassey | Joel Embiid | Luka Dončić | Montrezl Harrell | Dwight Powell
PIE available minutes weighted,positive,3,creation_handle + athleticism_tools + size_frame,192,0.005020621575979489,0.00413054578265265,0.0,0.421875,0.578125,0.0,0.0003012148970393874,0.0,0.0,Charles Bassey | Joel Embiid | Luka Dončić | Montrezl Harrell | Dwight Powell
PIE top30,positive,2,athleticism_tools + production_stats,332,0.0050108757148566805,0.0049028440187447505,0.0,0.42168674698795183,0.5783132530120482,0.0,0.001962870071558591,0.0,0.0,Joel Embiid | Luka Dončić | Mark Williams | Bam Adebayo | Montrezl Harrell
PIE top30,positive,3,creation_handle + finishing_touch + motor_competitiveness,109,0.005009769588999666,0.0039120255229277,0.0,0.43119266055045874,0.5688073394495413,0.0,0.001961763945701576,0.0,0.0,Joel Embiid | Montrezl Harrell | Isaiah Hartenstein | Bol Bol | Kawhi Leonard
PIE top15,positive,3,finishing_touch + defense + motor_competitiveness,93,0.005005740034865276,0.0052658836875371,0.0,0.43010752688172044,0.5698924731182796,0.0,0.0016984987937877119,0.0,0.0,Joel Embiid | Kawhi Leonard | John Collins | DeMarcus Cousins | Anthony Davis
PIE available minutes weighted,positive,3,feel_iq_passing + defense + motor_competitiveness,296,0.005002662603648042,0.00571673522864245,0.0,0.3952702702702703,0.6047297297297297,0.0,0.00028325592470794005,0.0,0.0,Charles Bassey | Joel Embiid | Luka Dončić | Mark Williams | Montrezl Harrell
PIE top30,positive,3,feel_iq_passing + shooting + finishing_touch,181,0.00499300704783248,0.0070521453928067,0.0,0.39226519337016574,0.6077348066298343,0.0,0.0019450014045343904,0.0,0.0,Joel Embiid | Montrezl Harrell | Isaiah Hartenstein | Bol Bol | Robert Williams III
PIE top30,positive,3,shooting + motor_competitiveness + production_stats,249,0.004990133777609373,0.0043490660423776,0.0,0.42168674698795183,0.5783132530120482,0.0,0.001942128134311283,0.0,0.0,Joel Embiid | Luka Dončić | Bam Adebayo | Montrezl Harrell | Isaiah Hartenstein
PIE top15,positive,3,shooting + finishing_touch + defense,103,0.004910458169128215,0.0050860249415261,0.0,0.44660194174757284,0.5533980582524272,0.0,0.0016032169280506508,0.0,0.0,Joel Embiid | Jalen Duren | Kawhi Leonard | Alperen Sengun | John Collins
PIE top30,positive,3,feel_iq_passing + creation_handle + defense,152,0.004909480389844338,0.00475500551066865,0.0,0.4342105263157895,0.5657894736842105,0.0,0.0018614747465462485,0.0,0.0,Joel Embiid | Luka Dončić | Montrezl Harrell | Isaiah Hartenstein | Bol Bol
PIE available minutes weighted,positive,3,feel_iq_passing + upside_tools + risk_uncertainty,14,0.004897201612088236,0.00297498728523035,0.0,0.42857142857142855,0.5714285714285714,0.0,0.0001777949331481345,0.0,0.0,Montrezl Harrell | Ja Morant | Solomon Alabi | Ante Zizic | Bruce Brown
PIE available minutes weighted,positive,3,upside_tools + defense + risk_uncertainty,14,0.004897201612088236,0.00297498728523035,0.0,0.42857142857142855,0.5714285714285714,0.0,0.0001777949331481345,0.0,0.0,Montrezl Harrell | Ja Morant | Solomon Alabi | Ante Zizic | Bruce Brown
PIE top15,positive,3,shooting + finishing_touch + production_stats,103,0.004896019473462455,0.0052658836875371,0.0,0.4174757281553398,0.5825242718446602,0.0,0.0015887782323848903,0.0,0.0,Joel Embiid | Jalen Duren | Alperen Sengun | John Collins | DeMarcus Cousins
PIE available minutes weighted,positive,3,upside_tools + motor_competitiveness + risk_uncertainty,14,0.004893443385944951,0.00297498728523035,0.0,0.42857142857142855,0.5714285714285714,0.0,0.00017403670700484944,0.0,0.0,Montrezl Harrell | Ja Morant | Solomon Alabi | Ante Zizic | Bruce Brown
PIE top30,positive,3,shooting + size_frame + production_stats,244,0.004884678102234942,0.005213414333248401,0.0,0.4098360655737705,0.5901639344262295,0.0,0.0018366724589368522,0.0,0.0,Joel Embiid | Luka Dončić | Bam Adebayo | Montrezl Harrell | Isaiah Hartenstein
PIE top30,positive,3,feel_iq_passing + creation_handle + upside_tools,91,0.004875688348785728,0.00250796329178,0.0,0.4725274725274725,0.5274725274725275,0.0,0.0018276827054876385,0.0,0.0,Joel Embiid | Montrezl Harrell | Isaiah Hartenstein | Bol Bol | Jordan Clarkson
PIE available minutes weighted,positive,3,defense + production_stats + intel_consensus,23,0.004846397263165031,0.0034790286035349,0.0,0.30434782608695654,0.6956521739130435,0.0,0.0001269905842249293,0.0,0.0,Donovan Mitchell | Isaiah Roby | Dennis Schröder | Kyle Anderson | Jonas Valančiūnas
PIE top15,positive,3,feel_iq_passing + athleticism_tools + motor_competitiveness,131,0.004826932725305889,0.0041893281183726,0.0,0.40458015267175573,0.5954198473282443,0.0,0.0015196914842283246,0.0,0.0,Joel Embiid | Luka Dončić | Kawhi Leonard | Trae Young | John Collins
PIE top15,positive,3,shooting + size_frame + production_stats,132,0.0048179331546109195,0.00572191163732535,0.0,0.4015151515151515,0.5984848484848485,0.0,0.001510691913533355,0.0,0.0,Joel Embiid | Luka Dončić | Jalen Duren | Tyrese Haliburton | Trae Young
PIE top30,positive,3,creation_handle + motor_competitiveness + production_stats,137,0.004817074901903181,0.0047196630959634,0.0,0.40875912408759124,0.5912408759124088,0.0,0.0017690692586050912,0.0,0.0,Joel Embiid | Luka Dončić | Montrezl Harrell | Isaiah Hartenstein | Bol Bol
PIE top15,positive,3,feel_iq_passing + defense + production_stats,123,0.004800855984605202,0.0039120255229277,0.0,0.4146341463414634,0.5853658536585366,0.0,0.0014936147435276373,0.0,0.0,Joel Embiid | Luka Dončić | Alperen Sengun | Tyrese Haliburton | Trae Young
PIE top15,positive,3,feel_iq_passing + motor_competitiveness + production_stats,120,0.0047818676886804004,0.004454495607168,0.0,0.4,0.6,0.0,0.001474626447602836,0.0,0.0,Joel Embiid | Luka Dončić | Trae Young | John Collins | DeMarcus Cousins
PIE available minutes weighted,positive,2,shooting + upside_tools,259,0.004781077791395796,0.0031467396664601,0.0,0.4555984555984556,0.5444015444015444,0.0,6.167111245569418e-05,0.0,0.0,Charles Bassey | Joel Bolomboy | Joel Embiid | Rudy Gobert | Bam Adebayo
PIE available minutes weighted,positive,2,shooting + creation_handle,247,0.0047786625182545785,0.0039120255229277,0.0,0.4251012145748988,0.5748987854251012,0.0,5.925583931447667e-05,0.0,0.0,Charles Bassey | Joel Embiid | Luka Dončić | Montrezl Harrell | Dwight Powell
PIE available minutes weighted,positive,3,shooting + creation_handle + athleticism_tools,244,0.004777421130504107,0.0038128552810646,0.0,0.4262295081967213,0.5737704918032787,0.0,5.801445156400527e-05,0.0,0.0,Charles Bassey | Joel Embiid | Luka Dončić | Montrezl Harrell | Dwight Powell
PIE available minutes weighted,positive,3,shooting + athleticism_tools + upside_tools,257,0.004754062267377891,0.0031467396664601,0.0,0.4591439688715953,0.5408560311284046,0.0,3.465558843778957e-05,0.0,0.0,Charles Bassey | Joel Bolomboy | Joel Embiid | Rudy Gobert | Bam Adebayo
PIE available minutes weighted,positive,3,athleticism_tools + defense + motor_competitiveness,359,0.004753252467715484,0.005114453939149,0.0,0.4233983286908078,0.5766016713091922,0.0,3.3845788775382045e-05,0.0,0.0,Charles Bassey | Joel Embiid | Luka Dončić | Paul Reed | Rudy Gobert
PIE available minutes weighted,positive,2,defense + motor_competitiveness,362,0.0047488300664948494,0.00510023944033755,0.0,0.42265193370165743,0.5773480662983426,0.0,2.9423387554747618e-05,0.0,0.0,Charles Bassey | Joel Embiid | Luka Dončić | Paul Reed | Rudy Gobert
PIE top15,positive,2,feel_iq_passing + motor_competitiveness,132,0.004733025179667548,0.004054957924819099,0.0,0.4090909090909091,0.5909090909090909,0.0,0.0014257839385899839,0.0,0.0,Joel Embiid | Luka Dončić | Kawhi Leonard | Trae Young | John Collins
PIE top15,positive,3,shooting + athleticism_tools + production_stats,164,0.004713143808681686,0.004454495607168,0.0,0.4146341463414634,0.5853658536585366,0.0,0.0014059025676041218,0.0,0.0,Joel Embiid | Luka Dončić | Jalen Duren | Alperen Sengun | Tyrese Haliburton
PIE available minutes weighted,positive,2,athleticism_tools + defense,504,0.004712135242712608,0.0054170099729731,0.0,0.42063492063492064,0.5793650793650794,0.0,-7.271436227493898e-06,0.0,0.0,Hassan Whiteside | Charles Bassey | Joel Embiid | Luka Dončić | Paul Reed
PIE top30,positive,3,shooting + upside_tools + motor_competitiveness,151,0.0046996661770580045,0.0034302089778811,0.0,0.45695364238410596,0.543046357615894,0.0,0.0016516605337599148,0.0,0.0,Joel Embiid | Rudy Gobert | Bam Adebayo | Montrezl Harrell | Isaiah Hartenstein
PIE top15,positive,2,finishing_touch + production_stats,106,0.004685883819004314,0.0054405812156087,0.0,0.41509433962264153,0.5849056603773585,0.0,0.0013786425779267497,0.0,0.0,Joel Embiid | Jalen Duren | Alperen Sengun | John Collins | DeMarcus Cousins
PIE top15,positive,3,finishing_touch + athleticism_tools + production_stats,106,0.004685883819004314,0.0054405812156087,0.0,0.41509433962264153,0.5849056603773585,0.0,0.0013786425779267497,0.0,0.0,Joel Embiid | Jalen Duren | Alperen Sengun | John Collins | DeMarcus Cousins
PIE top30,positive,3,creation_handle + motor_competitiveness + size_frame,131,0.004677368373851989,0.0047196630959634,0.0,0.4122137404580153,0.5877862595419847,0.0,0.0016293627305538991,0.0,0.0,Joel Embiid | Luka Dončić | Montrezl Harrell | Isaiah Hartenstein | Bol Bol
PIE available minutes weighted,positive,3,shooting + production_stats + intel_consensus,24,0.004660087563516,0.0037363594909921,0.0,0.2916666666666667,0.7083333333333334,0.0,-5.9319115424102085e-05,0.0,0.0,Donovan Mitchell | Isaiah Roby | Dennis Schröder | Alec Peters | Kyle Anderson
PIE top30,positive,3,shooting + defense + production_stats,265,0.004642908764676504,0.0041550192691251,0.0,0.4339622641509434,0.5660377358490566,0.0,0.0015949031213784142,0.0,0.0,Joel Embiid | Luka Dončić | Bam Adebayo | Montrezl Harrell | Isaiah Hartenstein
PIE top15,positive,2,shooting + production_stats,165,0.004638707401968737,0.0041893281183726,0.0,0.41818181818181815,0.5818181818181818,0.0,0.0013314661608911722,0.0,0.0,Joel Embiid | Luka Dončić | Jalen Duren | Alperen Sengun | Tyrese Haliburton
PIE top30,positive,3,feel_iq_passing + creation_handle + size_frame,143,0.004635997015708067,0.0051609449789597,0.0,0.40559440559440557,0.5944055944055944,0.0,0.0015879913724099774,0.0,0.0,Joel Embiid | Luka Dončić | Montrezl Harrell | Isaiah Hartenstein | Bol Bol
PIE top30,positive,3,creation_handle + defense + motor_competitiveness,138,0.0046339500829956646,0.00334528104813555,0.0,0.4492753623188406,0.5507246376811594,0.0,0.001585944439697575,0.0,0.0,Joel Embiid | Luka Dončić | Montrezl Harrell | Isaiah Hartenstein | Bol Bol
PIE available minutes weighted,positive,2,feel_iq_passing + athleticism_tools,474,0.0046247625464354335,0.00604168868189015,0.0,0.3987341772151899,0.6012658227848101,0.0,-9.464413250466833e-05,0.0,0.0,Charles Bassey | Joel Embiid | Luka Dončić | Mark Williams | Montrezl Harrell
PIE top15,positive,3,shooting + defense + production_stats,142,0.004620102696943925,0.003909006935215,0.0,0.43661971830985913,0.5633802816901409,0.0,0.001312861455866361,0.0,0.0,Joel Embiid | Luka Dončić | Jalen Duren | Alperen Sengun | Tyrese Haliburton
PIE available minutes weighted,positive,2,shooting + motor_competitiveness,399,0.004610343064654999,0.005114453939149,0.0,0.42105263157894735,0.5789473684210527,0.0,-0.00010906361428510321,0.0,0.0,Nikola Jokić | Charles Bassey | Joel Bolomboy | Joel Embiid | Luka Dončić
PIE top15,positive,3,finishing_touch + size_frame + production_stats,92,0.004606667954485122,0.00572191163732535,0.0,0.40217391304347827,0.5978260869565217,0.0,0.0012994267134075576,0.0,0.0,Joel Embiid | Jalen Duren | DeMarcus Cousins | Anthony Davis | Karl-Anthony Towns
PIE top30,positive,2,athleticism_tools + upside_tools,208,0.00459996803920224,0.0023355764748762,0.0,0.47596153846153844,0.5240384615384616,0.0,0.0015519623959041502,0.0,0.0,Hassan Whiteside | Joel Embiid | Rudy Gobert | Bam Adebayo | Montrezl Harrell
PIE top30,positive,3,shooting + creation_handle + finishing_touch,126,0.004596459526989801,0.00347984797411135,0.0,0.4444444444444444,0.5555555555555556,0.0,0.0015484538836917118,0.0,0.0,Joel Embiid | Montrezl Harrell | Isaiah Hartenstein | Bol Bol | Kawhi Leonard
PIE top15,positive,2,finishing_touch + athleticism_tools,121,0.004579195258283027,0.0050860249415261,0.0,0.4380165289256198,0.5619834710743802,0.0,0.0012719540172054628,0.0,0.0,Joel Embiid | Jalen Duren | Kawhi Leonard | Alperen Sengun | John Collins
PIE top15,positive,3,creation_handle + defense + motor_competitiveness,82,0.004564752379941733,0.00320999440735385,0.0,0.43902439024390244,0.5609756097560976,0.0,0.0012575111388641682,0.0,0.0,Joel Embiid | Luka Dončić | Kawhi Leonard | Trae Young | DeMarcus Cousins
PIE top15,positive,3,feel_iq_passing + shooting + motor_competitiveness,126,0.004555148959207806,0.00391630662709665,0.0,0.42063492063492064,0.5793650793650794,0.0,0.0012479077181302418,0.0,0.0,Joel Embiid | Luka Dončić | Kawhi Leonard | Trae Young | John Collins
PIE top30,positive,3,shooting + finishing_touch + size_frame,183,0.004551124915459434,0.0067931295950872,0.0,0.3989071038251366,0.6010928961748634,0.0,0.0015031192721613445,0.0,0.0,Joel Embiid | Rudy Gobert | Bam Adebayo | Montrezl Harrell | Isaiah Hartenstein
PIE available minutes weighted,positive,3,shooting + creation_handle + upside_tools,122,0.0045449483501933344,0.0013989303593554,0.0,0.47540983606557374,0.5245901639344263,0.0,-0.0001744583287467674,0.0,0.0,Charles Bassey | Joel Embiid | Montrezl Harrell | Dwight Powell | Isaiah Hartenstein
PIE available minutes weighted,positive,2,motor_competitiveness + risk_uncertainty,20,0.004522190608842081,-0.00034669215304485,0.0,0.5,0.5,0.0,-0.0001972160700980212,0.0,0.0,Montrezl Harrell | Cory Jefferson | Ja Morant | Solomon Alabi | Ante Zizic
PIE available minutes weighted,positive,3,athleticism_tools + motor_competitiveness + risk_uncertainty,20,0.004522190608842081,-0.00034669215304485,0.0,0.5,0.5,0.0,-0.0001972160700980212,0.0,0.0,Montrezl Harrell | Cory Jefferson | Ja Morant | Solomon Alabi | Ante Zizic
PIE available minutes weighted,positive,3,motor_competitiveness + production_stats + risk_uncertainty,20,0.004522190608842081,-0.00034669215304485,0.0,0.5,0.5,0.0,-0.0001972160700980212,0.0,0.0,Montrezl Harrell | Cory Jefferson | Ja Morant | Solomon Alabi | Ante Zizic
PIE top30,positive,3,shooting + finishing_touch + defense,194,0.004516351986217675,0.00600828475743345,0.0,0.422680412371134,0.5773195876288659,0.0,0.0014683463429195857,0.0,0.0,Joel Embiid | Rudy Gobert | Bam Adebayo | Montrezl Harrell | Isaiah Hartenstein
PIE top15,positive,2,athleticism_tools + production_stats,171,0.004514603692105513,0.0041893281183726,0.0,0.4152046783625731,0.5847953216374269,0.0,0.001207362451027949,0.0,0.0,Joel Embiid | Luka Dončić | Jalen Duren | Alperen Sengun | Tyrese Haliburton
PIE available minutes weighted,positive,2,production_stats + intel_consensus,27,0.004508237788030986,0.0034790286035349,0.0,0.2962962962962963,0.7037037037037037,0.0,-0.00021116889090911587,0.0,0.0,Donovan Mitchell | Isaiah Roby | Dennis Schröder | Alec Peters | Kyle Anderson
PIE available minutes weighted,positive,3,athleticism_tools + production_stats + intel_consensus,27,0.004508237788030986,0.0034790286035349,0.0,0.2962962962962963,0.7037037037037037,0.0,-0.00021116889090911587,0.0,0.0,Donovan Mitchell | Isaiah Roby | Dennis Schröder | Alec Peters | Kyle Anderson
PIE top30,positive,3,creation_handle + defense + production_stats,142,0.004499456420528001,0.0051234849602429,0.0,0.4225352112676056,0.5774647887323944,0.0,0.0014514507772299115,0.0,0.0,Joel Embiid | Luka Dončić | Montrezl Harrell | Isaiah Hartenstein | Bol Bol
PIE top30,positive,3,feel_iq_passing + creation_handle + athleticism_tools,177,0.004487111112490404,0.0043490660423776,0.0,0.423728813559322,0.576271186440678,0.0,0.0014391054691923148,0.0,0.0,Joel Embiid | Luka Dončić | Montrezl Harrell | Isaiah Hartenstein | Bol Bol
PIE top15,positive,3,athleticism_tools + defense + production_stats,148,0.004477466844535396,0.003909006935215,0.0,0.43243243243243246,0.5675675675675675,0.0,0.0011702256034578314,0.0,0.0,Joel Embiid | Luka Dončić | Jalen Duren | Alperen Sengun | Tyrese Haliburton
PIE available minutes weighted,positive,2,motor_competitiveness + other,15,0.004444880878916119,0.0020293868391951,0.0,0.4,0.6,0.0,-0.0002745258000239831,0.0,0.0,Mike Scott | Will Barton | Bruno Fernando | Skal Labissiere | Elfrid Payton
PIE available minutes weighted,positive,3,shooting + motor_competitiveness + other,15,0.004444880878916119,0.0020293868391951,0.0,0.4,0.6,0.0,-0.0002745258000239831,0.0,0.0,Mike Scott | Will Barton | Bruno Fernando | Skal Labissiere | Elfrid Payton
PIE available minutes weighted,positive,3,athleticism_tools + motor_competitiveness + other,15,0.004444880878916119,0.0020293868391951,0.0,0.4,0.6,0.0,-0.0002745258000239831,0.0,0.0,Mike Scott | Will Barton | Bruno Fernando | Skal Labissiere | Elfrid Payton
PIE top15,positive,3,shooting + finishing_touch + upside_tools,67,0.004441875330411519,0.0041893281183726,0.0,0.44776119402985076,0.5522388059701493,0.0,0.0011346340893339545,0.0,0.0,Joel Embiid | DeMarcus Cousins | Anthony Davis | Karl-Anthony Towns | DeJuan Blair
PIE top30,positive,3,shooting + finishing_touch + athleticism_tools,223,0.00442438874477378,0.0058181917136046,0.0,0.4260089686098655,0.5739910313901345,0.0,0.0013763831014756908,0.0,0.0,Joel Embiid | Rudy Gobert | Bam Adebayo | Montrezl Harrell | Isaiah Hartenstein
PIE top15,positive,3,shooting + motor_competitiveness + production_stats,136,0.0044218302218650175,0.0049028440187447505,0.0,0.4117647058823529,0.5882352941176471,0.0,0.0011145889807874531,0.0,0.0,Joel Embiid | Luka Dončić | Trae Young | John Collins | DeMarcus Cousins
PIE available minutes weighted,positive,3,shooting + athleticism_tools + motor_competitiveness,394,0.004415399921283748,0.0051195721589924,0.0,0.4213197969543147,0.5786802030456852,0.0,-0.0003040067576563542,0.0,0.0,Charles Bassey | Joel Bolomboy | Joel Embiid | Luka Dončić | Paul Reed
PIE top15,positive,2,size_frame + production_stats,138,0.004415336958513846,0.0054405812156087,0.0,0.4057971014492754,0.5942028985507246,0.0,0.0011080957174362817,0.0,0.0,Joel Embiid | Luka Dončić | Jalen Duren | Tyrese Haliburton | Trae Young
PIE top15,positive,3,athleticism_tools + size_frame + production_stats,138,0.004415336958513846,0.0054405812156087,0.0,0.4057971014492754,0.5942028985507246,0.0,0.0011080957174362817,0.0,0.0,Joel Embiid | Luka Dončić | Jalen Duren | Tyrese Haliburton | Trae Young
PIE top15,positive,2,defense + production_stats,149,0.00439661899122338,0.0039059883475023,0.0,0.436241610738255,0.5637583892617449,0.0,0.0010893777501458156,0.0,0.0,Joel Embiid | Luka Dončić | Jalen Duren | Alperen Sengun | Tyrese Haliburton
PIE available minutes weighted,positive,3,creation_handle + upside_tools + production_stats,114,0.00439321145684859,0.0022714994675506,0.0,0.4473684210526316,0.5526315789473685,0.0,-0.00032619522209151146,0.0,0.0,Charles Bassey | Joel Embiid | Montrezl Harrell | Isaiah Hartenstein | Monte Morris
PIE available minutes weighted,positive,3,upside_tools + production_stats + risk_uncertainty,15,0.004389203428263367,0.0020293868391951,0.0,0.4666666666666667,0.5333333333333333,0.0,-0.00033020325067673485,0.0,0.0,Montrezl Harrell | Ja Morant | Solomon Alabi | Ante Zizic | Bruce Brown
PIE top15,positive,3,finishing_touch + defense + size_frame,91,0.004381738651212628,0.0052658836875371,0.0,0.43956043956043955,0.5604395604395604,0.0,0.0010744974101350633,0.0,0.0,Joel Embiid | Jalen Duren | DeMarcus Cousins | Anthony Davis | Andre Drummond
PIE top30,positive,3,shooting + finishing_touch + motor_competitiveness,183,0.004375608900591496,0.0058181917136046,0.0,0.41530054644808745,0.5846994535519126,0.0,0.0013276032572934063,0.0,0.0,Joel Embiid | Rudy Gobert | Bam Adebayo | Montrezl Harrell | Isaiah Hartenstein
PIE top15,positive,3,feel_iq_passing + size_frame + production_stats,113,0.004364947926345184,0.0052658836875371,0.0,0.39823008849557523,0.6017699115044248,0.0,0.0010577066852676194,0.0,0.0,Joel Embiid | Luka Dončić | Tyrese Haliburton | Trae Young | DeMarcus Cousins
PIE top30,positive,2,feel_iq_passing + creation_handle,178,0.004362697282515146,0.00413054578265265,0.0,0.42696629213483145,0.5730337078651685,0.0,0.0013146916392170567,0.0,0.0,Joel Embiid | Luka Dončić | Montrezl Harrell | Isaiah Hartenstein | Bol Bol
PIE available minutes weighted,positive,3,feel_iq_passing + motor_competitiveness + size_frame,259,0.00433779379236609,0.0063337681550362,0.0,0.3783783783783784,0.6216216216216216,0.0,-0.00038161288657401204,0.0,0.0,Charles Bassey | Joel Embiid | Luka Dončić | Mark Williams | Montrezl Harrell
PIE top15,positive,3,feel_iq_passing + defense + motor_competitiveness,119,0.004337679838563693,0.0039120255229277,0.0,0.42857142857142855,0.5714285714285714,0.0,0.0010304385974861286,0.0,0.0,Joel Embiid | Luka Dončić | Kawhi Leonard | Trae Young | John Collins
PIE available minutes weighted,positive,3,feel_iq_passing + athleticism_tools + defense,397,0.004334849955487108,0.0058953523798838,0.0,0.4005037783375315,0.5994962216624685,0.0,-0.000384556723452994,0.0,0.0,Charles Bassey | Joel Embiid | Luka Dončić | Mark Williams | Montrezl Harrell
PIE top15,positive,3,creation_handle + motor_competitiveness + size_frame,83,0.004334009080604309,0.0047196630959634,0.0,0.42168674698795183,0.5783132530120482,0.0,0.0010267678395267442,0.0,0.0,Joel Embiid | Luka Dončić | Trae Young | DeMarcus Cousins | Andre Drummond
PIE available minutes weighted,positive,2,feel_iq_passing + defense,400,0.004333985701224147,0.0058619484554271,0.0,0.4,0.6,0.0,-0.0003854209777159551,0.0,0.0,Charles Bassey | Joel Embiid | Luka Dončić | Mark Williams | Montrezl Harrell
PIE available minutes weighted,positive,3,shooting + creation_handle + size_frame,184,0.0043264946819447534,0.0035963568213682002,0.0,0.42934782608695654,0.5706521739130435,0.0,-0.0003929119969953484,0.0,0.0,Charles Bassey | Joel Embiid | Luka Dončić | Montrezl Harrell | Dwight Powell
PIE top30,positive,2,shooting + finishing_touch,224,0.004325804194024318,0.00571673522864245,0.0,0.42857142857142855,0.5714285714285714,0.0,0.0012777985507262286,0.0,0.0,Joel Embiid | Rudy Gobert | Bam Adebayo | Montrezl Harrell | Isaiah Hartenstein
PIE top15,positive,2,finishing_touch + motor_competitiveness,105,0.004315471113896499,0.0050860249415261,0.0,0.42857142857142855,0.5714285714285714,0.0,0.001008229872818935,0.0,0.0,Joel Embiid | Kawhi Leonard | John Collins | DeMarcus Cousins | Anthony Davis
PIE top15,positive,3,finishing_touch + athleticism_tools + motor_competitiveness,105,0.004315471113896499,0.0050860249415261,0.0,0.42857142857142855,0.5714285714285714,0.0,0.001008229872818935,0.0,0.0,Joel Embiid | Kawhi Leonard | John Collins | DeMarcus Cousins | Anthony Davis
PIE top15,positive,3,feel_iq_passing + athleticism_tools + defense,138,0.004301067877281091,0.003909006935215,0.0,0.427536231884058,0.572463768115942,0.0,0.0009938266362035267,0.0,0.0,Joel Embiid | Luka Dončić | Kawhi Leonard | Alperen Sengun | Tyrese Haliburton
PIE top30,positive,3,feel_iq_passing + shooting + upside_tools,156,0.00429036299585052,0.00391630662709665,0.0,0.4423076923076923,0.5576923076923077,0.0,0.0012423573525524303,0.0,0.0,Joel Embiid | Montrezl Harrell | Isaiah Hartenstein | Bol Bol | Robert Williams III
PIE available minutes weighted,positive,3,athleticism_tools + defense + size_frame,358,0.0042867598390243615,0.0054863035187192,0.0,0.41620111731843573,0.5837988826815642,0.0,-0.00043264683991574033,0.0,0.0,Hassan Whiteside | Charles Bassey | Joel Embiid | Luka Dončić | Rudy Gobert
PIE top15,positive,3,athleticism_tools + motor_competitiveness + production_stats,142,0.004281545212667913,0.0049028440187447505,0.0,0.4084507042253521,0.5915492957746479,0.0,0.0009743039715903487,0.0,0.0,Joel Embiid | Luka Dončić | Trae Young | John Collins | DeMarcus Cousins
PIE available minutes weighted,positive,2,defense + size_frame,359,0.004280996468897051,0.0053573282937581,0.0,0.415041782729805,0.584958217270195,0.0,-0.00043841021004305085,0.0,0.0,Hassan Whiteside | Charles Bassey | Joel Embiid | Luka Dončić | Rudy Gobert
PIE top15,positive,3,feel_iq_passing + creation_handle + defense,85,0.004270416486476103,0.00250796329178,0.0,0.4470588235294118,0.5529411764705883,0.0,0.0009631752453985389,0.0,0.0,Joel Embiid | Luka Dončić | Kawhi Leonard | Tyrese Haliburton | Trae Young
PIE top30,positive,3,shooting + upside_tools + size_frame,156,0.004263523200365609,0.0040335223960264,0.0,0.4551282051282051,0.5448717948717948,0.0,0.001215517557067519,0.0,0.0,Joel Embiid | Rudy Gobert | Bam Adebayo | Montrezl Harrell | Isaiah Hartenstein
PIE top30,positive,3,creation_handle + upside_tools + size_frame,89,0.0042498968531928675,0.0020293868391951,0.0,0.47191011235955055,0.5280898876404494,0.0,0.0012018912098947778,0.0,0.0,Joel Embiid | Montrezl Harrell | Isaiah Hartenstein | Bol Bol | Jordan Clarkson
PIE top30,positive,3,shooting + athleticism_tools + production_stats,315,0.004244800352051893,0.0041550192691251,0.0,0.43174603174603177,0.5682539682539682,0.0,0.0011967947087538032,0.0,0.0,Joel Embiid | Luka Dončić | Bam Adebayo | Montrezl Harrell | Isaiah Hartenstein
PIE top15,positive,3,shooting + finishing_touch + size_frame,98,0.004243382506452694,0.0051759543145316,0.0,0.42857142857142855,0.5714285714285714,0.0,0.00093614126537513,0.0,0.0,Joel Embiid | Jalen Duren | DeMarcus Cousins | Anthony Davis | Karl-Anthony Towns
PIE top30,positive,2,shooting + production_stats,318,0.004232856581298064,0.00403780350019535,0.0,0.4308176100628931,0.5691823899371069,0.0,0.001184850937999974,0.0,0.0,Joel Embiid | Luka Dončić | Bam Adebayo | Montrezl Harrell | Isaiah Hartenstein
PIE top15,positive,3,feel_iq_passing + creation_handle + finishing_touch,65,0.004226527670581403,0.00250796329178,0.0,0.4461538461538462,0.5538461538461539,0.0,0.0009192864295038384,0.0,0.0,Joel Embiid | Kawhi Leonard | DeMarcus Cousins | Andre Drummond | Karl-Anthony Towns
PIE top15,positive,2,finishing_touch + size_frame,101,0.00422586712474807,0.0052658836875371,0.0,0.42574257425742573,0.5742574257425742,0.0,0.0009186258836705054,0.0,0.0,Joel Embiid | Jalen Duren | DeMarcus Cousins | Anthony Davis | Andre Drummond
PIE top15,positive,3,finishing_touch + athleticism_tools + size_frame,101,0.00422586712474807,0.0052658836875371,0.0,0.42574257425742573,0.5742574257425742,0.0,0.0009186258836705054,0.0,0.0,Joel Embiid | Jalen Duren | DeMarcus Cousins | Anthony Davis | Andre Drummond
PIE top15,positive,2,feel_iq_passing + defense,139,0.004215672688962846,0.0039059883475023,0.0,0.4316546762589928,0.5683453237410072,0.0,0.0009084314478852817,0.0,0.0,Joel Embiid | Luka Dončić | Kawhi Leonard | Alperen Sengun | Tyrese Haliburton
PIE top15,positive,2,feel_iq_passing + athleticism_tools,157,0.004210241244277124,0.0039120255229277,0.0,0.4140127388535032,0.5859872611464968,0.0,0.0009030000031995593,0.0,0.0,Joel Embiid | Luka Dončić | Kawhi Leonard | Alperen Sengun | Tyrese Haliburton
PIE top15,positive,3,defense + size_frame + production_stats,124,0.00420721539205666,0.00463767652994935,0.0,0.4274193548387097,0.5725806451612904,0.0,0.0008999741509790955,0.0,0.0,Joel Embiid | Luka Dončić | Jalen Duren | Tyrese Haliburton | Trae Young
PIE available minutes weighted,positive,3,shooting + defense + intel_consensus,22,0.004201532730498978,0.0032279528303022498,0.0,0.3181818181818182,0.6818181818181818,0.0,-0.0005178739484411237,0.0,0.0,Donovan Mitchell | Isaiah Roby | Dennis Schröder | Kyle Anderson | Jonas Valančiūnas
PIE top15,positive,2,motor_competitiveness + production_stats,143,0.004198675223076144,0.0047196630959634,0.0,0.4125874125874126,0.5874125874125874,0.0,0.0008914339819985797,0.0,0.0,Joel Embiid | Luka Dončić | Trae Young | John Collins | DeMarcus Cousins
PIE available minutes weighted,positive,2,feel_iq_passing + shooting,451,0.0041700224450698835,0.0056932488268514,0.0,0.4057649667405765,0.5942350332594235,0.0,-0.0005493842338702183,0.0,0.0,Nikola Jokić | Charles Bassey | Joel Embiid | Luka Dončić | Montrezl Harrell
PIE top15,positive,2,shooting + finishing_touch,116,0.004163364149476991,0.004454495607168,0.0,0.4482758620689655,0.5517241379310345,0.0,0.0008561229083994264,0.0,0.0,Joel Embiid | Jalen Duren | Kawhi Leonard | Alperen Sengun | John Collins
PIE top15,positive,3,shooting + finishing_touch + athleticism_tools,116,0.004163364149476991,0.004454495607168,0.0,0.4482758620689655,0.5517241379310345,0.0,0.0008561229083994264,0.0,0.0,Joel Embiid | Jalen Duren | Kawhi Leonard | Alperen Sengun | John Collins
PIE top30,positive,3,creation_handle + size_frame + production_stats,141,0.00415806915079146,0.0050860249415261,0.0,0.40425531914893614,0.5957446808510638,0.0,0.0011100635074933708,0.0,0.0,Joel Embiid | Luka Dončić | Montrezl Harrell | Isaiah Hartenstein | Bol Bol
PIE top15,positive,3,motor_competitiveness + size_frame + production_stats,116,0.004140599835337515,0.0054405812156087,0.0,0.39655172413793105,0.603448275862069,0.0,0.0008333585942599509,0.0,0.0,Joel Embiid | Luka Dončić | Trae Young | DeMarcus Cousins | Anthony Davis
PIE top30,positive,3,shooting + upside_tools + defense,170,0.004134253139573979,0.0021904498106462998,0.0,0.47058823529411764,0.5294117647058824,0.0,0.0010862474962758896,0.0,0.0,Joel Embiid | Rudy Gobert | Bam Adebayo | Montrezl Harrell | Isaiah Hartenstein
PIE top15,positive,3,shooting + finishing_touch + motor_competitiveness,101,0.004123475743880837,0.0047196630959634,0.0,0.43564356435643564,0.5643564356435643,0.0,0.0008162345028032724,0.0,0.0,Joel Embiid | Kawhi Leonard | John Collins | DeMarcus Cousins | Anthony Davis
PIE top15,positive,3,finishing_touch + motor_competitiveness + production_stats,94,0.004112046727848833,0.0054405812156087,0.0,0.40425531914893614,0.5957446808510638,0.0,0.0008048054867712683,0.0,0.0,Joel Embiid | John Collins | DeMarcus Cousins | Anthony Davis | Karl-Anthony Towns
PIE available minutes weighted,positive,2,defense + intel_consensus,25,0.004092561552937204,0.0029768770570696,0.0,0.32,0.68,0.0,-0.0006268451260028982,0.0,0.0,Donovan Mitchell | Isaiah Roby | Dennis Schröder | Kyle Anderson | Jonas Valančiūnas
PIE available minutes weighted,positive,3,athleticism_tools + defense + intel_consensus,25,0.004092561552937204,0.0029768770570696,0.0,0.32,0.68,0.0,-0.0006268451260028982,0.0,0.0,Donovan Mitchell | Isaiah Roby | Dennis Schröder | Kyle Anderson | Jonas Valančiūnas
PIE top15,positive,3,finishing_touch + motor_competitiveness + size_frame,89,0.0040838330307801304,0.0052658836875371,0.0,0.4157303370786517,0.5842696629213483,0.0,0.000776591789702566,0.0,0.0,Joel Embiid | DeMarcus Cousins | Anthony Davis | Andre Drummond | Karl-Anthony Towns
PIE top30,positive,3,feel_iq_passing + shooting + intel_consensus,19,0.004056602551153038,0.0029768770570696,0.0,0.3157894736842105,0.6842105263157895,0.0,0.001008596907854948,0.0,0.0,Jusuf Nurkić | Dennis Schröder | Kyle Anderson | Jonas Valančiūnas | CJ McCollum
PIE available minutes weighted,positive,3,feel_iq_passing + athleticism_tools + size_frame,337,0.004056164081539475,0.0063337681550362,0.0,0.39762611275964393,0.6023738872403561,0.0,-0.0006632425974006269,0.0,0.0,Charles Bassey | Joel Embiid | Luka Dončić | Mark Williams | Montrezl Harrell
PIE available minutes weighted,positive,2,feel_iq_passing + size_frame,338,0.004050724868171962,0.00626089656946635,0.0,0.39644970414201186,0.6035502958579881,0.0,-0.0006686818107681401,0.0,0.0,Charles Bassey | Joel Embiid | Luka Dončić | Mark Williams | Montrezl Harrell
PIE available minutes weighted,positive,2,motor_competitiveness + size_frame,313,0.004024175692832728,0.0053573282937581,0.0,0.4057507987220447,0.5942492012779552,0.0,-0.0006952309861073735,0.0,0.0,Charles Bassey | Joel Embiid | Luka Dončić | Rudy Gobert | Mark Williams
PIE available minutes weighted,positive,3,athleticism_tools + motor_competitiveness + size_frame,311,0.004008266202873719,0.0053573282937581,0.0,0.40836012861736337,0.5916398713826366,0.0,-0.0007111404760663832,0.0,0.0,Charles Bassey | Joel Embiid | Luka Dončić | Rudy Gobert | Mark Williams
PIE available minutes weighted,positive,3,creation_handle + upside_tools + motor_competitiveness,98,0.003999439868841118,0.0017729816467906,0.0,0.45918367346938777,0.5408163265306123,0.0,-0.0007199668100989843,0.0,0.0,Charles Bassey | Joel Embiid | Montrezl Harrell | Isaiah Hartenstein | Bol Bol
PIE top30,positive,2,feel_iq_passing + intel_consensus,20,0.003970381537638571,0.00265452966896665,0.0,0.3,0.7,0.0,0.0009223758943404815,0.0,0.0,Jusuf Nurkić | Dennis Schröder | Kyle Anderson | Jonas Valančiūnas | CJ McCollum
PIE top30,positive,3,feel_iq_passing + athleticism_tools + intel_consensus,20,0.003970381537638571,0.00265452966896665,0.0,0.3,0.7,0.0,0.0009223758943404815,0.0,0.0,Jusuf Nurkić | Dennis Schröder | Kyle Anderson | Jonas Valančiūnas | CJ McCollum
PIE top15,positive,3,feel_iq_passing + motor_competitiveness + size_frame,106,0.0039680015744132215,0.00499277339175025,0.0,0.4056603773584906,0.5943396226415094,0.0,0.0006607603333356571,0.0,0.0,Joel Embiid | Luka Dončić | Trae Young | DeMarcus Cousins | Anthony Davis
PIE top15,positive,2,creation_handle + motor_competitiveness,94,0.003967192360283831,0.00320999440735385,0.0,0.43617021276595747,0.5638297872340425,0.0,0.0006599511192062666,0.0,0.0,Joel Embiid | Luka Dončić | Kawhi Leonard | Trae Young | DeMarcus Cousins
PIE top15,positive,3,creation_handle + athleticism_tools + motor_competitiveness,94,0.003967192360283831,0.00320999440735385,0.0,0.43617021276595747,0.5638297872340425,0.0,0.0006599511192062666,0.0,0.0,Joel Embiid | Luka Dončić | Kawhi Leonard | Trae Young | DeMarcus Cousins
PIE available minutes weighted,positive,3,feel_iq_passing + defense + other,10,0.00393305724732559,0.008006660512133449,0.0,0.4,0.6,0.0,-0.0007863494316145119,0.0,0.0,Mike Scott | Will Barton | Bruno Fernando | Skal Labissiere | Elfrid Payton
PIE available minutes weighted,positive,2,athleticism_tools + size_frame,425,0.003928581522478025,0.005114453939149,0.0,0.4258823529411765,0.5741176470588235,0.0,-0.000790825156462077,0.0,0.0,Hassan Whiteside | Charles Bassey | Joel Embiid | Luka Dončić | Rudy Gobert
PIE available minutes weighted,positive,3,defense + motor_competitiveness + size_frame,270,0.003926545384295477,0.005213414333248401,0.0,0.4111111111111111,0.5888888888888889,0.0,-0.0007928612946446244,0.0,0.0,Charles Bassey | Joel Embiid | Luka Dončić | Rudy Gobert | Mark Williams
PIE top30,positive,3,creation_handle + upside_tools + defense,89,0.003906795521642818,0.0008454170941929,0.0,0.4943820224719101,0.5056179775280899,0.0,0.0008587898783447281,0.0,0.0,Joel Embiid | Montrezl Harrell | Isaiah Hartenstein | Bol Bol | Jordan Clarkson
PIE top30,positive,3,feel_iq_passing + shooting + creation_handle,174,0.0038982562231413046,0.0035963568213682002,0.0,0.4367816091954023,0.5632183908045977,0.0,0.000850250579843215,0.0,0.0,Joel Embiid | Luka Dončić | Montrezl Harrell | Isaiah Hartenstein | Bol Bol
PIE top30,positive,3,feel_iq_passing + athleticism_tools + motor_competitiveness,252,0.0038851761100501337,0.0045343645691705,0.0,0.4166666666666667,0.5833333333333334,0.0,0.0008371704667520441,0.0,0.0,Joel Embiid | Luka Dončić | Mark Williams | Montrezl Harrell | Isaiah Hartenstein
PIE top30,positive,3,defense + production_stats + intel_consensus,19,0.0038669659597827567,0.0023321822808637,0.0,0.3157894736842105,0.6842105263157895,0.0,0.0008189603164846671,0.0,0.0,Donovan Mitchell | Dennis Schröder | Kyle Anderson | Jonas Valančiūnas | CJ McCollum
PIE top15,positive,3,defense + motor_competitiveness + production_stats,125,0.0038538478262636856,0.0039120255229277,0.0,0.432,0.568,0.0,0.0005466065851861212,0.0,0.0,Joel Embiid | Luka Dončić | Trae Young | John Collins | DeMarcus Cousins
PIE top30,positive,2,creation_handle + motor_competitiveness,159,0.0038432317872105887,0.00250796329178,0.0,0.44654088050314467,0.5534591194968553,0.0,0.0007952261439124991,0.0,0.0,Joel Embiid | Luka Dončić | Montrezl Harrell | Isaiah Hartenstein | Bol Bol
PIE top30,positive,3,creation_handle + athleticism_tools + motor_competitiveness,159,0.0038432317872105887,0.00250796329178,0.0,0.44654088050314467,0.5534591194968553,0.0,0.0007952261439124991,0.0,0.0,Joel Embiid | Luka Dončić | Montrezl Harrell | Isaiah Hartenstein | Bol Bol
PIE top15,positive,3,feel_iq_passing + shooting + athleticism_tools,150,0.003838122349398854,0.00388029117654425,0.0,0.4266666666666667,0.5733333333333334,0.0,0.0005308811083212894,0.0,0.0,Joel Embiid | Luka Dončić | Kawhi Leonard | Alperen Sengun | Tyrese Haliburton
PIE top30,positive,2,feel_iq_passing + motor_competitiveness,254,0.0038335166393582637,0.0042691970803750996,0.0,0.41732283464566927,0.5826771653543307,0.0,0.0007855109960601741,0.0,0.0,Joel Embiid | Luka Dončić | Mark Williams | Montrezl Harrell | Isaiah Hartenstein
PIE available minutes weighted,positive,3,feel_iq_passing + shooting + athleticism_tools,443,0.003814530802280558,0.0056152787436803,0.0,0.40857787810383744,0.5914221218961625,0.0,-0.0009048758766595439,0.0,0.0,Charles Bassey | Joel Embiid | Luka Dončić | Montrezl Harrell | Dwight Powell
PIE top15,positive,2,athleticism_tools + motor_competitiveness,160,0.00379410264551824,0.00391630662709665,0.0,0.43125,0.56875,0.0,0.0004868614044406757,0.0,0.0,Joel Embiid | Luka Dončić | Kawhi Leonard | Trae Young | John Collins
PIE top15,positive,3,feel_iq_passing + shooting + defense,132,0.003793098339576934,0.003454618790708,0.0,0.44696969696969696,0.553030303030303,0.0,0.0004858570984993694,0.0,0.0,Joel Embiid | Luka Dončić | Kawhi Leonard | Alperen Sengun | Tyrese Haliburton
PIE available minutes weighted,positive,3,shooting + defense + motor_competitiveness,336,0.0037760563267756142,0.004557705913962051,0.0,0.42857142857142855,0.5714285714285714,0.0,-0.0009433503521644876,0.0,0.0,Charles Bassey | Joel Embiid | Luka Dončić | Paul Reed | Rudy Gobert
PIE top15,positive,2,feel_iq_passing + shooting,151,0.003762579398085252,0.0038545940055862,0.0,0.4304635761589404,0.5695364238410596,0.0,0.0004553381570076877,0.0,0.0,Joel Embiid | Luka Dončić | Kawhi Leonard | Alperen Sengun | Tyrese Haliburton
xRAPM historical top30,positive,3,creation_handle + finishing_touch + defense,108,0.0037457889592957695,0.17777777777777753,0.3148148148148148,0.4537037037037037,0.5462962962962963,0.3425925925925926,-0.07668483883618978,-0.006080707573244859,0.011746821448314015,Kawhi Leonard | Joel Embiid | Jayson Tatum | Ricky Rubio | Nikola Mirotic
PIE available minutes weighted,positive,3,feel_iq_passing + defense + size_frame,292,0.0037401000812206874,0.00626089656946635,0.0,0.3972602739726027,0.6027397260273972,0.0,-0.0009793065977194144,0.0,0.0,Charles Bassey | Joel Embiid | Luka Dončić | Mark Williams | Montrezl Harrell
PIE top30,positive,3,shooting + creation_handle + production_stats,168,0.003729696841340046,0.00413054578265265,0.0,0.4166666666666667,0.5833333333333334,0.0,0.0006816911980419564,0.0,0.0,Joel Embiid | Luka Dončić | Montrezl Harrell | Isaiah Hartenstein | Bol Bol
PIE top30,positive,2,creation_handle + production_stats,171,0.0037197614739482234,0.0043490660423776,0.0,0.4152046783625731,0.5847953216374269,0.0,0.0006717558306501338,0.0,0.0,Joel Embiid | Luka Dončić | Montrezl Harrell | Isaiah Hartenstein | Bol Bol
PIE top15,positive,3,shooting + athleticism_tools + motor_competitiveness,152,0.003709046307745583,0.00391630662709665,0.0,0.4342105263157895,0.5657894736842105,0.0,0.00040180506666801863,0.0,0.0,Joel Embiid | Luka Dončić | Kawhi Leonard | Trae Young | John Collins
PIE available minutes weighted,positive,2,upside_tools + risk_uncertainty,16,0.003703055364670332,-0.00032038457004185004,0.0,0.5,0.5,0.0,-0.00101635131426977,0.0,0.0,Montrezl Harrell | Ja Morant | Solomon Alabi | Ante Zizic | Bruce Brown
PIE available minutes weighted,positive,3,athleticism_tools + upside_tools + risk_uncertainty,16,0.003703055364670332,-0.00032038457004185004,0.0,0.5,0.5,0.0,-0.00101635131426977,0.0,0.0,Montrezl Harrell | Ja Morant | Solomon Alabi | Ante Zizic | Bruce Brown
PIE top15,positive,2,feel_iq_passing + creation_handle,100,0.003697053085800729,0.0031276803149947,0.0,0.43,0.57,0.0,0.00038981184472316457,0.0,0.0,Joel Embiid | Luka Dončić | Kawhi Leonard | Tyrese Haliburton | Trae Young
PIE top15,positive,3,feel_iq_passing + creation_handle + athleticism_tools,100,0.003697053085800729,0.0031276803149947,0.0,0.43,0.57,0.0,0.00038981184472316457,0.0,0.0,Joel Embiid | Luka Dončić | Kawhi Leonard | Tyrese Haliburton | Trae Young
PIE available minutes weighted,positive,3,upside_tools + size_frame + risk_uncertainty,15,0.0036885532068973133,-0.0026701559792788,0.0,0.5333333333333333,0.4666666666666667,0.0,-0.0010308534720427885,0.0,0.0,Montrezl Harrell | Ja Morant | Solomon Alabi | Ante Zizic | Bruce Brown
PIE available minutes weighted,positive,3,defense + size_frame + other,11,0.0036842506151870996,0.0020293868391951,0.0,0.36363636363636365,0.6363636363636364,0.0,-0.0010351560637530022,0.0,0.0,Mike Scott | Will Barton | Bruno Fernando | Skal Labissiere | Elfrid Payton
PIE available minutes weighted,positive,3,defense + production_stats + other,11,0.0036842506151870996,0.0020293868391951,0.0,0.36363636363636365,0.6363636363636364,0.0,-0.0010351560637530022,0.0,0.0,Mike Scott | Will Barton | Bruno Fernando | Skal Labissiere | Elfrid Payton
PIE top15,positive,3,feel_iq_passing + creation_handle + size_frame,86,0.0036793198074802276,0.0036955270632313,0.0,0.43023255813953487,0.5697674418604651,0.0,0.00037207856640266313,0.0,0.0,Joel Embiid | Luka Dončić | Tyrese Haliburton | Trae Young | DeMarcus Cousins
PIE top15,positive,3,feel_iq_passing + creation_handle + production_stats,89,0.0036591481527942283,0.0034790286035349,0.0,0.4157303370786517,0.5842696629213483,0.0,0.0003519069117166639,0.0,0.0,Joel Embiid | Luka Dončić | Tyrese Haliburton | Trae Young | DeMarcus Cousins
PIE top30,positive,3,creation_handle + athleticism_tools + production_stats,170,0.003657598686782785,0.00413054578265265,0.0,0.4176470588235294,0.5823529411764706,0.0,0.0006095930434846953,0.0,0.0,Joel Embiid | Luka Dončić | Montrezl Harrell | Isaiah Hartenstein | Bol Bol
PIE top15,positive,2,shooting + motor_competitiveness,153,0.003635334480250808,0.0039120255229277,0.0,0.43790849673202614,0.5620915032679739,0.0,0.0003280932391732435,0.0,0.0,Joel Embiid | Luka Dončić | Kawhi Leonard | Trae Young | John Collins
PIE top15,positive,3,creation_handle + finishing_touch + upside_tools,44,0.0036342718245444116,0.00167669019298645,0.0,0.4772727272727273,0.5227272727272727,0.0,0.0003270305834668472,0.0,0.0,Joel Embiid | DeMarcus Cousins | Andre Drummond | Karl-Anthony Towns | Ja Morant
PIE top30,positive,3,creation_handle + defense + size_frame,139,0.003621611869223231,0.0037136850392015,0.0,0.43884892086330934,0.5611510791366906,0.0,0.0005736062259251414,0.0,0.0,Joel Embiid | Luka Dončić | Montrezl Harrell | Isaiah Hartenstein | Bol Bol
PIE available minutes weighted,positive,3,feel_iq_passing + motor_competitiveness + risk_uncertainty,16,0.003611756130019901,0.00297498728523035,0.0,0.4375,0.5625,0.0,-0.001107650548920201,0.0,0.0,Montrezl Harrell | Ja Morant | Solomon Alabi | Ante Zizic | Bruce Brown
PIE top15,positive,3,creation_handle + size_frame + production_stats,88,0.003606103650324979,0.00431584430944555,0.0,0.42045454545454547,0.5795454545454546,0.0,0.0002988624092474146,0.0,0.0,Joel Embiid | Luka Dončić | Tyrese Haliburton | Trae Young | DeMarcus Cousins
PIE top15,positive,2,athleticism_tools + defense,172,0.003604736771260804,0.00296908613483055,0.0,0.45930232558139533,0.5406976744186046,0.0,0.0002974955301832394,0.0,0.0,Joel Embiid | Luka Dončić | Jalen Duren | Kawhi Leonard | Alperen Sengun
PIE top15,positive,3,feel_iq_passing + upside_tools + motor_competitiveness,75,0.003599605416981584,0.0039205877312656,0.0,0.4,0.6,0.0,0.00029236417590401947,0.0,0.0,Joel Embiid | DeMarcus Cousins | Anthony Davis | Andre Drummond | Karl-Anthony Towns
PIE top30,positive,3,shooting + creation_handle + motor_competitiveness,155,0.0035957675721749777,0.0020293868391951,0.0,0.45161290322580644,0.5483870967741935,0.0,0.0005477619288768881,0.0,0.0,Joel Embiid | Luka Dončić | Montrezl Harrell | Isaiah Hartenstein | Bol Bol
PIE top30,positive,2,creation_handle + defense,170,0.003594295688080722,0.0033727068040508,0.0,0.45294117647058824,0.5470588235294118,0.0,0.0005462900447826325,0.0,0.0,Joel Embiid | Luka Dončić | Montrezl Harrell | Isaiah Hartenstein | Bol Bol
PIE top30,positive,3,creation_handle + athleticism_tools + defense,170,0.003594295688080722,0.0033727068040508,0.0,0.45294117647058824,0.5470588235294118,0.0,0.0005462900447826325,0.0,0.0,Joel Embiid | Luka Dončić | Montrezl Harrell | Isaiah Hartenstein | Bol Bol
xRAPM historical mature,positive,3,shooting + upside_tools + defense,207,0.0035938304758670373,-0.0661788617886176,0.3188405797101449,0.5217391304347826,0.4782608695652174,0.3333333333333333,-0.08391394874180927,-0.022544283413848676,0.009661835748792258,Rudy Gobert | Joel Embiid | Malcolm Brogdon | Nikola Mirotic | Aaron Wiggins
PIE top30,positive,2,athleticism_tools + intel_consensus,25,0.0034407733839085003,0.0023321822808637,0.0,0.32,0.68,0.0,0.0003927677406104107,0.0,0.0,Jusuf Nurkić | Donovan Mitchell | Dennis Schröder | Kyle Anderson | Jonas Valančiūnas
PIE top15,positive,2,feel_iq_passing + size_frame,123,0.0034389515602139408,0.0047196630959634,0.0,0.4146341463414634,0.5853658536585366,0.0,0.00013171031913637634,0.0,0.0,Joel Embiid | Luka Dončić | Tyrese Haliburton | Trae Young | DeMarcus Cousins
PIE top15,positive,3,feel_iq_passing + athleticism_tools + size_frame,123,0.0034389515602139408,0.0047196630959634,0.0,0.4146341463414634,0.5853658536585366,0.0,0.00013171031913637634,0.0,0.0,Joel Embiid | Luka Dončić | Tyrese Haliburton | Trae Young | DeMarcus Cousins
PIE top15,positive,3,athleticism_tools + defense + motor_competitiveness,141,0.0034363280188681134,0.00250796329178,0.0,0.45390070921985815,0.5460992907801419,0.0,0.00012908677779054903,0.0,0.0,Joel Embiid | Luka Dončić | Kawhi Leonard | Trae Young | John Collins
PIE top30,positive,2,motor_competitiveness + size_frame,240,0.0034287952585761007,0.0049028440187447505,0.0,0.42083333333333334,0.5791666666666667,0.0,0.00038078961527801113,0.0,0.0,Joel Embiid | Luka Dončić | Rudy Gobert | Mark Williams | Bam Adebayo
PIE top30,positive,3,feel_iq_passing + defense + motor_competitiveness,219,0.0034276319209460906,0.0041550192691251,0.0,0.4246575342465753,0.5753424657534246,0.0,0.00037962627764800104,0.0,0.0,Joel Embiid | Luka Dončić | Mark Williams | Montrezl Harrell | Isaiah Hartenstein
PIE top30,positive,3,athleticism_tools + motor_competitiveness + size_frame,238,0.0034030027701485157,0.0049028440187447505,0.0,0.42436974789915966,0.5756302521008403,0.0,0.0003549971268504261,0.0,0.0,Joel Embiid | Luka Dončić | Rudy Gobert | Mark Williams | Bam Adebayo
PIE top15,positive,3,shooting + creation_handle + motor_competitiveness,91,0.00339704963177273,0.0020293868391951,0.0,0.45054945054945056,0.5494505494505495,0.0,8.98083906951657e-05,0.0,0.0,Joel Embiid | Luka Dončić | Kawhi Leonard | Trae Young | DeMarcus Cousins
PIE top15,positive,3,shooting + motor_competitiveness + size_frame,122,0.0033865669477639773,0.0049028440187447505,0.0,0.4262295081967213,0.5737704918032787,0.0,7.932570668641283e-05,0.0,0.0,Joel Embiid | Luka Dončić | Trae Young | DeMarcus Cousins | Anthony Davis
PIE top30,positive,3,creation_handle + upside_tools + motor_competitiveness,82,0.003377389900244294,0.00102080069399755,0.0,0.4878048780487805,0.5121951219512195,0.0,0.0003293842569462046,0.0,0.0,Joel Embiid | Montrezl Harrell | Isaiah Hartenstein | Bol Bol | Jordan Clarkson
PIE top15,positive,3,feel_iq_passing + shooting + size_frame,118,0.0033718034738165975,0.004454495607168,0.0,0.423728813559322,0.576271186440678,0.0,6.456223273903312e-05,0.0,0.0,Joel Embiid | Luka Dončić | Tyrese Haliburton | Trae Young | DeMarcus Cousins
PIE top15,positive,2,defense + motor_competitiveness,142,0.0033588266715595004,0.00242007278632185,0.0,0.45774647887323944,0.5422535211267606,0.0,5.158543048193595e-05,0.0,0.0,Joel Embiid | Luka Dončić | Kawhi Leonard | Trae Young | John Collins
PIE available minutes weighted,positive,3,shooting + upside_tools + other,11,0.003354078633386946,0.0020293868391951,0.0,0.36363636363636365,0.6363636363636364,0.0,-0.0013653280455531557,0.0,0.0,Mike Scott | Will Barton | Skal Labissiere | Shabazz Muhammad | Zach LaVine
PIE available minutes weighted,positive,3,athleticism_tools + upside_tools + other,11,0.003354078633386946,0.0020293868391951,0.0,0.36363636363636365,0.6363636363636364,0.0,-0.0013653280455531557,0.0,0.0,Mike Scott | Will Barton | Skal Labissiere | Shabazz Muhammad | Zach LaVine
PIE top30,positive,2,creation_handle + upside_tools,104,0.003340309883124552,0.00036108461012765,0.0,0.5,0.5,0.0,0.00029230423982646225,0.0,0.0,Joel Embiid | Montrezl Harrell | Isaiah Hartenstein | Bol Bol | Jordan Clarkson
PIE top15,positive,2,motor_competitiveness + size_frame,129,0.0033391490641303733,0.0047196630959634,0.0,0.4263565891472868,0.5736434108527132,0.0,3.190782305280892e-05,0.0,0.0,Joel Embiid | Luka Dončić | Trae Young | DeMarcus Cousins | Anthony Davis
PIE top15,positive,3,athleticism_tools + motor_competitiveness + size_frame,129,0.0033391490641303733,0.0047196630959634,0.0,0.4263565891472868,0.5736434108527132,0.0,3.190782305280892e-05,0.0,0.0,Joel Embiid | Luka Dončić | Trae Young | DeMarcus Cousins | Anthony Davis
PIE top30,positive,3,feel_iq_passing + motor_competitiveness + size_frame,196,0.0033003646928984652,0.005213414333248401,0.0,0.3979591836734694,0.6020408163265306,0.0,0.00025235904960037563,0.0,0.0,Joel Embiid | Luka Dončić | Mark Williams | Montrezl Harrell | Isaiah Hartenstein
PIE top30,positive,3,creation_handle + upside_tools + production_stats,92,0.003282262569227846,0.00161278556649865,0.0,0.4782608695652174,0.5217391304347826,0.0,0.00023425692592975644,0.0,0.0,Joel Embiid | Montrezl Harrell | Isaiah Hartenstein | Bol Bol | Jordan Clarkson
PIE top15,positive,3,creation_handle + motor_competitiveness + production_stats,85,0.0032728324966108976,0.0039120255229277,0.0,0.4235294117647059,0.5764705882352941,0.0,-3.4408744466666794e-05,0.0,0.0,Joel Embiid | Luka Dončić | Trae Young | DeMarcus Cousins | Karl-Anthony Towns
PIE top30,positive,3,defense + motor_competitiveness + size_frame,208,0.0032628828318331557,0.0041721736937488495,0.0,0.4326923076923077,0.5673076923076923,0.0,0.00021487718853506607,0.0,0.0,Joel Embiid | Luka Dončić | Rudy Gobert | Mark Williams | Bam Adebayo
PIE top30,positive,2,athleticism_tools + motor_competitiveness,308,0.003258638343746813,0.0035719470085413003,0.0,0.44805194805194803,0.551948051948052,0.0,0.00021063270044872342,0.0,0.0,Joel Embiid | Luka Dončić | Rudy Gobert | Mark Williams | Bam Adebayo
PIE top15,positive,3,shooting + athleticism_tools + defense,162,0.003249506944538553,0.0023355764748762,0.0,0.4691358024691358,0.5308641975308642,0.0,-5.7734296539011486e-05,0.0,0.0,Joel Embiid | Luka Dončić | Jalen Duren | Kawhi Leonard | Alperen Sengun
PIE top15,positive,3,feel_iq_passing + defense + size_frame,113,0.0032434328442722473,0.0039120255229277,0.0,0.4336283185840708,0.5663716814159292,0.0,-6.380839680531717e-05,0.0,0.0,Joel Embiid | Luka Dončić | Tyrese Haliburton | Trae Young | DeMarcus Cousins
PIE available minutes weighted,positive,2,shooting + athleticism_tools,565,0.0032432819782548267,0.0039936903784493,0.0,0.4389380530973451,0.5610619469026549,0.0,-0.001476124700685275,0.0,0.0,Charles Bassey | Joel Bolomboy | Joel Embiid | Luka Dončić | Paul Reed
PIE top15,positive,3,shooting + defense + motor_competitiveness,134,0.003236358230267606,0.0023355764748762,0.0,0.4626865671641791,0.5373134328358209,0.0,-7.088301080995828e-05,0.0,0.0,Joel Embiid | Luka Dončić | Kawhi Leonard | Trae Young | John Collins
PIE top30,positive,3,creation_handle + athleticism_tools + upside_tools,103,0.003234027112163891,-0.0001232478739376,0.0,0.5048543689320388,0.49514563106796117,0.0,0.0001860214688658014,0.0,0.0,Joel Embiid | Montrezl Harrell | Isaiah Hartenstein | Bol Bol | Jordan Clarkson
PIE top15,positive,3,creation_handle + defense + size_frame,85,0.0032098232208884053,0.0020293868391951,0.0,0.4588235294117647,0.5411764705882353,0.0,-9.74180201891591e-05,0.0,0.0,Joel Embiid | Luka Dončić | Tyrese Haliburton | Trae Young | DeMarcus Cousins
PIE top30,positive,2,feel_iq_passing + athleticism_tools,327,0.0031963970902228194,0.0039205877312656,0.0,0.42813455657492355,0.5718654434250765,0.0,0.00014839144692472975,0.0,0.0,Joel Embiid | Luka Dončić | Mark Williams | Montrezl Harrell | Isaiah Hartenstein
PIE top15,positive,2,shooting + defense,163,0.003183136574946568,0.0021631896579724,0.0,0.4723926380368098,0.5276073619631901,0.0,-0.0001241046661309966,0.0,0.0,Joel Embiid | Luka Dončić | Jalen Duren | Kawhi Leonard | Alperen Sengun
PIE top30,positive,3,shooting + creation_handle + defense,165,0.003168614657021899,0.0029768770570696,0.0,0.46060606060606063,0.5393939393939394,0.0,0.00012060901372380924,0.0,0.0,Joel Embiid | Luka Dončić | Montrezl Harrell | Isaiah Hartenstein | Bol Bol
PIE top30,positive,3,athleticism_tools + defense + size_frame,264,0.0031624161161236926,0.0041721736937488495,0.0,0.4356060606060606,0.5643939393939394,0.0,0.00011441047282560301,0.0,0.0,Hassan Whiteside | Joel Embiid | Luka Dončić | Rudy Gobert | Mark Williams
PIE top15,positive,2,shooting + size_frame,148,0.0031589292690172664,0.004454495607168,0.0,0.4391891891891892,0.5608108108108109,0.0,-0.00014831197206029807,0.0,0.0,Joel Embiid | Luka Dončić | Jalen Duren | Tyrese Haliburton | Trae Young
PIE top15,positive,3,shooting + athleticism_tools + size_frame,148,0.0031589292690172664,0.004454495607168,0.0,0.4391891891891892,0.5608108108108109,0.0,-0.00014831197206029807,0.0,0.0,Joel Embiid | Luka Dončić | Jalen Duren | Tyrese Haliburton | Trae Young
PIE top30,positive,2,defense + size_frame,265,0.003158851187245189,0.0041550192691251,0.0,0.4339622641509434,0.5660377358490566,0.0,0.00011084554394709921,0.0,0.0,Hassan Whiteside | Joel Embiid | Luka Dončić | Rudy Gobert | Mark Williams
PIE top15,positive,3,upside_tools + motor_competitiveness + production_stats,82,0.0031565753159036557,0.00391630662709665,0.0,0.4268292682926829,0.573170731707317,0.0,-0.00015066592517390875,0.0,0.0,Joel Embiid | DeMarcus Cousins | Anthony Davis | Karl-Anthony Towns | DeJuan Blair
PIE top15,positive,3,feel_iq_passing + upside_tools + defense,75,0.003153517146361752,0.0034302089778811,0.0,0.44,0.56,0.0,-0.0001537240947158125,0.0,0.0,Joel Embiid | Tyrese Haliburton | DeMarcus Cousins | Anthony Davis | Andre Drummond
PIE top15,positive,3,creation_handle + finishing_touch + defense,66,0.0031494210261722813,0.0013044063786261,0.0,0.48484848484848486,0.5151515151515151,0.0,-0.00015782021490528316,0.0,0.0,Joel Embiid | Kawhi Leonard | DeMarcus Cousins | Andre Drummond | Karl-Anthony Towns
PIE top15,positive,2,shooting + athleticism_tools,188,0.0031478489380210826,0.003454618790708,0.0,0.4521276595744681,0.5478723404255319,0.0,-0.00015939230305648177,0.0,0.0,Joel Embiid | Luka Dončić | Jalen Duren | Kawhi Leonard | Alperen Sengun
xRAPM historical top30,positive,2,shooting + creation_handle,189,0.00314750518787007,0.0001639344262294,0.3544973544973545,0.4973544973544973,0.5026455026455027,0.3333333333333333,-0.07728312260761547,0.033601832109294794,0.002487562189054715,Kawhi Leonard | Stephen Curry | Joel Embiid | Jayson Tatum | Ricky Rubio
PIE top30,positive,3,athleticism_tools + defense + motor_competitiveness,263,0.0031453327777392565,0.0030301969847133,0.0,0.45627376425855515,0.5437262357414449,0.0,9.732713444116688e-05,0.0,0.0,Joel Embiid | Luka Dončić | Rudy Gobert | Mark Williams | Bam Adebayo
PIE top15,positive,3,shooting + defense + size_frame,133,0.0031375443863820005,0.0034790286035349,0.0,0.45864661654135336,0.5413533834586466,0.0,-0.00016969685469556389,0.0,0.0,Joel Embiid | Luka Dončić | Jalen Duren | Tyrese Haliburton | Trae Young
PIE top15,positive,2,athleticism_tools + size_frame,155,0.0031297457642591496,0.0041893281183726,0.0,0.43870967741935485,0.5612903225806452,0.0,-0.00017749547681841478,0.0,0.0,Joel Embiid | Luka Dončić | Jalen Duren | Tyrese Haliburton | Trae Young
PIE available minutes weighted,positive,3,feel_iq_passing + shooting + defense,373,0.003129566069001013,0.0054766916521881,0.0,0.4128686327077748,0.5871313672922251,0.0,-0.0015898406099390887,0.0,0.0,Charles Bassey | Joel Embiid | Luka Dončić | Montrezl Harrell | Dwight Powell
PIE top15,positive,3,feel_iq_passing + upside_tools + production_stats,77,0.0031068116612004695,0.0039120255229277,0.0,0.42857142857142855,0.5714285714285714,0.0,-0.00020042957987709492,0.0,0.0,Joel Embiid | Tyrese Haliburton | DeMarcus Cousins | Anthony Davis | Karl-Anthony Towns
PIE top30,positive,2,athleticism_tools + defense,344,0.0031067757863052583,0.003454618790708,0.0,0.45348837209302323,0.5465116279069767,0.0,5.8770143007168697e-05,0.0,0.0,Hassan Whiteside | Joel Embiid | Luka Dončić | Rudy Gobert | Mark Williams
PIE top15,positive,2,defense + size_frame,140,0.00310630332167442,0.0029056054421993,0.0,0.45714285714285713,0.5428571428571428,0.0,-0.00020093791940314432,0.0,0.0,Joel Embiid | Luka Dončić | Jalen Duren | Tyrese Haliburton | Trae Young
PIE top15,positive,3,athleticism_tools + defense + size_frame,140,0.00310630332167442,0.0029056054421993,0.0,0.45714285714285713,0.5428571428571428,0.0,-0.00020093791940314432,0.0,0.0,Joel Embiid | Luka Dončić | Jalen Duren | Tyrese Haliburton | Trae Young
PIE top15,positive,2,creation_handle + defense,95,0.0031016677761687,0.0020293868391951,0.0,0.4631578947368421,0.5368421052631579,0.0,-0.00020557346490886457,0.0,0.0,Joel Embiid | Luka Dončić | Kawhi Leonard | Tyrese Haliburton | Trae Young
PIE top15,positive,3,creation_handle + athleticism_tools + defense,95,0.0031016677761687,0.0020293868391951,0.0,0.4631578947368421,0.5368421052631579,0.0,-0.00020557346490886457,0.0,0.0,Joel Embiid | Luka Dončić | Kawhi Leonard | Tyrese Haliburton | Trae Young
PIE top30,positive,2,defense + motor_competitiveness,265,0.00310140138569732,0.0029768770570696,0.0,0.45660377358490567,0.5433962264150943,0.0,5.339574239923055e-05,0.0,0.0,Joel Embiid | Luka Dončić | Rudy Gobert | Mark Williams | Bam Adebayo
PIE available minutes weighted,positive,2,shooting + defense,465,0.0030933718070329363,0.0041893281183726,0.0,0.4344086021505376,0.5655913978494623,0.0,-0.0016260348719071656,0.0,0.0,Charles Bassey | Joel Embiid | Luka Dončić | Paul Reed | Rudy Gobert
xRAPM historical top30,positive,2,finishing_touch + size_frame,183,0.0030888183279771057,-0.0033730158730158,0.32786885245901637,0.5027322404371585,0.4972677595628415,0.3224043715846995,-0.07734180946750843,0.006973330070956685,-0.008441399559579121,Franz Wagner | Rudy Gobert | Desmond Bane | Joel Embiid | Jayson Tatum
xRAPM historical top30,positive,3,finishing_touch + athleticism_tools + size_frame,183,0.0030888183279771057,-0.0033730158730158,0.32786885245901637,0.5027322404371585,0.4972677595628415,0.3224043715846995,-0.07734180946750843,0.006973330070956685,-0.008441399559579121,Franz Wagner | Rudy Gobert | Desmond Bane | Joel Embiid | Jayson Tatum
PIE available minutes weighted,positive,3,shooting + athleticism_tools + defense,462,0.003086058532703544,0.0042691970803750996,0.0,0.43506493506493504,0.564935064935065,0.0,-0.0016333481462365578,0.0,0.0,Charles Bassey | Joel Embiid | Luka Dončić | Paul Reed | Rudy Gobert
PIE top30,positive,2,defense + intel_consensus,21,0.0030628216669765142,0.0023321822808637,0.0,0.3333333333333333,0.6666666666666666,0.0,1.4816023678424634e-05,0.0,0.0,Donovan Mitchell | Dennis Schröder | Kyle Anderson | Jonas Valančiūnas | CJ McCollum
PIE top30,positive,3,athleticism_tools + defense + intel_consensus,21,0.0030628216669765142,0.0023321822808637,0.0,0.3333333333333333,0.6666666666666666,0.0,1.4816023678424634e-05,0.0,0.0,Donovan Mitchell | Dennis Schröder | Kyle Anderson | Jonas Valančiūnas | CJ McCollum
PIE top15,positive,3,defense + motor_competitiveness + size_frame,116,0.003059749745810937,0.0031221039018957,0.0,0.4482758620689655,0.5517241379310345,0.0,-0.0002474914952666275,0.0,0.0,Joel Embiid | Luka Dončić | Trae Young | DeMarcus Cousins | Anthony Davis
PIE top15,positive,3,creation_handle + finishing_touch + size_frame,65,0.00304806460022404,0.0017633956630593,0.0,0.46153846153846156,0.5384615384615384,0.0,-0.0002591766408535246,0.0,0.0,Joel Embiid | DeMarcus Cousins | Andre Drummond | Karl-Anthony Towns | Ja Morant
PIE available minutes weighted,positive,3,shooting + motor_competitiveness + size_frame,288,0.0030452564973855335,0.00514281767889775,0.0,0.4131944444444444,0.5868055555555556,0.0,-0.0016741501815545684,0.0,0.0,Charles Bassey | Joel Embiid | Luka Dončić | Rudy Gobert | Bam Adebayo
PIE top30,positive,2,shooting + intel_consensus,23,0.0030392690138525166,0.0021631896579724,0.0,0.34782608695652173,0.6521739130434783,0.0,-8.736629445572994e-06,0.0,0.0,Jusuf Nurkić | Donovan Mitchell | Dennis Schröder | Kyle Anderson | Jonas Valančiūnas
PIE top30,positive,3,shooting + athleticism_tools + intel_consensus,23,0.0030392690138525166,0.0021631896579724,0.0,0.34782608695652173,0.6521739130434783,0.0,-8.736629445572994e-06,0.0,0.0,Jusuf Nurkić | Donovan Mitchell | Dennis Schröder | Kyle Anderson | Jonas Valančiūnas
PIE top30,positive,2,athleticism_tools + size_frame,313,0.0030363690558048587,0.0039120255229277,0.0,0.44089456869009586,0.5591054313099042,0.0,-1.1636587493230911e-05,0.0,0.0,Hassan Whiteside | Joel Embiid | Luka Dončić | Rudy Gobert | Mark Williams
PIE top30,positive,2,creation_handle + size_frame,161,0.0030211312475038332,0.0034790286035349,0.0,0.43478260869565216,0.5652173913043478,0.0,-2.6874395794256392e-05,0.0,0.0,Joel Embiid | Luka Dončić | Montrezl Harrell | Isaiah Hartenstein | Bol Bol
PIE top30,positive,3,creation_handle + athleticism_tools + size_frame,161,0.0030211312475038332,0.0034790286035349,0.0,0.43478260869565216,0.5652173913043478,0.0,-2.6874395794256392e-05,0.0,0.0,Joel Embiid | Luka Dončić | Montrezl Harrell | Isaiah Hartenstein | Bol Bol
PIE top30,positive,2,shooting + upside_tools,198,0.0030167945532396925,0.0013182806406231,0.0,0.4898989898989899,0.51010101010101,0.0,-3.121109005839711e-05,0.0,0.0,Joel Embiid | Rudy Gobert | Bam Adebayo | Montrezl Harrell | Isaiah Hartenstein
PIE top15,positive,3,creation_handle + defense + production_stats,83,0.0029997553468438633,0.00250796329178,0.0,0.4457831325301205,0.5542168674698795,0.0,-0.0003074858942337011,0.0,0.0,Joel Embiid | Luka Dončić | Tyrese Haliburton | Trae Young | DeMarcus Cousins
PIE top30,positive,3,feel_iq_passing + athleticism_tools + defense,276,0.002975529934366814,0.0041721736937488495,0.0,0.427536231884058,0.572463768115942,0.0,-7.247570893127546e-05,0.0,0.0,Joel Embiid | Luka Dončić | Mark Williams | Montrezl Harrell | Isaiah Hartenstein
PIE top30,positive,3,feel_iq_passing + shooting + motor_competitiveness,242,0.0029752205175815937,0.00391630662709665,0.0,0.4297520661157025,0.5702479338842975,0.0,-7.278512571649593e-05,0.0,0.0,Joel Embiid | Luka Dončić | Montrezl Harrell | Isaiah Hartenstein | Bol Bol
PIE top30,positive,3,shooting + athleticism_tools + upside_tools,196,0.0029633682463574805,0.00102080069399755,0.0,0.49489795918367346,0.5051020408163265,0.0,-8.463739694060911e-05,0.0,0.0,Joel Embiid | Rudy Gobert | Bam Adebayo | Montrezl Harrell | Isaiah Hartenstein
PIE available minutes weighted,positive,3,feel_iq_passing + shooting + size_frame,316,0.0029359313585390623,0.0054863035187192,0.0,0.40822784810126583,0.5917721518987342,0.0,-0.0017834753204010395,0.0,0.0,Charles Bassey | Joel Embiid | Luka Dončić | Montrezl Harrell | Dwight Powell
PIE top30,positive,2,feel_iq_passing + defense,278,0.002934874491185633,0.00403780350019535,0.0,0.42805755395683454,0.5719424460431655,0.0,-0.00011313115211245657,0.0,0.0,Joel Embiid | Luka Dončić | Mark Williams | Montrezl Harrell | Isaiah Hartenstein
PIE top30,positive,3,feel_iq_passing + production_stats + intel_consensus,17,0.0029071799655767884,0.0023321822808637,0.0,0.29411764705882354,0.7058823529411765,0.0,-0.0001408256777213012,0.0,0.0,Dennis Schröder | Kyle Anderson | Jonas Valančiūnas | CJ McCollum | Dario Saric
PIE available minutes weighted,positive,3,feel_iq_passing + defense + intel_consensus,21,0.0028759160913394283,0.0029768770570696,0.0,0.3333333333333333,0.6666666666666666,0.0,-0.0018434905876006736,0.0,0.0,Isaiah Roby | Dennis Schröder | Kyle Anderson | Jonas Valančiūnas | CJ McCollum
PIE top15,positive,3,feel_iq_passing + shooting + creation_handle,96,0.00282751849082254,0.00226867506548755,0.0,0.4479166666666667,0.5520833333333334,0.0,-0.0004797227502550245,0.0,0.0,Joel Embiid | Luka Dončić | Kawhi Leonard | Tyrese Haliburton | Trae Young
PIE top30,positive,3,shooting + motor_competitiveness + size_frame,226,0.002806504544511693,0.0045343645691705,0.0,0.4247787610619469,0.5752212389380531,0.0,-0.00024150109878639647,0.0,0.0,Joel Embiid | Luka Dončić | Rudy Gobert | Bam Adebayo | Montrezl Harrell
PIE top30,positive,3,feel_iq_passing + size_frame + intel_consensus,18,0.0027867973504442107,0.00224768596941805,0.0,0.3333333333333333,0.6666666666666666,0.0,-0.0002612082928538789,0.0,0.0,Jusuf Nurkić | Dennis Schröder | Kyle Anderson | Jonas Valančiūnas | Dario Saric
PIE available minutes weighted,positive,2,size_frame + other,15,0.0027815455335793667,0.0020293868391951,0.0,0.4,0.6,0.0,-0.001937861145360735,0.0,0.0,Mike Scott | Will Barton | Bruno Fernando | Skal Labissiere | Elfrid Payton
PIE available minutes weighted,positive,2,production_stats + other,15,0.0027815455335793667,0.0020293868391951,0.0,0.4,0.6,0.0,-0.001937861145360735,0.0,0.0,Mike Scott | Will Barton | Bruno Fernando | Skal Labissiere | Elfrid Payton
PIE available minutes weighted,positive,3,shooting + size_frame + other,15,0.0027815455335793667,0.0020293868391951,0.0,0.4,0.6,0.0,-0.001937861145360735,0.0,0.0,Mike Scott | Will Barton | Bruno Fernando | Skal Labissiere | Elfrid Payton
PIE available minutes weighted,positive,3,shooting + production_stats + other,15,0.0027815455335793667,0.0020293868391951,0.0,0.4,0.6,0.0,-0.001937861145360735,0.0,0.0,Mike Scott | Will Barton | Bruno Fernando | Skal Labissiere | Elfrid Payton
PIE available minutes weighted,positive,3,athleticism_tools + size_frame + other,15,0.0027815455335793667,0.0020293868391951,0.0,0.4,0.6,0.0,-0.001937861145360735,0.0,0.0,Mike Scott | Will Barton | Bruno Fernando | Skal Labissiere | Elfrid Payton
PIE available minutes weighted,positive,3,athleticism_tools + production_stats + other,15,0.0027815455335793667,0.0020293868391951,0.0,0.4,0.6,0.0,-0.001937861145360735,0.0,0.0,Mike Scott | Will Barton | Bruno Fernando | Skal Labissiere | Elfrid Payton
PIE available minutes weighted,positive,3,size_frame + production_stats + other,15,0.0027815455335793667,0.0020293868391951,0.0,0.4,0.6,0.0,-0.001937861145360735,0.0,0.0,Mike Scott | Will Barton | Bruno Fernando | Skal Labissiere | Elfrid Payton
PIE top15,positive,2,feel_iq_passing + upside_tools,85,0.002778745273261244,0.0038545940055862,0.0,0.43529411764705883,0.5647058823529412,0.0,-0.0005284959678163205,0.0,0.0,Joel Embiid | Tyrese Haliburton | DeMarcus Cousins | Anthony Davis | Andre Drummond
PIE top15,positive,3,feel_iq_passing + athleticism_tools + upside_tools,85,0.002778745273261244,0.0038545940055862,0.0,0.43529411764705883,0.5647058823529412,0.0,-0.0005284959678163205,0.0,0.0,Joel Embiid | Tyrese Haliburton | DeMarcus Cousins | Anthony Davis | Andre Drummond
PIE top15,positive,3,creation_handle + finishing_touch + motor_competitiveness,70,0.0027697799346254903,0.0014262162484655,0.0,0.4714285714285714,0.5285714285714286,0.0,-0.0005374613064520741,0.0,0.0,Joel Embiid | Kawhi Leonard | DeMarcus Cousins | Andre Drummond | Karl-Anthony Towns
PIE top30,positive,3,shooting + creation_handle + size_frame,157,0.0027558742061704147,0.0032663850045667,0.0,0.4394904458598726,0.5605095541401274,0.0,-0.00029213143712767493,0.0,0.0,Joel Embiid | Luka Dončić | Montrezl Harrell | Isaiah Hartenstein | Bol Bol
PIE top15,positive,2,creation_handle + size_frame,96,0.0027169249530629804,0.0027542077213649997,0.0,0.4479166666666667,0.5520833333333334,0.0,-0.000590316288014584,0.0,0.0,Joel Embiid | Luka Dončić | Tyrese Haliburton | Trae Young | DeMarcus Cousins
PIE top15,positive,3,creation_handle + athleticism_tools + size_frame,96,0.0027169249530629804,0.0027542077213649997,0.0,0.4479166666666667,0.5520833333333334,0.0,-0.000590316288014584,0.0,0.0,Joel Embiid | Luka Dončić | Tyrese Haliburton | Trae Young | DeMarcus Cousins
PIE top30,positive,2,creation_handle + athleticism_tools,202,0.002705972537042088,0.00264214765911725,0.0,0.45544554455445546,0.5445544554455446,0.0,-0.00034203310625600166,0.0,0.0,Joel Embiid | Luka Dončić | Montrezl Harrell | Isaiah Hartenstein | Bol Bol
PIE available minutes weighted,positive,3,feel_iq_passing + size_frame + intel_consensus,21,0.0027055767336021325,0.0023321822808637,0.0,0.3333333333333333,0.6666666666666666,0.0,-0.0020138299453379693,0.0,0.0,Jusuf Nurkić | Dennis Schröder | Kyle Anderson | Jonas Valančiūnas | Dario Saric
PIE top30,positive,2,motor_competitiveness + other,13,0.0026865286165437987,0.0020293868391951,0.0,0.38461538461538464,0.6153846153846154,0.0,-0.00036147702675429086,0.0,0.0,Will Barton | Bruno Fernando | Skal Labissiere | Elfrid Payton | Shabazz Muhammad
PIE top30,positive,3,shooting + motor_competitiveness + other,13,0.0026865286165437987,0.0020293868391951,0.0,0.38461538461538464,0.6153846153846154,0.0,-0.00036147702675429086,0.0,0.0,Will Barton | Bruno Fernando | Skal Labissiere | Elfrid Payton | Shabazz Muhammad
PIE top30,positive,3,athleticism_tools + motor_competitiveness + other,13,0.0026865286165437987,0.0020293868391951,0.0,0.38461538461538464,0.6153846153846154,0.0,-0.00036147702675429086,0.0,0.0,Will Barton | Bruno Fernando | Skal Labissiere | Elfrid Payton | Shabazz Muhammad
PIE top30,positive,3,motor_competitiveness + size_frame + other,13,0.0026865286165437987,0.0020293868391951,0.0,0.38461538461538464,0.6153846153846154,0.0,-0.00036147702675429086,0.0,0.0,Will Barton | Bruno Fernando | Skal Labissiere | Elfrid Payton | Shabazz Muhammad
PIE top30,positive,3,motor_competitiveness + production_stats + other,13,0.0026865286165437987,0.0020293868391951,0.0,0.38461538461538464,0.6153846153846154,0.0,-0.00036147702675429086,0.0,0.0,Will Barton | Bruno Fernando | Skal Labissiere | Elfrid Payton | Shabazz Muhammad
PIE top30,positive,3,feel_iq_passing + athleticism_tools + size_frame,248,0.002628257618663277,0.0049221767373996,0.0,0.4153225806451613,0.5846774193548387,0.0,-0.0004197480246348126,0.0,0.0,Joel Embiid | Luka Dončić | Mark Williams | Montrezl Harrell | Isaiah Hartenstein
PIE top30,positive,2,feel_iq_passing + size_frame,249,0.002626608832898847,0.0047196630959634,0.0,0.41365461847389556,0.5863453815261044,0.0,-0.0004213968103992426,0.0,0.0,Joel Embiid | Luka Dončić | Mark Williams | Montrezl Harrell | Isaiah Hartenstein
PIE top15,positive,2,upside_tools + production_stats,94,0.00256229512696557,0.00296908613483055,0.0,0.4574468085106383,0.5425531914893617,0.0,-0.0007449461141119944,0.0,0.0,Joel Embiid | Tyrese Haliburton | DeMarcus Cousins | Anthony Davis | Karl-Anthony Towns
PIE top15,positive,3,athleticism_tools + upside_tools + production_stats,94,0.00256229512696557,0.00296908613483055,0.0,0.4574468085106383,0.5425531914893617,0.0,-0.0007449461141119944,0.0,0.0,Joel Embiid | Tyrese Haliburton | DeMarcus Cousins | Anthony Davis | Karl-Anthony Towns
PIE top30,positive,2,production_stats + intel_consensus,22,0.0025469892390793864,0.00224768596941805,0.0,0.3181818181818182,0.6818181818181818,0.0,-0.0005010164042187032,0.0,0.0,Donovan Mitchell | Dennis Schröder | Kyle Anderson | Jonas Valančiūnas | CJ McCollum
PIE top30,positive,3,athleticism_tools + production_stats + intel_consensus,22,0.0025469892390793864,0.00224768596941805,0.0,0.3181818181818182,0.6818181818181818,0.0,-0.0005010164042187032,0.0,0.0,Donovan Mitchell | Dennis Schröder | Kyle Anderson | Jonas Valančiūnas | CJ McCollum
PIE top30,positive,3,shooting + creation_handle + upside_tools,101,0.002543055111207537,-0.0004478179262712,0.0,0.5148514851485149,0.48514851485148514,0.0,-0.0005049505320905527,0.0,0.0,Joel Embiid | Montrezl Harrell | Isaiah Hartenstein | Bol Bol | Jordan Clarkson
PIE top30,positive,3,shooting + defense + intel_consensus,19,0.002537005669863273,0.0021631896579724,0.0,0.3684210526315789,0.631578947368421,0.0,-0.0005109999734348165,0.0,0.0,Donovan Mitchell | Dennis Schröder | Kyle Anderson | Jonas Valančiūnas | CJ McCollum
PIE available minutes weighted,positive,3,shooting + defense + size_frame,328,0.0024754451154386055,0.0042691970803750996,0.0,0.4298780487804878,0.5701219512195121,0.0,-0.0022439615635014964,0.0,0.0,Charles Bassey | Joel Embiid | Luka Dončić | Rudy Gobert | Bam Adebayo
PIE top30,positive,2,size_frame + intel_consensus,23,0.002468437224040733,0.0021631896579724,0.0,0.34782608695652173,0.6521739130434783,0.0,-0.0005795684192573566,0.0,0.0,Jusuf Nurkić | Donovan Mitchell | Dennis Schröder | Kyle Anderson | Jonas Valančiūnas
PIE top30,positive,3,athleticism_tools + size_frame + intel_consensus,23,0.002468437224040733,0.0021631896579724,0.0,0.34782608695652173,0.6521739130434783,0.0,-0.0005795684192573566,0.0,0.0,Jusuf Nurkić | Donovan Mitchell | Dennis Schröder | Kyle Anderson | Jonas Valančiūnas
PIE top30,positive,3,shooting + athleticism_tools + motor_competitiveness,292,0.0024545255970944762,0.0030035370208914497,0.0,0.4554794520547945,0.5445205479452054,0.0,-0.0005934800462036134,0.0,0.0,Joel Embiid | Luka Dončić | Rudy Gobert | Bam Adebayo | Montrezl Harrell
PIE available minutes weighted,positive,2,size_frame + intel_consensus,26,0.002439569817330227,0.00224768596941805,0.0,0.34615384615384615,0.6538461538461539,0.0,-0.002279836861609875,0.0,0.0,Jusuf Nurkić | Donovan Mitchell | Dennis Schröder | Kyle Anderson | Jonas Valančiūnas
PIE available minutes weighted,positive,3,athleticism_tools + size_frame + intel_consensus,26,0.002439569817330227,0.00224768596941805,0.0,0.34615384615384615,0.6538461538461539,0.0,-0.002279836861609875,0.0,0.0,Jusuf Nurkić | Donovan Mitchell | Dennis Schröder | Kyle Anderson | Jonas Valančiūnas
PIE top30,positive,2,shooting + motor_competitiveness,294,0.00241962694223113,0.0027424201744248,0.0,0.4557823129251701,0.54421768707483,0.0,-0.0006283787010669594,0.0,0.0,Joel Embiid | Luka Dončić | Rudy Gobert | Bam Adebayo | Montrezl Harrell
PIE top15,positive,2,upside_tools + motor_competitiveness,91,0.0024031372855531823,0.0034302089778811,0.0,0.45054945054945056,0.5494505494505495,0.0,-0.0009041039555243821,0.0,0.0,Joel Embiid | DeMarcus Cousins | Anthony Davis | Andre Drummond | Karl-Anthony Towns
PIE top15,positive,3,athleticism_tools + upside_tools + motor_competitiveness,91,0.0024031372855531823,0.0034302089778811,0.0,0.45054945054945056,0.5494505494505495,0.0,-0.0009041039555243821,0.0,0.0,Joel Embiid | DeMarcus Cousins | Anthony Davis | Andre Drummond | Karl-Anthony Towns
PIE top15,positive,2,creation_handle + production_stats,100,0.0023823864024137475,0.00264214765911725,0.0,0.44,0.56,0.0,-0.0009248548386638169,0.0,0.0,Joel Embiid | Luka Dončić | Tyrese Haliburton | Trae Young | DeMarcus Cousins
PIE top15,positive,3,creation_handle + athleticism_tools + production_stats,100,0.0023823864024137475,0.00264214765911725,0.0,0.44,0.56,0.0,-0.0009248548386638169,0.0,0.0,Joel Embiid | Luka Dončić | Tyrese Haliburton | Trae Young | DeMarcus Cousins
PIE available minutes weighted,positive,3,shooting + athleticism_tools + size_frame,390,0.0023604442313796777,0.0039528579506885,0.0,0.441025641025641,0.558974358974359,0.0,-0.002358962447560424,0.0,0.0,Charles Bassey | Joel Embiid | Luka Dončić | Rudy Gobert | Bam Adebayo
PIE available minutes weighted,positive,2,shooting + size_frame,391,0.002360079182100753,0.0039120255229277,0.0,0.4398976982097187,0.5601023017902813,0.0,-0.0023593274968393488,0.0,0.0,Charles Bassey | Joel Embiid | Luka Dončić | Rudy Gobert | Bam Adebayo
PIE top30,positive,3,feel_iq_passing + creation_handle + intel_consensus,12,0.002358219766840992,0.00203295694547065,0.0,0.3333333333333333,0.6666666666666666,0.0,-0.0006897858764570975,0.0,0.0,Dennis Schröder | Kyle Anderson | CJ McCollum | Dario Saric | Rodney Hood
PIE top15,positive,3,shooting + upside_tools + production_stats,90,0.0023429737075247614,0.00296908613483055,0.0,0.45555555555555555,0.5444444444444444,0.0,-0.0009642675335528031,0.0,0.0,Joel Embiid | Tyrese Haliburton | DeMarcus Cousins | Anthony Davis | Karl-Anthony Towns
PIE available minutes weighted,positive,3,shooting + size_frame + intel_consensus,23,0.002328195499918838,0.0021631896579724,0.0,0.34782608695652173,0.6521739130434783,0.0,-0.002391211179021264,0.0,0.0,Jusuf Nurkić | Donovan Mitchell | Dennis Schröder | Kyle Anderson | Jonas Valančiūnas
PIE top30,positive,3,shooting + creation_handle + athleticism_tools,197,0.002326891390443617,0.0020293868391951,0.0,0.4619289340101523,0.5380710659898477,0.0,-0.0007211142528544727,0.0,0.0,Joel Embiid | Luka Dončić | Montrezl Harrell | Isaiah Hartenstein | Bol Bol
PIE available minutes weighted,positive,3,shooting + upside_tools + risk_uncertainty,15,0.002288896374166514,-0.0026701559792788,0.0,0.5333333333333333,0.4666666666666667,0.0,-0.0024305103047735878,0.0,0.0,Montrezl Harrell | Ja Morant | Solomon Alabi | Bruce Brown | Obi Toppin
PIE top30,positive,2,shooting + creation_handle,199,0.0022865652692781887,0.0020293868391951,0.0,0.4623115577889447,0.5376884422110553,0.0,-0.0007614403740199009,0.0,0.0,Joel Embiid | Luka Dončić | Montrezl Harrell | Isaiah Hartenstein | Bol Bol
PIE top30,positive,3,feel_iq_passing + shooting + athleticism_tools,313,0.0022612094786990133,0.0037136850392015,0.0,0.44089456869009586,0.5591054313099042,0.0,-0.0007867961645990763,0.0,0.0,Joel Embiid | Luka Dončić | Montrezl Harrell | Isaiah Hartenstein | Bol Bol
PIE top15,positive,3,upside_tools + size_frame + production_stats,80,0.0022456891807872336,0.00303760759045005,0.0,0.4625,0.5375,0.0,-0.0010615520602903308,0.0,0.0,Joel Embiid | Tyrese Haliburton | DeMarcus Cousins | Anthony Davis | Karl-Anthony Towns
PIE top15,positive,3,shooting + creation_handle + production_stats,98,0.0022315695167893523,0.00226867506548755,0.0,0.4489795918367347,0.5510204081632653,0.0,-0.0010756717242882121,0.0,0.0,Joel Embiid | Luka Dončić | Tyrese Haliburton | Trae Young | DeMarcus Cousins
PIE top15,positive,3,upside_tools + defense + production_stats,85,0.002221782238843381,0.0021631896579724,0.0,0.47058823529411764,0.5294117647058824,0.0,-0.0010854590022341833,0.0,0.0,Joel Embiid | Tyrese Haliburton | DeMarcus Cousins | Anthony Davis | Karl-Anthony Towns
PIE available minutes weighted,positive,2,feel_iq_passing + other,13,0.002204325234800438,0.0020293868391951,0.0,0.46153846153846156,0.5384615384615384,0.0,-0.002515081444139664,0.0,0.0,Mike Scott | Will Barton | Bruno Fernando | Skal Labissiere | Elfrid Payton
PIE available minutes weighted,positive,3,feel_iq_passing + shooting + other,13,0.002204325234800438,0.0020293868391951,0.0,0.46153846153846156,0.5384615384615384,0.0,-0.002515081444139664,0.0,0.0,Mike Scott | Will Barton | Bruno Fernando | Skal Labissiere | Elfrid Payton
PIE available minutes weighted,positive,3,feel_iq_passing + athleticism_tools + other,13,0.002204325234800438,0.0020293868391951,0.0,0.46153846153846156,0.5384615384615384,0.0,-0.002515081444139664,0.0,0.0,Mike Scott | Will Barton | Bruno Fernando | Skal Labissiere | Elfrid Payton
PIE available minutes weighted,positive,3,feel_iq_passing + size_frame + other,13,0.002204325234800438,0.0020293868391951,0.0,0.46153846153846156,0.5384615384615384,0.0,-0.002515081444139664,0.0,0.0,Mike Scott | Will Barton | Bruno Fernando | Skal Labissiere | Elfrid Payton
PIE available minutes weighted,positive,3,feel_iq_passing + production_stats + other,13,0.002204325234800438,0.0020293868391951,0.0,0.46153846153846156,0.5384615384615384,0.0,-0.002515081444139664,0.0,0.0,Mike Scott | Will Barton | Bruno Fernando | Skal Labissiere | Elfrid Payton
xRAPM historical top30,positive,3,athleticism_tools + upside_tools + defense,165,0.002187431091272766,-0.0289682539682538,0.296969696969697,0.509090909090909,0.4909090909090909,0.3333333333333333,-0.07824319670421277,-0.02392582541836269,0.002487562189054715,Rudy Gobert | Joel Embiid | Nikola Mirotic | Chase Budinger | Bam Adebayo
PIE top15,positive,2,creation_handle + athleticism_tools,113,0.00218162585801084,0.0020293868391951,0.0,0.46017699115044247,0.5398230088495575,0.0,-0.0011256153830667246,0.0,0.0,Joel Embiid | Luka Dončić | Kawhi Leonard | Tyrese Haliburton | Trae Young
PIE available minutes weighted,positive,2,defense + other,12,0.0021756175587397913,0.00161278556649865,0.0,0.4166666666666667,0.5833333333333334,0.0,-0.0025437891202003105,0.0,0.0,Mike Scott | Will Barton | Bruno Fernando | Skal Labissiere | Elfrid Payton
PIE available minutes weighted,positive,3,shooting + defense + other,12,0.0021756175587397913,0.00161278556649865,0.0,0.4166666666666667,0.5833333333333334,0.0,-0.0025437891202003105,0.0,0.0,Mike Scott | Will Barton | Bruno Fernando | Skal Labissiere | Elfrid Payton
PIE available minutes weighted,positive,3,athleticism_tools + defense + other,12,0.0021756175587397913,0.00161278556649865,0.0,0.4166666666666667,0.5833333333333334,0.0,-0.0025437891202003105,0.0,0.0,Mike Scott | Will Barton | Bruno Fernando | Skal Labissiere | Elfrid Payton
PIE top30,positive,2,feel_iq_passing + shooting,316,0.002166926781246996,0.003454618790708,0.0,0.4430379746835443,0.5569620253164557,0.0,-0.0008810788620510937,0.0,0.0,Joel Embiid | Luka Dončić | Montrezl Harrell | Isaiah Hartenstein | Bol Bol
PIE top15,positive,3,shooting + creation_handle + defense,91,0.0021581857722518414,0.0008454170941929,0.0,0.4835164835164835,0.5164835164835165,0.0,-0.001149055468825723,0.0,0.0,Joel Embiid | Luka Dončić | Kawhi Leonard | Tyrese Haliburton | Trae Young
xRAPM historical mature,positive,3,creation_handle + defense + intel_consensus,12,0.0021351055356431115,-0.05120370370370367,0.4166666666666667,0.5,0.5,0.4166666666666667,-0.08537267368203319,0.07528180354267311,0.09299516908212563,Kyle Anderson | CJ McCollum | Rodney Hood | Gary Harris | Jon Brockman
PIE top30,positive,3,feel_iq_passing + defense + size_frame,215,0.002134627455487713,0.0043490660423776,0.0,0.4186046511627907,0.5813953488372093,0.0,-0.0009133781878103765,0.0,0.0,Joel Embiid | Luka Dončić | Mark Williams | Montrezl Harrell | Isaiah Hartenstein
PIE top15,positive,3,shooting + creation_handle + size_frame,93,0.0021187121518138115,0.0017633956630593,0.0,0.46236559139784944,0.5376344086021505,0.0,-0.0011885290892637529,0.0,0.0,Joel Embiid | Luka Dončić | Tyrese Haliburton | Trae Young | DeMarcus Cousins
PIE top30,positive,3,shooting + defense + motor_competitiveness,250,0.0021124026835704405,0.0022242163663032,0.0,0.468,0.532,0.0,-0.0009356029597276491,0.0,0.0,Joel Embiid | Luka Dončić | Rudy Gobert | Bam Adebayo | Montrezl Harrell
PIE top15,positive,2,creation_handle + finishing_touch,76,0.0020734161220053657,0.0009672269640323,0.0,0.4868421052631579,0.5131578947368421,0.0,-0.0012338251190721987,0.0,0.0,Joel Embiid | Kawhi Leonard | DeMarcus Cousins | Andre Drummond | Karl-Anthony Towns
PIE top15,positive,3,creation_handle + finishing_touch + athleticism_tools,76,0.0020734161220053657,0.0009672269640323,0.0,0.4868421052631579,0.5131578947368421,0.0,-0.0012338251190721987,0.0,0.0,Joel Embiid | Kawhi Leonard | DeMarcus Cousins | Andre Drummond | Karl-Anthony Towns
PIE top15,positive,3,upside_tools + motor_competitiveness + size_frame,76,0.002071434666139162,0.00303760759045005,0.0,0.4605263157894737,0.5394736842105263,0.0,-0.0012358065749384023,0.0,0.0,Joel Embiid | DeMarcus Cousins | Anthony Davis | Andre Drummond | Karl-Anthony Towns
PIE top30,positive,3,feel_iq_passing + motor_competitiveness + risk_uncertainty,13,0.0020694058521226076,0.0020293868391951,0.0,0.46153846153846156,0.5384615384615384,0.0,-0.000978599791175482,0.0,0.0,Montrezl Harrell | Ja Morant | Ante Zizic | Obi Toppin | Klay Thompson
PIE top15,positive,3,upside_tools + defense + motor_competitiveness,81,0.0020102055227984835,0.0021631896579724,0.0,0.4691358024691358,0.5308641975308642,0.0,-0.001297035718279081,0.0,0.0,Joel Embiid | DeMarcus Cousins | Anthony Davis | Andre Drummond | Karl-Anthony Towns
PIE top30,positive,3,shooting + production_stats + intel_consensus,20,0.001995880799032095,0.0016796869758873,0.0,0.35,0.65,0.0,-0.0010521248442659946,0.0,0.0,Donovan Mitchell | Dennis Schröder | Kyle Anderson | Jonas Valančiūnas | CJ McCollum
PIE top30,positive,3,feel_iq_passing + motor_competitiveness + other,11,0.001987083369434963,0.0020293868391951,0.0,0.45454545454545453,0.5454545454545454,0.0,-0.0010609222738631268,0.0,0.0,Will Barton | Bruno Fernando | Skal Labissiere | Elfrid Payton | Shabazz Muhammad
PIE top30,positive,2,shooting + size_frame,296,0.0019463658285057027,0.0032561979567939502,0.0,0.44932432432432434,0.5506756756756757,0.0,-0.001101639814792387,0.0,0.0,Joel Embiid | Luka Dončić | Rudy Gobert | Bam Adebayo | Montrezl Harrell
PIE top30,positive,3,shooting + athleticism_tools + size_frame,295,0.0019454460178792126,0.0032663850045667,0.0,0.45084745762711864,0.5491525423728814,0.0,-0.001102559625418877,0.0,0.0,Joel Embiid | Luka Dončić | Rudy Gobert | Bam Adebayo | Montrezl Harrell
PIE top30,positive,3,shooting + size_frame + intel_consensus,21,0.00193609089875392,0.0011961842938022,0.0,0.38095238095238093,0.6190476190476191,0.0,-0.0011119147445441697,0.0,0.0,Jusuf Nurkić | Donovan Mitchell | Dennis Schröder | Kyle Anderson | Jonas Valančiūnas
PIE top30,positive,3,feel_iq_passing + shooting + size_frame,239,0.001925180247409609,0.0041893281183726,0.0,0.4225941422594142,0.5774058577405857,0.0,-0.0011228253958884807,0.0,0.0,Joel Embiid | Luka Dončić | Montrezl Harrell | Isaiah Hartenstein | Bol Bol
PIE available minutes weighted,positive,3,defense + size_frame + intel_consensus,22,0.0018967607117900088,0.00224768596941805,0.0,0.36363636363636365,0.6363636363636364,0.0,-0.002822645967150093,0.0,0.0,Donovan Mitchell | Dennis Schröder | Kyle Anderson | Jonas Valančiūnas | Harry Giles III
PIE top30,positive,3,feel_iq_passing + upside_tools + risk_uncertainty,11,0.001876320891790347,0.0020293868391951,0.0,0.45454545454545453,0.5454545454545454,0.0,-0.0011716847515077426,0.0,0.0,Montrezl Harrell | Ja Morant | Ante Zizic | Obi Toppin | Kyrie Irving
PIE top30,positive,3,upside_tools + defense + risk_uncertainty,11,0.001876320891790347,0.0020293868391951,0.0,0.45454545454545453,0.5454545454545454,0.0,-0.0011716847515077426,0.0,0.0,Montrezl Harrell | Ja Morant | Ante Zizic | Obi Toppin | Kyrie Irving
PIE top15,positive,3,feel_iq_passing + upside_tools + size_frame,71,0.0018722517489981449,0.0039120255229277,0.0,0.4507042253521127,0.5492957746478874,0.0,-0.0014349894920794195,0.0,0.0,Joel Embiid | Tyrese Haliburton | DeMarcus Cousins | Anthony Davis | Andre Drummond
PIE top15,positive,2,upside_tools + defense,95,0.0018655004885203231,0.0008454170941929,0.0,0.49473684210526314,0.5052631578947369,0.0,-0.0014417407525572413,0.0,0.0,Joel Embiid | Tyrese Haliburton | DeMarcus Cousins | Anthony Davis | Andre Drummond
PIE top15,positive,3,athleticism_tools + upside_tools + defense,95,0.0018655004885203231,0.0008454170941929,0.0,0.49473684210526314,0.5052631578947369,0.0,-0.0014417407525572413,0.0,0.0,Joel Embiid | Tyrese Haliburton | DeMarcus Cousins | Anthony Davis | Andre Drummond
PIE top30,positive,3,shooting + defense + size_frame,249,0.001846977458491082,0.0034790286035349,0.0,0.4457831325301205,0.5542168674698795,0.0,-0.0012010281848070076,0.0,0.0,Joel Embiid | Luka Dončić | Rudy Gobert | Bam Adebayo | Montrezl Harrell
PIE top30,positive,3,defense + size_frame + intel_consensus,19,0.0018459987664069043,0.0021631896579724,0.0,0.3684210526315789,0.631578947368421,0.0,-0.0012020068768911854,0.0,0.0,Donovan Mitchell | Dennis Schröder | Kyle Anderson | Jonas Valančiūnas | Harry Giles III
PIE top30,positive,2,shooting + athleticism_tools,392,0.00183082700446299,0.00209628824858375,0.0,0.4719387755102041,0.5280612244897959,0.0,-0.0012171786388350996,0.0,0.0,Joel Embiid | Luka Dončić | Rudy Gobert | Bam Adebayo | Montrezl Harrell
PIE top30,positive,3,feel_iq_passing + shooting + defense,265,0.001779623645602971,0.0034790286035349,0.0,0.44528301886792454,0.5547169811320755,0.0,-0.0012683819976951186,0.0,0.0,Joel Embiid | Luka Dončić | Montrezl Harrell | Isaiah Hartenstein | Bol Bol
PIE top15,positive,2,athleticism_tools + upside_tools,107,0.0017314965889385083,0.0020293868391951,0.0,0.48598130841121495,0.514018691588785,0.0,-0.001575744652139056,0.0,0.0,Joel Embiid | Tyrese Haliburton | DeMarcus Cousins | Anthony Davis | Andre Drummond
PIE top30,positive,3,shooting + athleticism_tools + defense,322,0.0017237182838321249,0.0023693430305331,0.0,0.468944099378882,0.531055900621118,0.0,-0.0013242873594659648,0.0,0.0,Joel Embiid | Luka Dončić | Rudy Gobert | Bam Adebayo | Montrezl Harrell
PIE available minutes weighted,positive,2,shooting + other,16,0.0017064898088443685,0.00161278556649865,0.0,0.4375,0.5625,0.0,-0.0030129168700957333,0.0,0.0,Mike Scott | Will Barton | Bruno Fernando | Skal Labissiere | Elfrid Payton
PIE available minutes weighted,positive,2,athleticism_tools + other,16,0.0017064898088443685,0.00161278556649865,0.0,0.4375,0.5625,0.0,-0.0030129168700957333,0.0,0.0,Mike Scott | Will Barton | Bruno Fernando | Skal Labissiere | Elfrid Payton
PIE available minutes weighted,positive,3,shooting + athleticism_tools + other,16,0.0017064898088443685,0.00161278556649865,0.0,0.4375,0.5625,0.0,-0.0030129168700957333,0.0,0.0,Mike Scott | Will Barton | Bruno Fernando | Skal Labissiere | Elfrid Payton
PIE available minutes weighted,positive,3,feel_iq_passing + creation_handle + intel_consensus,13,0.0016971391288799918,0.0010890368338717,0.0,0.38461538461538464,0.6153846153846154,0.0,-0.00302226755006011,0.0,0.0,Dennis Schröder | Kyle Anderson | CJ McCollum | Dario Saric | Rodney Hood
PIE top30,positive,2,shooting + defense,324,0.001696562142155276,0.0022242163663032,0.0,0.4691358024691358,0.5308641975308642,0.0,-0.0013514435011428136,0.0,0.0,Joel Embiid | Luka Dončić | Rudy Gobert | Bam Adebayo | Montrezl Harrell
PIE top15,positive,3,shooting + upside_tools + motor_competitiveness,86,0.0016797400807960574,0.00296908613483055,0.0,0.45348837209302323,0.5465116279069767,0.0,-0.001627501160281507,0.0,0.0,Joel Embiid | DeMarcus Cousins | Anthony Davis | Karl-Anthony Towns | DeJuan Blair
xRAPM historical top30,positive,2,creation_handle + motor_competitiveness,154,0.0016468992282046733,0.0816865079365082,0.35714285714285715,0.487012987012987,0.512987012987013,0.34415584415584416,-0.07878372856728087,0.03624733475479747,0.01331007301156556,Kawhi Leonard | Stephen Curry | Joel Embiid | Jayson Tatum | Ricky Rubio
xRAPM historical top30,positive,3,creation_handle + athleticism_tools + motor_competitiveness,154,0.0016468992282046733,0.0816865079365082,0.35714285714285715,0.487012987012987,0.512987012987013,0.34415584415584416,-0.07878372856728087,0.03624733475479747,0.01331007301156556,Kawhi Leonard | Stephen Curry | Joel Embiid | Jayson Tatum | Ricky Rubio
PIE top15,positive,3,defense + production_stats + intel_consensus,13,0.001570132523096716,0.0021631896579724,0.0,0.38461538461538464,0.6153846153846154,0.0,-0.0017371087179808484,0.0,0.0,Donovan Mitchell | Kyle Anderson | Jonas Valančiūnas | CJ McCollum | Rodney Hood
PIE top30,positive,3,feel_iq_passing + motor_competitiveness + intel_consensus,16,0.0015363488306133057,0.0016261132459220499,0.0,0.375,0.625,0.0,-0.001511656812684784,0.0,0.0,Jusuf Nurkić | Dennis Schröder | Jonas Valančiūnas | CJ McCollum | Goga Bitadze
PIE top15,positive,3,creation_handle + finishing_touch + production_stats,66,0.0015037465022388076,0.0014262162484655,0.0,0.4696969696969697,0.5303030303030303,0.0,-0.0018034947388387568,0.0,0.0,Joel Embiid | DeMarcus Cousins | Karl-Anthony Towns | Ja Morant | Kemba Walker
PIE top30,positive,3,upside_tools + motor_competitiveness + risk_uncertainty,12,0.0014930632220340842,-0.00034669215304485,0.0,0.5,0.5,0.0,-0.0015549424212640054,0.0,0.0,Montrezl Harrell | Ja Morant | Ante Zizic | Obi Toppin | Kyrie Irving
PIE top30,positive,3,upside_tools + production_stats + risk_uncertainty,12,0.0014930632220340842,-0.00034669215304485,0.0,0.5,0.5,0.0,-0.0015549424212640054,0.0,0.0,Montrezl Harrell | Ja Morant | Ante Zizic | Obi Toppin | Kyrie Irving
PIE top15,positive,3,feel_iq_passing + shooting + upside_tools,81,0.0014809551080769943,0.00250796329178,0.0,0.4567901234567901,0.5432098765432098,0.0,-0.00182628613300057,0.0,0.0,Joel Embiid | Tyrese Haliburton | DeMarcus Cousins | Anthony Davis | Karl-Anthony Towns
PIE available minutes weighted,positive,3,size_frame + production_stats + intel_consensus,23,0.0014540540831573855,0.0021631896579724,0.0,0.34782608695652173,0.6521739130434783,0.0,-0.0032653525957827166,0.0,0.0,Donovan Mitchell | Dennis Schröder | Kyle Anderson | Jonas Valančiūnas | Dario Saric
PIE top15,positive,2,shooting + creation_handle,109,0.0013601852155423482,0.0010890368338717,0.0,0.47706422018348627,0.5229357798165137,0.0,-0.0019470560255352163,0.0,0.0,Joel Embiid | Luka Dončić | Kawhi Leonard | Tyrese Haliburton | Trae Young
PIE top15,positive,3,shooting + creation_handle + athleticism_tools,109,0.0013601852155423482,0.0010890368338717,0.0,0.47706422018348627,0.5229357798165137,0.0,-0.0019470560255352163,0.0,0.0,Joel Embiid | Luka Dončić | Kawhi Leonard | Tyrese Haliburton | Trae Young
PIE top30,positive,3,size_frame + production_stats + intel_consensus,20,0.0013394242407485444,0.0016796869758873,0.0,0.35,0.65,0.0,-0.0017085814025495452,0.0,0.0,Donovan Mitchell | Dennis Schröder | Kyle Anderson | Jonas Valančiūnas | Dario Saric
PIE available minutes weighted,positive,3,feel_iq_passing + upside_tools + intel_consensus,11,0.0013297003702429171,0.0021631896579724,0.0,0.36363636363636365,0.6363636363636364,0.0,-0.0033897063086971847,0.0,0.0,Dennis Schröder | Alec Peters | Jonas Valančiūnas | Dario Saric | Donte DiVincenzo
PIE available minutes weighted,positive,2,upside_tools + intel_consensus,12,0.0013185740305395246,0.0016796869758873,0.0,0.3333333333333333,0.6666666666666666,0.0,-0.0034008326484005775,0.0,0.0,Dennis Schröder | Alec Peters | Jonas Valančiūnas | Dario Saric | Donte DiVincenzo
PIE available minutes weighted,positive,3,shooting + upside_tools + intel_consensus,12,0.0013185740305395246,0.0016796869758873,0.0,0.3333333333333333,0.6666666666666666,0.0,-0.0034008326484005775,0.0,0.0,Dennis Schröder | Alec Peters | Jonas Valančiūnas | Dario Saric | Donte DiVincenzo
PIE available minutes weighted,positive,3,athleticism_tools + upside_tools + intel_consensus,12,0.0013185740305395246,0.0016796869758873,0.0,0.3333333333333333,0.6666666666666666,0.0,-0.0034008326484005775,0.0,0.0,Dennis Schröder | Alec Peters | Jonas Valančiūnas | Dario Saric | Donte DiVincenzo
PIE available minutes weighted,positive,3,upside_tools + production_stats + intel_consensus,12,0.0013185740305395246,0.0016796869758873,0.0,0.3333333333333333,0.6666666666666666,0.0,-0.0034008326484005775,0.0,0.0,Dennis Schröder | Alec Peters | Jonas Valančiūnas | Dario Saric | Donte DiVincenzo
PIE top30,positive,3,feel_iq_passing + defense + intel_consensus,17,0.0013176149471296886,0.0023321822808637,0.0,0.35294117647058826,0.6470588235294118,0.0,-0.001730390696168401,0.0,0.0,Dennis Schröder | Kyle Anderson | Jonas Valančiūnas | CJ McCollum | Goga Bitadze
PIE available minutes weighted,positive,3,feel_iq_passing + motor_competitiveness + intel_consensus,18,0.0012410801745338991,0.0016261132459220499,0.0,0.3888888888888889,0.6111111111111112,0.0,-0.003478326504406203,0.0,0.0,Jusuf Nurkić | Dennis Schröder | Jonas Valančiūnas | CJ McCollum | Goga Bitadze
PIE top15,positive,2,upside_tools + size_frame,89,0.0011468108715602368,0.0008454170941929,0.0,0.4943820224719101,0.5056179775280899,0.0,-0.002160430369517328,0.0,0.0,Joel Embiid | Tyrese Haliburton | DeMarcus Cousins | Anthony Davis | Andre Drummond
PIE top15,positive,3,athleticism_tools + upside_tools + size_frame,89,0.0011468108715602368,0.0008454170941929,0.0,0.4943820224719101,0.5056179775280899,0.0,-0.002160430369517328,0.0,0.0,Joel Embiid | Tyrese Haliburton | DeMarcus Cousins | Anthony Davis | Andre Drummond
PIE top30,positive,3,creation_handle + defense + intel_consensus,11,0.001056846764696273,0.0011961842938022,0.0,0.36363636363636365,0.6363636363636364,0.0,-0.0019911588786018166,0.0,0.0,Dennis Schröder | Kyle Anderson | CJ McCollum | Rodney Hood | Jerian Grant
PIE top15,positive,3,feel_iq_passing + creation_handle + upside_tools,54,0.0010113632122816334,0.00019879958396085,0.0,0.5,0.5,0.0,-0.0022958780287959312,0.0,0.0,Joel Embiid | Tyrese Haliburton | DeMarcus Cousins | Andre Drummond | Karl-Anthony Towns
PIE top15,positive,3,shooting + creation_handle + finishing_touch,73,0.0009745348980712362,-0.0004478179262712,0.0,0.5068493150684932,0.4931506849315068,0.0,-0.002332706343006328,0.0,0.0,Joel Embiid | Kawhi Leonard | DeMarcus Cousins | Karl-Anthony Towns | Ja Morant
PIE available minutes weighted,positive,3,shooting + motor_competitiveness + intel_consensus,20,0.0009535414117049347,0.0011426105638369499,0.0,0.4,0.6,0.0,-0.0037658652672351673,0.0,0.0,Jusuf Nurkić | Donovan Mitchell | Dennis Schröder | Jonas Valančiūnas | CJ McCollum
PIE top15,positive,3,upside_tools + defense + size_frame,80,0.0009185747040919096,-0.00042274464206345,0.0,0.5125,0.4875,0.0,-0.002388666536985655,0.0,0.0,Joel Embiid | Tyrese Haliburton | DeMarcus Cousins | Anthony Davis | Andre Drummond
PIE top30,positive,2,upside_tools + risk_uncertainty,13,0.0008713533134756772,-0.0027227711452848,0.0,0.5384615384615384,0.46153846153846156,0.0,-0.0021766523298224123,0.0,0.0,Montrezl Harrell | Ja Morant | Ante Zizic | Obi Toppin | Kyrie Irving
PIE top30,positive,3,athleticism_tools + upside_tools + risk_uncertainty,13,0.0008713533134756772,-0.0027227711452848,0.0,0.5384615384615384,0.46153846153846156,0.0,-0.0021766523298224123,0.0,0.0,Montrezl Harrell | Ja Morant | Ante Zizic | Obi Toppin | Kyrie Irving
PIE top30,positive,2,motor_competitiveness + intel_consensus,20,0.0008704660068256547,0.0011426105638369499,0.0,0.4,0.6,0.0,-0.0021775396364724347,0.0,0.0,Jusuf Nurkić | Donovan Mitchell | Dennis Schröder | Jonas Valančiūnas | CJ McCollum
PIE top30,positive,3,athleticism_tools + motor_competitiveness + intel_consensus,20,0.0008704660068256547,0.0011426105638369499,0.0,0.4,0.6,0.0,-0.0021775396364724347,0.0,0.0,Jusuf Nurkić | Donovan Mitchell | Dennis Schröder | Jonas Valančiūnas | CJ McCollum
PIE top15,positive,3,creation_handle + upside_tools + motor_competitiveness,53,0.0008221063836051186,0.0008454170941929,0.0,0.49056603773584906,0.5094339622641509,0.0,-0.002485134857472446,0.0,0.0,Joel Embiid | DeMarcus Cousins | Andre Drummond | Karl-Anthony Towns | Ja Morant
PIE top30,positive,3,shooting + motor_competitiveness + intel_consensus,19,0.0007935335713499688,0.0010890368338717,0.0,0.42105263157894735,0.5789473684210527,0.0,-0.0022544720719481206,0.0,0.0,Jusuf Nurkić | Donovan Mitchell | Dennis Schröder | Jonas Valančiūnas | CJ McCollum
PIE top15,positive,3,shooting + upside_tools + defense,89,0.0007698396886157844,-0.0003976713578557,0.0,0.5056179775280899,0.4943820224719101,0.0,-0.00253740155246178,0.0,0.0,Joel Embiid | Tyrese Haliburton | DeMarcus Cousins | Anthony Davis | Karl-Anthony Towns
PIE top15,positive,2,shooting + upside_tools,101,0.0007580526821167773,0.0008454170941929,0.0,0.49504950495049505,0.504950495049505,0.0,-0.0025491885589607874,0.0,0.0,Joel Embiid | Tyrese Haliburton | DeMarcus Cousins | Anthony Davis | Karl-Anthony Towns
PIE top15,positive,3,shooting + athleticism_tools + upside_tools,101,0.0007580526821167773,0.0008454170941929,0.0,0.49504950495049505,0.504950495049505,0.0,-0.0025491885589607874,0.0,0.0,Joel Embiid | Tyrese Haliburton | DeMarcus Cousins | Anthony Davis | Karl-Anthony Towns
PIE top30,positive,3,defense + motor_competitiveness + intel_consensus,17,0.0007346888703335763,0.0011961842938022,0.0,0.4117647058823529,0.5882352941176471,0.0,-0.0023133167729645133,0.0,0.0,Donovan Mitchell | Dennis Schröder | Jonas Valančiūnas | CJ McCollum | Goga Bitadze
PIE top30,positive,3,defense + motor_competitiveness + risk_uncertainty,14,0.000718642107429479,-0.00181618079748945,0.0,0.5,0.5,0.0,-0.002329363535868611,0.0,0.0,Montrezl Harrell | Ja Morant | Ante Zizic | Obi Toppin | Klay Thompson
PIE available minutes weighted,positive,2,motor_competitiveness + intel_consensus,22,0.0006894173631050184,0.0011426105638369499,0.0,0.4090909090909091,0.5909090909090909,0.0,-0.004029989315835083,0.0,0.0,Jusuf Nurkić | Donovan Mitchell | Dennis Schröder | Jonas Valančiūnas | CJ McCollum
PIE available minutes weighted,positive,3,athleticism_tools + motor_competitiveness + intel_consensus,22,0.0006894173631050184,0.0011426105638369499,0.0,0.4090909090909091,0.5909090909090909,0.0,-0.004029989315835083,0.0,0.0,Jusuf Nurkić | Donovan Mitchell | Dennis Schröder | Jonas Valančiūnas | CJ McCollum
PIE top30,positive,3,finishing_touch + athleticism_tools + intel_consensus,11,0.0006666468248488366,0.0010890368338717,0.0,0.36363636363636365,0.6363636363636364,0.0,-0.002381358818449253,0.0,0.0,Jusuf Nurkić | Harry Giles III | Goga Bitadze | Jerian Grant | Arnett Moultrie
PIE top30,positive,3,finishing_touch + size_frame + intel_consensus,11,0.0006666468248488366,0.0010890368338717,0.0,0.36363636363636365,0.6363636363636364,0.0,-0.002381358818449253,0.0,0.0,Jusuf Nurkić | Harry Giles III | Goga Bitadze | Jerian Grant | Arnett Moultrie
PIE top15,positive,3,shooting + upside_tools + size_frame,85,0.0006297722869642289,0.0008454170941929,0.0,0.49411764705882355,0.5058823529411764,0.0,-0.0026774689541133358,0.0,0.0,Joel Embiid | Tyrese Haliburton | DeMarcus Cousins | Anthony Davis | Karl-Anthony Towns
PIE top30,positive,3,upside_tools + size_frame + risk_uncertainty,12,0.0006172504453265167,-0.0041922597897294,0.0,0.5833333333333334,0.4166666666666667,0.0,-0.002430755197971573,0.0,0.0,Montrezl Harrell | Ja Morant | Ante Zizic | Obi Toppin | Rui Hachimura
PIE top15,positive,2,defense + intel_consensus,14,0.0005915533938444356,0.00150430337608265,0.0,0.42857142857142855,0.5714285714285714,0.0,-0.0027156878472331288,0.0,0.0,Donovan Mitchell | Kyle Anderson | Jonas Valančiūnas | CJ McCollum | Rodney Hood
PIE top15,positive,3,athleticism_tools + defense + intel_consensus,14,0.0005915533938444356,0.00150430337608265,0.0,0.42857142857142855,0.5714285714285714,0.0,-0.0027156878472331288,0.0,0.0,Donovan Mitchell | Kyle Anderson | Jonas Valančiūnas | CJ McCollum | Rodney Hood
PIE available minutes weighted,positive,3,defense + motor_competitiveness + intel_consensus,19,0.0005393459288141109,0.0011961842938022,0.0,0.42105263157894735,0.5789473684210527,0.0,-0.004180060750125991,0.0,0.0,Donovan Mitchell | Dennis Schröder | Jonas Valančiūnas | CJ McCollum | Goga Bitadze
PIE top15,positive,3,creation_handle + upside_tools + defense,52,0.0005393335782880978,-0.00117376583077585,0.0,0.5192307692307693,0.4807692307692308,0.0,-0.0027679076627894665,0.0,0.0,Joel Embiid | Tyrese Haliburton | DeMarcus Cousins | Andre Drummond | Karl-Anthony Towns
PIE top15,positive,3,shooting + defense + intel_consensus,13,0.0004576588640737233,0.0008454170941929,0.0,0.46153846153846156,0.5384615384615384,0.0,-0.002849582377003841,0.0,0.0,Donovan Mitchell | Kyle Anderson | Jonas Valančiūnas | CJ McCollum | Rodney Hood
PIE available minutes weighted,positive,3,creation_handle + defense + intel_consensus,12,0.0004491238237505837,0.00102080069399755,0.0,0.4166666666666667,0.5833333333333334,0.0,-0.004270282855189518,0.0,0.0,Dennis Schröder | Kyle Anderson | CJ McCollum | Rodney Hood | Jerian Grant
xRAPM historical top30,positive,2,upside_tools + defense,166,0.00038009302547783373,-0.0444021597710123,0.29518072289156627,0.5120481927710844,0.4879518072289157,0.3313253012048193,-0.0800505347700077,-0.025714799496493412,0.00047953006054068936,Rudy Gobert | Joel Embiid | Nikola Mirotic | Chase Budinger | Bam Adebayo
PIE top30,positive,3,creation_handle + production_stats + intel_consensus,12,0.0002783185554082254,0.0011426105638369499,0.0,0.3333333333333333,0.6666666666666666,0.0,-0.002769687087889864,0.0,0.0,Dennis Schröder | Kyle Anderson | CJ McCollum | Dario Saric | Rodney Hood
PIE top30,positive,3,motor_competitiveness + size_frame + risk_uncertainty,14,0.00024411647339016445,-0.0041922597897294,0.0,0.5714285714285714,0.42857142857142855,0.0,-0.0028038891699079254,0.0,0.0,Montrezl Harrell | Ja Morant | Ante Zizic | Obi Toppin | Klay Thompson
PIE top15,positive,3,creation_handle + upside_tools + size_frame,55,0.00021864456409451084,-0.0004478179262712,0.0,0.509090909090909,0.4909090909090909,0.0,-0.0030885966769830537,0.0,0.0,Joel Embiid | Tyrese Haliburton | DeMarcus Cousins | Andre Drummond | Karl-Anthony Towns
PIE top30,positive,2,motor_competitiveness + risk_uncertainty,16,0.0002104243195271134,-0.00334710019578945,0.0,0.5625,0.4375,0.0,-0.0028375813237709762,0.0,0.0,Montrezl Harrell | Ja Morant | Ante Zizic | Obi Toppin | Klay Thompson
PIE top30,positive,3,athleticism_tools + motor_competitiveness + risk_uncertainty,16,0.0002104243195271134,-0.00334710019578945,0.0,0.5625,0.4375,0.0,-0.0028375813237709762,0.0,0.0,Montrezl Harrell | Ja Morant | Ante Zizic | Obi Toppin | Klay Thompson
PIE top30,positive,3,motor_competitiveness + production_stats + risk_uncertainty,16,0.0002104243195271134,-0.00334710019578945,0.0,0.5625,0.4375,0.0,-0.0028375813237709762,0.0,0.0,Montrezl Harrell | Ja Morant | Ante Zizic | Obi Toppin | Klay Thompson
PIE available minutes weighted,positive,2,finishing_touch + intel_consensus,12,9.14405455571e-05,0.0009672269640323,0.0,0.4166666666666667,0.5833333333333334,0.0,-0.0046279661333830015,0.0,0.0,Jusuf Nurkić | Harry Giles III | Goga Bitadze | Jerian Grant | Arnett Moultrie
PIE available minutes weighted,positive,3,finishing_touch + athleticism_tools + intel_consensus,12,9.14405455571e-05,0.0009672269640323,0.0,0.4166666666666667,0.5833333333333334,0.0,-0.0046279661333830015,0.0,0.0,Jusuf Nurkić | Harry Giles III | Goga Bitadze | Jerian Grant | Arnett Moultrie
PIE available minutes weighted,positive,3,finishing_touch + size_frame + intel_consensus,12,9.14405455571e-05,0.0009672269640323,0.0,0.4166666666666667,0.5833333333333334,0.0,-0.0046279661333830015,0.0,0.0,Jusuf Nurkić | Harry Giles III | Goga Bitadze | Jerian Grant | Arnett Moultrie
PIE top15,positive,2,creation_handle + upside_tools,60,1.837827313913803e-05,-0.00117376583077585,0.0,0.5166666666666667,0.48333333333333334,0.0,-0.0032888629679384265,0.0,0.0,Joel Embiid | Tyrese Haliburton | DeMarcus Cousins | Andre Drummond | Karl-Anthony Towns
PIE top15,positive,3,creation_handle + athleticism_tools + upside_tools,60,1.837827313913803e-05,-0.00117376583077585,0.0,0.5166666666666667,0.48333333333333334,0.0,-0.0032888629679384265,0.0,0.0,Joel Embiid | Tyrese Haliburton | DeMarcus Cousins | Andre Drummond | Karl-Anthony Towns
PIE available minutes weighted,positive,3,creation_handle + production_stats + intel_consensus,13,-0.00022276968167333084,0.0010890368338717,0.0,0.38461538461538464,0.6153846153846154,0.0,-0.004942176360613433,0.0,0.0,Dennis Schröder | Kyle Anderson | CJ McCollum | Dario Saric | Rodney Hood
PIE top30,positive,3,motor_competitiveness + size_frame + intel_consensus,19,-0.0002355263128215475,0.0010890368338717,0.0,0.42105263157894735,0.5789473684210527,0.0,-0.003283531956119637,0.0,0.0,Jusuf Nurkić | Donovan Mitchell | Dennis Schröder | Jonas Valančiūnas | Goga Bitadze
PIE top30,positive,2,shooting + other,14,-0.00031746458765446523,0.00161278556649865,0.0,0.42857142857142855,0.5714285714285714,0.0,-0.003365470230952555,0.0,0.0,Will Barton | Bruno Fernando | Skal Labissiere | Elfrid Payton | Shabazz Muhammad
PIE top30,positive,2,athleticism_tools + other,14,-0.00031746458765446523,0.00161278556649865,0.0,0.42857142857142855,0.5714285714285714,0.0,-0.003365470230952555,0.0,0.0,Will Barton | Bruno Fernando | Skal Labissiere | Elfrid Payton | Shabazz Muhammad
PIE top30,positive,2,size_frame + other,14,-0.00031746458765446523,0.00161278556649865,0.0,0.42857142857142855,0.5714285714285714,0.0,-0.003365470230952555,0.0,0.0,Will Barton | Bruno Fernando | Skal Labissiere | Elfrid Payton | Shabazz Muhammad
PIE top30,positive,2,production_stats + other,14,-0.00031746458765446523,0.00161278556649865,0.0,0.42857142857142855,0.5714285714285714,0.0,-0.003365470230952555,0.0,0.0,Will Barton | Bruno Fernando | Skal Labissiere | Elfrid Payton | Shabazz Muhammad
PIE top30,positive,3,shooting + athleticism_tools + other,14,-0.00031746458765446523,0.00161278556649865,0.0,0.42857142857142855,0.5714285714285714,0.0,-0.003365470230952555,0.0,0.0,Will Barton | Bruno Fernando | Skal Labissiere | Elfrid Payton | Shabazz Muhammad
PIE top30,positive,3,shooting + size_frame + other,14,-0.00031746458765446523,0.00161278556649865,0.0,0.42857142857142855,0.5714285714285714,0.0,-0.003365470230952555,0.0,0.0,Will Barton | Bruno Fernando | Skal Labissiere | Elfrid Payton | Shabazz Muhammad
PIE top30,positive,3,shooting + production_stats + other,14,-0.00031746458765446523,0.00161278556649865,0.0,0.42857142857142855,0.5714285714285714,0.0,-0.003365470230952555,0.0,0.0,Will Barton | Bruno Fernando | Skal Labissiere | Elfrid Payton | Shabazz Muhammad
PIE top30,positive,3,athleticism_tools + size_frame + other,14,-0.00031746458765446523,0.00161278556649865,0.0,0.42857142857142855,0.5714285714285714,0.0,-0.003365470230952555,0.0,0.0,Will Barton | Bruno Fernando | Skal Labissiere | Elfrid Payton | Shabazz Muhammad
PIE top30,positive,3,athleticism_tools + production_stats + other,14,-0.00031746458765446523,0.00161278556649865,0.0,0.42857142857142855,0.5714285714285714,0.0,-0.003365470230952555,0.0,0.0,Will Barton | Bruno Fernando | Skal Labissiere | Elfrid Payton | Shabazz Muhammad
PIE top30,positive,3,size_frame + production_stats + other,14,-0.00031746458765446523,0.00161278556649865,0.0,0.42857142857142855,0.5714285714285714,0.0,-0.003365470230952555,0.0,0.0,Will Barton | Bruno Fernando | Skal Labissiere | Elfrid Payton | Shabazz Muhammad
PIE available minutes weighted,positive,3,motor_competitiveness + size_frame + intel_consensus,21,-0.0003198637186577191,0.0010890368338717,0.0,0.42857142857142855,0.5714285714285714,0.0,-0.005039270397597821,0.0,0.0,Jusuf Nurkić | Donovan Mitchell | Dennis Schröder | Jonas Valančiūnas | Goga Bitadze
PIE top30,positive,2,creation_handle + intel_consensus,14,-0.0004152339688904936,0.0011426105638369499,0.0,0.35714285714285715,0.6428571428571429,0.0,-0.003463239612188583,0.0,0.0,Dennis Schröder | Kyle Anderson | CJ McCollum | Dario Saric | Rodney Hood
PIE available minutes weighted,positive,3,shooting + creation_handle + intel_consensus,14,-0.0004152339688904936,0.0011426105638369499,0.0,0.35714285714285715,0.6428571428571429,0.0,-0.005134640647830596,0.0,0.0,Dennis Schröder | Kyle Anderson | CJ McCollum | Dario Saric | Rodney Hood
PIE top30,positive,3,shooting + creation_handle + intel_consensus,14,-0.0004152339688904936,0.0011426105638369499,0.0,0.35714285714285715,0.6428571428571429,0.0,-0.003463239612188583,0.0,0.0,Dennis Schröder | Kyle Anderson | CJ McCollum | Dario Saric | Rodney Hood
PIE top30,positive,3,creation_handle + athleticism_tools + intel_consensus,14,-0.0004152339688904936,0.0011426105638369499,0.0,0.35714285714285715,0.6428571428571429,0.0,-0.003463239612188583,0.0,0.0,Dennis Schröder | Kyle Anderson | CJ McCollum | Dario Saric | Rodney Hood
PIE top30,positive,3,shooting + defense + other,10,-0.0005640930463794901,0.00161278556649865,0.0,0.4,0.6,0.0,-0.0036120986896775796,0.0,0.0,Will Barton | Bruno Fernando | Skal Labissiere | Elfrid Payton | Rui Hachimura
PIE top30,positive,3,athleticism_tools + defense + other,10,-0.0005640930463794901,0.00161278556649865,0.0,0.4,0.6,0.0,-0.0036120986896775796,0.0,0.0,Will Barton | Bruno Fernando | Skal Labissiere | Elfrid Payton | Rui Hachimura
PIE top30,positive,3,defense + size_frame + other,10,-0.0005640930463794901,0.00161278556649865,0.0,0.4,0.6,0.0,-0.0036120986896775796,0.0,0.0,Will Barton | Bruno Fernando | Skal Labissiere | Elfrid Payton | Rui Hachimura
PIE top30,positive,3,defense + production_stats + other,10,-0.0005640930463794901,0.00161278556649865,0.0,0.4,0.6,0.0,-0.0036120986896775796,0.0,0.0,Will Barton | Bruno Fernando | Skal Labissiere | Elfrid Payton | Rui Hachimura
PIE available minutes weighted,positive,3,shooting + finishing_touch + intel_consensus,10,-0.00064508499249037,0.0009672269640323,0.0,0.4,0.6,0.0,-0.005364491671430472,0.0,0.0,Jusuf Nurkić | Goga Bitadze | Jerian Grant | Arnett Moultrie | Trey Burke
PIE top30,positive,3,shooting + finishing_touch + intel_consensus,10,-0.00064508499249037,0.0009672269640323,0.0,0.4,0.6,0.0,-0.0036930906357884596,0.0,0.0,Jusuf Nurkić | Goga Bitadze | Jerian Grant | Arnett Moultrie | Trey Burke
PIE top30,positive,3,finishing_touch + motor_competitiveness + intel_consensus,10,-0.00064508499249037,0.0009672269640323,0.0,0.4,0.6,0.0,-0.0036930906357884596,0.0,0.0,Jusuf Nurkić | Goga Bitadze | Jerian Grant | Arnett Moultrie | Trey Burke
PIE top15,positive,3,creation_handle + upside_tools + production_stats,54,-0.0006503715070584963,-0.00117376583077585,0.0,0.5185185185185185,0.48148148148148145,0.0,-0.003957612748136061,0.0,0.0,Joel Embiid | Tyrese Haliburton | DeMarcus Cousins | Karl-Anthony Towns | Ja Morant
PIE top30,positive,3,motor_competitiveness + production_stats + intel_consensus,17,-0.0007397794824384056,0.0010890368338717,0.0,0.4117647058823529,0.5882352941176471,0.0,-0.003787785125736495,0.0,0.0,Donovan Mitchell | Dennis Schröder | Jonas Valančiūnas | CJ McCollum | Goga Bitadze
PIE available minutes weighted,positive,3,motor_competitiveness + production_stats + intel_consensus,19,-0.0007799152289292419,0.0010890368338717,0.0,0.42105263157894735,0.5789473684210527,0.0,-0.005499321907869344,0.0,0.0,Donovan Mitchell | Dennis Schröder | Jonas Valančiūnas | CJ McCollum | Goga Bitadze
PIE available minutes weighted,positive,2,creation_handle + intel_consensus,15,-0.0008032736060745939,0.0010890368338717,0.0,0.4,0.6,0.0,-0.005522680285014696,0.0,0.0,Dennis Schröder | Kyle Anderson | CJ McCollum | Dario Saric | Rodney Hood
PIE available minutes weighted,positive,3,creation_handle + athleticism_tools + intel_consensus,15,-0.0008032736060745939,0.0010890368338717,0.0,0.4,0.6,0.0,-0.005522680285014696,0.0,0.0,Dennis Schröder | Kyle Anderson | CJ McCollum | Dario Saric | Rodney Hood
PIE top30,positive,3,shooting + motor_competitiveness + risk_uncertainty,14,-0.0008209975866995861,-0.00334710019578945,0.0,0.5714285714285714,0.42857142857142855,0.0,-0.0038690032299976756,0.0,0.0,Montrezl Harrell | Ja Morant | Obi Toppin | Klay Thompson | Kyrie Irving
PIE top15,positive,2,production_stats + intel_consensus,15,-0.0009204891617488,0.0010890368338717,0.0,0.4,0.6,0.0,-0.004227730402826364,0.0,0.0,Donovan Mitchell | Kyle Anderson | Jonas Valančiūnas | CJ McCollum | Rodney Hood
PIE top15,positive,3,athleticism_tools + production_stats + intel_consensus,15,-0.0009204891617488,0.0010890368338717,0.0,0.4,0.6,0.0,-0.004227730402826364,0.0,0.0,Donovan Mitchell | Kyle Anderson | Jonas Valančiūnas | CJ McCollum | Rodney Hood
PIE top15,positive,3,defense + size_frame + intel_consensus,13,-0.001046351735869261,0.0008454170941929,0.0,0.46153846153846156,0.5384615384615384,0.0,-0.004353592976946825,0.0,0.0,Donovan Mitchell | Kyle Anderson | Jonas Valančiūnas | Rodney Hood | Aaron Gordon
PIE top30,positive,3,shooting + upside_tools + intel_consensus,11,-0.001079180439426592,0.0011961842938022,0.0,0.36363636363636365,0.6363636363636364,0.0,-0.004127186082724682,0.0,0.0,Dennis Schröder | Jonas Valančiūnas | Dario Saric | Donte DiVincenzo | Jaren Jackson Jr.
PIE top30,positive,3,athleticism_tools + upside_tools + intel_consensus,11,-0.001079180439426592,0.0011961842938022,0.0,0.36363636363636365,0.6363636363636364,0.0,-0.004127186082724682,0.0,0.0,Dennis Schröder | Jonas Valančiūnas | Dario Saric | Donte DiVincenzo | Jaren Jackson Jr.
PIE top30,positive,3,upside_tools + production_stats + intel_consensus,11,-0.001079180439426592,0.0011961842938022,0.0,0.36363636363636365,0.6363636363636364,0.0,-0.004127186082724682,0.0,0.0,Dennis Schröder | Jonas Valančiūnas | Dario Saric | Donte DiVincenzo | Jaren Jackson Jr.
PIE top30,positive,3,shooting + upside_tools + risk_uncertainty,12,-0.0011323205955869825,-0.0041922597897294,0.0,0.5833333333333334,0.4166666666666667,0.0,-0.004180326238885072,0.0,0.0,Montrezl Harrell | Ja Morant | Obi Toppin | Kyrie Irving | Rui Hachimura
PIE top15,positive,3,shooting + production_stats + intel_consensus,14,-0.001152822836221122,0.0009672269640323,0.0,0.42857142857142855,0.5714285714285714,0.0,-0.004460064077298686,0.0,0.0,Donovan Mitchell | Kyle Anderson | Jonas Valančiūnas | CJ McCollum | Rodney Hood
PIE available minutes weighted,positive,3,finishing_touch + motor_competitiveness + intel_consensus,11,-0.0011533344046868817,0.0008454170941929,0.0,0.45454545454545453,0.5454545454545454,0.0,-0.005872741083626984,0.0,0.0,Jusuf Nurkić | Goga Bitadze | Jerian Grant | Arnett Moultrie | Trey Burke
PIE top15,positive,3,feel_iq_passing + production_stats + intel_consensus,13,-0.001245917146385054,0.0010890368338717,0.0,0.38461538461538464,0.6153846153846154,0.0,-0.004553158387462618,0.0,0.0,Kyle Anderson | Jonas Valančiūnas | CJ McCollum | Rodney Hood | Aaron Gordon
PIE top30,positive,3,feel_iq_passing + upside_tools + intel_consensus,10,-0.0013067169127494705,0.00150430337608265,0.0,0.4,0.6,0.0,-0.0043547225560475605,0.0,0.0,Dennis Schröder | Jonas Valančiūnas | Dario Saric | Donte DiVincenzo | Jaren Jackson Jr.
PIE top30,positive,2,feel_iq_passing + other,12,-0.0014592882648706087,0.0006717025782258,0.0,0.5,0.5,0.0,-0.004507293908168698,0.0,0.0,Will Barton | Bruno Fernando | Skal Labissiere | Elfrid Payton | Shabazz Muhammad
PIE top30,positive,3,feel_iq_passing + shooting + other,12,-0.0014592882648706087,0.0006717025782258,0.0,0.5,0.5,0.0,-0.004507293908168698,0.0,0.0,Will Barton | Bruno Fernando | Skal Labissiere | Elfrid Payton | Shabazz Muhammad
PIE top30,positive,3,feel_iq_passing + athleticism_tools + other,12,-0.0014592882648706087,0.0006717025782258,0.0,0.5,0.5,0.0,-0.004507293908168698,0.0,0.0,Will Barton | Bruno Fernando | Skal Labissiere | Elfrid Payton | Shabazz Muhammad
PIE top30,positive,3,feel_iq_passing + size_frame + other,12,-0.0014592882648706087,0.0006717025782258,0.0,0.5,0.5,0.0,-0.004507293908168698,0.0,0.0,Will Barton | Bruno Fernando | Skal Labissiere | Elfrid Payton | Shabazz Muhammad
PIE top30,positive,3,feel_iq_passing + production_stats + other,12,-0.0014592882648706087,0.0006717025782258,0.0,0.5,0.5,0.0,-0.004507293908168698,0.0,0.0,Will Barton | Bruno Fernando | Skal Labissiere | Elfrid Payton | Shabazz Muhammad
PIE top15,positive,3,shooting + creation_handle + upside_tools,57,-0.001569139740783226,-0.0019480557218348,0.0,0.543859649122807,0.45614035087719296,0.0,-0.00487638098186079,0.0,0.0,Joel Embiid | Tyrese Haliburton | DeMarcus Cousins | Karl-Anthony Towns | Ja Morant
PIE top15,positive,2,athleticism_tools + intel_consensus,16,-0.0016210820445417,0.0009672269640323,0.0,0.4375,0.5625,0.0,-0.004928323285619264,0.0,0.0,Donovan Mitchell | Kyle Anderson | Jonas Valančiūnas | CJ McCollum | Rodney Hood
xRAPM historical top30,positive,2,finishing_touch + athleticism_tools,226,-0.0017363506061199017,-0.07849867724867704,0.336283185840708,0.5176991150442478,0.4823008849557522,0.3230088495575221,-0.08216697840160544,0.015387663452648304,-0.007836921586756473,Kawhi Leonard | Franz Wagner | Rudy Gobert | Desmond Bane | Joel Embiid
PIE top15,positive,3,defense + motor_competitiveness + intel_consensus,12,-0.0018669061111766577,-0.00055131931382095,0.0,0.5,0.5,0.0,-0.005174147352254222,0.0,0.0,Donovan Mitchell | Jonas Valančiūnas | CJ McCollum | Aaron Gordon | Jaren Jackson Jr.
PIE top15,positive,2,shooting + intel_consensus,15,-0.001884632999568727,0.0008454170941929,0.0,0.4666666666666667,0.5333333333333333,0.0,-0.005191874240646292,0.0,0.0,Donovan Mitchell | Kyle Anderson | Jonas Valančiūnas | CJ McCollum | Rodney Hood
PIE top15,positive,3,shooting + athleticism_tools + intel_consensus,15,-0.001884632999568727,0.0008454170941929,0.0,0.4666666666666667,0.5333333333333333,0.0,-0.005191874240646292,0.0,0.0,Donovan Mitchell | Kyle Anderson | Jonas Valančiūnas | CJ McCollum | Rodney Hood
PIE available minutes weighted,positive,3,upside_tools + size_frame + intel_consensus,10,-0.0019231943198345606,0.00102080069399755,0.0,0.4,0.6,0.0,-0.006642600998774662,0.0,0.0,Dennis Schröder | Jonas Valančiūnas | Dario Saric | Jaren Jackson Jr. | Arnett Moultrie
PIE top30,positive,3,upside_tools + size_frame + intel_consensus,10,-0.0019231943198345606,0.00102080069399755,0.0,0.4,0.6,0.0,-0.00497119996313265,0.0,0.0,Dennis Schröder | Jonas Valančiūnas | Dario Saric | Jaren Jackson Jr. | Arnett Moultrie
PIE top15,positive,2,feel_iq_passing + intel_consensus,14,-0.00202334987067435,0.0009672269640323,0.0,0.42857142857142855,0.5714285714285714,0.0,-0.005330591111751914,0.0,0.0,Kyle Anderson | Jonas Valančiūnas | CJ McCollum | Rodney Hood | Aaron Gordon
PIE top15,positive,3,feel_iq_passing + athleticism_tools + intel_consensus,14,-0.00202334987067435,0.0009672269640323,0.0,0.42857142857142855,0.5714285714285714,0.0,-0.005330591111751914,0.0,0.0,Kyle Anderson | Jonas Valančiūnas | CJ McCollum | Rodney Hood | Aaron Gordon
xRAPM historical top15,positive,3,shooting + creation_handle + production_stats,94,-0.0020781467474962237,0.17777777777777753,0.3829787234042553,0.4574468085106383,0.5425531914893617,0.3723404255319149,-0.11683025455449825,0.085681426106958,0.020989074180563505,Stephen Curry | Joel Embiid | Jayson Tatum | Ricky Rubio | Tyrese Haliburton
PIE top30,positive,3,creation_handle + size_frame + intel_consensus,13,-0.0021305842803530308,0.0010890368338717,0.0,0.38461538461538464,0.6153846153846154,0.0,-0.00517858992365112,0.0,0.0,Dennis Schröder | Kyle Anderson | Dario Saric | Rodney Hood | Jerian Grant
PIE top15,positive,3,feel_iq_passing + defense + intel_consensus,13,-0.0022627642325625075,0.0008454170941929,0.0,0.46153846153846156,0.5384615384615384,0.0,-0.005570005473640072,0.0,0.0,Kyle Anderson | Jonas Valančiūnas | CJ McCollum | Rodney Hood | Aaron Gordon
xRAPM historical top30,positive,3,feel_iq_passing + upside_tools + size_frame,125,-0.0023070401268860687,0.167169312169312,0.288,0.48,0.52,0.32,-0.08273766792237161,-0.032895522388059706,-0.010845771144278593,Joel Embiid | Nikola Mirotic | Tyrese Haliburton | Ivica Zubac | Montrezl Harrell
PIE top15,positive,3,feel_iq_passing + shooting + intel_consensus,13,-0.002358390805408046,0.0008454170941929,0.0,0.46153846153846156,0.5384615384615384,0.0,-0.005665632046485611,0.0,0.0,Kyle Anderson | Jonas Valančiūnas | CJ McCollum | Rodney Hood | Jaren Jackson Jr.
PIE available minutes weighted,positive,3,creation_handle + size_frame + intel_consensus,14,-0.0024238160122315284,0.0009672269640323,0.0,0.42857142857142855,0.5714285714285714,0.0,-0.00714322269117163,0.0,0.0,Dennis Schröder | Kyle Anderson | Dario Saric | Rodney Hood | Jerian Grant
PIE top15,positive,3,size_frame + production_stats + intel_consensus,14,-0.00254940410759675,0.0009672269640323,0.0,0.42857142857142855,0.5714285714285714,0.0,-0.005856645348674314,0.0,0.0,Donovan Mitchell | Kyle Anderson | Jonas Valančiūnas | Rodney Hood | Aaron Gordon
PIE available minutes weighted,positive,3,upside_tools + defense + intel_consensus,10,-0.00286514550840559,0.00102080069399755,0.0,0.4,0.6,0.0,-0.007584552187345692,0.0,0.0,Dennis Schröder | Jonas Valančiūnas | Donte DiVincenzo | Jaren Jackson Jr. | Arnett Moultrie
PIE top30,positive,3,upside_tools + defense + intel_consensus,10,-0.00286514550840559,0.00102080069399755,0.0,0.4,0.6,0.0,-0.005913151151703679,0.0,0.0,Dennis Schröder | Jonas Valančiūnas | Donte DiVincenzo | Jaren Jackson Jr. | Arnett Moultrie
PIE available minutes weighted,positive,2,defense + risk_uncertainty,20,-0.0030710910439626453,-0.00032038457004185004,0.0,0.5,0.5,0.0,-0.007790497722902747,0.0,0.0,Montrezl Harrell | Cory Jefferson | Ja Morant | Solomon Alabi | Ante Zizic
PIE available minutes weighted,positive,3,athleticism_tools + defense + risk_uncertainty,20,-0.0030710910439626453,-0.00032038457004185004,0.0,0.5,0.5,0.0,-0.007790497722902747,0.0,0.0,Montrezl Harrell | Cory Jefferson | Ja Morant | Solomon Alabi | Ante Zizic
PIE available minutes weighted,positive,3,defense + production_stats + risk_uncertainty,20,-0.0030710910439626453,-0.00032038457004185004,0.0,0.5,0.5,0.0,-0.007790497722902747,0.0,0.0,Montrezl Harrell | Cory Jefferson | Ja Morant | Solomon Alabi | Ante Zizic
PIE available minutes weighted,positive,2,production_stats + risk_uncertainty,22,-0.0030961827850378085,-0.0026964635622817998,0.0,0.5454545454545454,0.45454545454545453,0.0,-0.00781558946397791,0.0,0.0,Montrezl Harrell | Cory Jefferson | Ja Morant | Solomon Alabi | Ante Zizic
PIE available minutes weighted,positive,3,athleticism_tools + production_stats + risk_uncertainty,22,-0.0030961827850378085,-0.0026964635622817998,0.0,0.5454545454545454,0.45454545454545453,0.0,-0.00781558946397791,0.0,0.0,Montrezl Harrell | Cory Jefferson | Ja Morant | Solomon Alabi | Ante Zizic
PIE top15,positive,2,size_frame + intel_consensus,15,-0.0031881088528526464,0.0008454170941929,0.0,0.4666666666666667,0.5333333333333333,0.0,-0.006495350093930211,0.0,0.0,Donovan Mitchell | Kyle Anderson | Jonas Valančiūnas | Rodney Hood | Aaron Gordon
PIE top15,positive,3,athleticism_tools + size_frame + intel_consensus,15,-0.0031881088528526464,0.0008454170941929,0.0,0.4666666666666667,0.5333333333333333,0.0,-0.006495350093930211,0.0,0.0,Donovan Mitchell | Kyle Anderson | Jonas Valančiūnas | Rodney Hood | Aaron Gordon
PIE available minutes weighted,positive,2,athleticism_tools + risk_uncertainty,23,-0.0032480516026111746,-0.0027227711452848,0.0,0.5652173913043478,0.43478260869565216,0.0,-0.007967458281551276,0.0,0.0,Montrezl Harrell | Cory Jefferson | Ja Morant | Solomon Alabi | Ante Zizic
PIE available minutes weighted,positive,3,shooting + defense + risk_uncertainty,17,-0.0033280558511403,0.0020293868391951,0.0,0.47058823529411764,0.5294117647058824,0.0,-0.008047462530080401,0.0,0.0,Montrezl Harrell | Cory Jefferson | Ja Morant | Solomon Alabi | Bruce Brown
PIE available minutes weighted,positive,3,shooting + production_stats + risk_uncertainty,19,-0.0033300605189981063,-0.0026701559792788,0.0,0.5263157894736842,0.47368421052631576,0.0,-0.008049467197938209,0.0,0.0,Montrezl Harrell | Cory Jefferson | Ja Morant | Solomon Alabi | Bruce Brown
PIE available minutes weighted,positive,3,size_frame + production_stats + risk_uncertainty,20,-0.003403258987790166,-0.0026964635622817998,0.0,0.55,0.45,0.0,-0.008122665666730268,0.0,0.0,Montrezl Harrell | Cory Jefferson | Ja Morant | Solomon Alabi | Ante Zizic
PIE top15,positive,3,motor_competitiveness + production_stats + intel_consensus,13,-0.0034224583287826155,0.0008454170941929,0.0,0.46153846153846156,0.5384615384615384,0.0,-0.00672969956986018,0.0,0.0,Donovan Mitchell | Jonas Valančiūnas | CJ McCollum | Aaron Gordon | Jaren Jackson Jr.
xRAPM historical mature,positive,3,shooting + creation_handle + size_frame,173,-0.003427490337903114,-0.0033730158730158,0.35260115606936415,0.5028901734104047,0.49710982658959535,0.3179190751445087,-0.09093526955557941,0.011216292945370576,-0.005752422440032379,Stephen Curry | Mitchell Robinson | Joel Embiid | Malcolm Brogdon | Jayson Tatum
PIE available minutes weighted,positive,3,defense + size_frame + risk_uncertainty,19,-0.0034390741373957114,-0.0026701559792788,0.0,0.5263157894736842,0.47368421052631576,0.0,-0.008158480816335814,0.0,0.0,Montrezl Harrell | Cory Jefferson | Ja Morant | Solomon Alabi | Ante Zizic
PIE available minutes weighted,positive,2,shooting + risk_uncertainty,20,-0.00349301577250946,-0.0026964635622817998,0.0,0.55,0.45,0.0,-0.008212422451449562,0.0,0.0,Montrezl Harrell | Cory Jefferson | Ja Morant | Solomon Alabi | Bruce Brown
PIE available minutes weighted,positive,3,shooting + athleticism_tools + risk_uncertainty,20,-0.00349301577250946,-0.0026964635622817998,0.0,0.55,0.45,0.0,-0.008212422451449562,0.0,0.0,Montrezl Harrell | Cory Jefferson | Ja Morant | Solomon Alabi | Bruce Brown
PIE available minutes weighted,positive,2,size_frame + risk_uncertainty,21,-0.003554968825953739,-0.0027227711452848,0.0,0.5714285714285714,0.42857142857142855,0.0,-0.00827437550489384,0.0,0.0,Montrezl Harrell | Cory Jefferson | Ja Morant | Solomon Alabi | Ante Zizic
PIE available minutes weighted,positive,3,athleticism_tools + size_frame + risk_uncertainty,21,-0.003554968825953739,-0.0027227711452848,0.0,0.5714285714285714,0.42857142857142855,0.0,-0.00827437550489384,0.0,0.0,Montrezl Harrell | Cory Jefferson | Ja Morant | Solomon Alabi | Ante Zizic
PIE top15,positive,3,shooting + size_frame + intel_consensus,14,-0.0035824153624038147,-0.00055131931382095,0.0,0.5,0.5,0.0,-0.006889656603481379,0.0,0.0,Donovan Mitchell | Kyle Anderson | Jonas Valančiūnas | Rodney Hood | Jaren Jackson Jr.
PIE available minutes weighted,positive,3,shooting + creation_handle + other,10,-0.00358598205164192,0.00161278556649865,0.0,0.4,0.6,0.0,-0.008305388730582022,0.0,0.0,Bruno Fernando | Skal Labissiere | Elfrid Payton | Shabazz Muhammad | Rui Hachimura
PIE available minutes weighted,positive,3,creation_handle + athleticism_tools + other,10,-0.00358598205164192,0.00161278556649865,0.0,0.4,0.6,0.0,-0.008305388730582022,0.0,0.0,Bruno Fernando | Skal Labissiere | Elfrid Payton | Shabazz Muhammad | Rui Hachimura
PIE available minutes weighted,positive,3,creation_handle + size_frame + other,10,-0.00358598205164192,0.00161278556649865,0.0,0.4,0.6,0.0,-0.008305388730582022,0.0,0.0,Bruno Fernando | Skal Labissiere | Elfrid Payton | Shabazz Muhammad | Rui Hachimura
PIE available minutes weighted,positive,3,creation_handle + production_stats + other,10,-0.00358598205164192,0.00161278556649865,0.0,0.4,0.6,0.0,-0.008305388730582022,0.0,0.0,Bruno Fernando | Skal Labissiere | Elfrid Payton | Shabazz Muhammad | Rui Hachimura
PIE top30,positive,3,shooting + creation_handle + other,10,-0.00358598205164192,0.00161278556649865,0.0,0.4,0.6,0.0,-0.006633987694940009,0.0,0.0,Bruno Fernando | Skal Labissiere | Elfrid Payton | Shabazz Muhammad | Rui Hachimura
PIE top30,positive,3,creation_handle + athleticism_tools + other,10,-0.00358598205164192,0.00161278556649865,0.0,0.4,0.6,0.0,-0.006633987694940009,0.0,0.0,Bruno Fernando | Skal Labissiere | Elfrid Payton | Shabazz Muhammad | Rui Hachimura
PIE top30,positive,3,creation_handle + size_frame + other,10,-0.00358598205164192,0.00161278556649865,0.0,0.4,0.6,0.0,-0.006633987694940009,0.0,0.0,Bruno Fernando | Skal Labissiere | Elfrid Payton | Shabazz Muhammad | Rui Hachimura
PIE top30,positive,3,creation_handle + production_stats + other,10,-0.00358598205164192,0.00161278556649865,0.0,0.4,0.6,0.0,-0.006633987694940009,0.0,0.0,Bruno Fernando | Skal Labissiere | Elfrid Payton | Shabazz Muhammad | Rui Hachimura
PIE top15,positive,3,feel_iq_passing + size_frame + intel_consensus,13,-0.003862401405351032,0.0008454170941929,0.0,0.46153846153846156,0.5384615384615384,0.0,-0.007169642646428597,0.0,0.0,Kyle Anderson | Jonas Valančiūnas | Rodney Hood | Aaron Gordon | Jaren Jackson Jr.
PIE available minutes weighted,positive,3,shooting + size_frame + risk_uncertainty,18,-0.0038783041075089284,-0.0026964635622817998,0.0,0.5555555555555556,0.4444444444444444,0.0,-0.00859771078644903,0.0,0.0,Montrezl Harrell | Cory Jefferson | Ja Morant | Solomon Alabi | Bruce Brown
xRAPM historical top30,positive,3,shooting + creation_handle + motor_competitiveness,149,-0.003977706203515781,0.0604761904761903,0.3624161073825503,0.4899328859060403,0.5100671140939598,0.3422818791946309,-0.08440833399900133,0.04152058499449063,0.011436108050352278,Kawhi Leonard | Stephen Curry | Joel Embiid | Jayson Tatum | Ricky Rubio
PIE top15,positive,2,motor_competitiveness + intel_consensus,14,-0.0040444238257578,-0.00055131931382095,0.0,0.5,0.5,0.0,-0.007351665066835364,0.0,0.0,Donovan Mitchell | Jonas Valančiūnas | CJ McCollum | Aaron Gordon | Jaren Jackson Jr.
PIE top15,positive,3,athleticism_tools + motor_competitiveness + intel_consensus,14,-0.0040444238257578,-0.00055131931382095,0.0,0.5,0.5,0.0,-0.007351665066835364,0.0,0.0,Donovan Mitchell | Jonas Valančiūnas | CJ McCollum | Aaron Gordon | Jaren Jackson Jr.
xRAPM historical top30,positive,2,athleticism_tools + intel_consensus,26,-0.0040571065316569776,-0.3169021597710123,0.38461538461538464,0.6153846153846154,0.38461538461538464,0.3076923076923077,-0.08448773432714252,0.06371986222732495,-0.02315346345197089,Donovan Mitchell | Kyle Anderson | Jusuf Nurkić | Donte DiVincenzo | CJ McCollum
PIE top15,positive,3,shooting + motor_competitiveness + intel_consensus,13,-0.004534931987805608,-0.0019480557218348,0.0,0.5384615384615384,0.46153846153846156,0.0,-0.007842173228883172,0.0,0.0,Donovan Mitchell | Jonas Valančiūnas | CJ McCollum | Jaren Jackson Jr. | Trey Burke
PIE top30,positive,3,creation_handle + motor_competitiveness + intel_consensus,11,-0.004843487878433846,0.0008454170941929,0.0,0.45454545454545453,0.5454545454545454,0.0,-0.007891493521731935,0.0,0.0,Dennis Schröder | CJ McCollum | Jerian Grant | Arnett Moultrie | Trey Burke
PIE top15,positive,3,feel_iq_passing + motor_competitiveness + intel_consensus,12,-0.004917626586448575,-0.00055131931382095,0.0,0.5,0.5,0.0,-0.00822486782752614,0.0,0.0,Jonas Valančiūnas | CJ McCollum | Aaron Gordon | Jaren Jackson Jr. | Trey Burke
PIE available minutes weighted,positive,3,creation_handle + motor_competitiveness + intel_consensus,12,-0.004959516265785359,-0.00055131931382095,0.0,0.5,0.5,0.0,-0.00967892294472546,0.0,0.0,Dennis Schröder | CJ McCollum | Jerian Grant | Arnett Moultrie | Trey Burke
PIE available minutes weighted,positive,2,feel_iq_passing + risk_uncertainty,18,-0.005598429742630834,-0.00032038457004185004,0.0,0.5,0.5,0.0,-0.010317836421570935,0.0,0.0,Montrezl Harrell | Ja Morant | Solomon Alabi | Ante Zizic | Bruce Brown
PIE available minutes weighted,positive,3,feel_iq_passing + athleticism_tools + risk_uncertainty,18,-0.005598429742630834,-0.00032038457004185004,0.0,0.5,0.5,0.0,-0.010317836421570935,0.0,0.0,Montrezl Harrell | Ja Morant | Solomon Alabi | Ante Zizic | Bruce Brown
PIE available minutes weighted,positive,3,feel_iq_passing + production_stats + risk_uncertainty,18,-0.005598429742630834,-0.00032038457004185004,0.0,0.5,0.5,0.0,-0.010317836421570935,0.0,0.0,Montrezl Harrell | Ja Morant | Solomon Alabi | Ante Zizic | Bruce Brown
PIE top15,positive,3,shooting + creation_handle + intel_consensus,10,-0.00562955496988219,-0.00055131931382095,0.0,0.5,0.5,0.0,-0.008936796210959755,0.0,0.0,Kyle Anderson | CJ McCollum | Rodney Hood | Trey Burke | Marvin Bagley III
PIE top15,positive,3,creation_handle + athleticism_tools + intel_consensus,10,-0.00562955496988219,-0.00055131931382095,0.0,0.5,0.5,0.0,-0.008936796210959755,0.0,0.0,Kyle Anderson | CJ McCollum | Rodney Hood | Trey Burke | Marvin Bagley III
PIE available minutes weighted,positive,3,feel_iq_passing + defense + risk_uncertainty,17,-0.0056941356541800525,0.0020293868391951,0.0,0.47058823529411764,0.5294117647058824,0.0,-0.010413542333120154,0.0,0.0,Montrezl Harrell | Ja Morant | Solomon Alabi | Ante Zizic | Bruce Brown
xRAPM historical mature,positive,3,shooting + upside_tools + production_stats,201,-0.005858112372489704,-0.0762037037037035,0.32338308457711445,0.5223880597014925,0.47761194029850745,0.31840796019900497,-0.093365891590166,-0.01800177854687912,-0.005263537385536088,Joel Embiid | Malcolm Brogdon | Dillon Brooks | Aaron Wiggins | Chase Budinger
PIE top15,positive,3,motor_competitiveness + size_frame + intel_consensus,13,-0.006038942587748592,-0.0019480557218348,0.0,0.5384615384615384,0.46153846153846156,0.0,-0.009346183828826156,0.0,0.0,Donovan Mitchell | Jonas Valančiūnas | Aaron Gordon | Jaren Jackson Jr. | Trey Burke
xRAPM historical mature,positive,3,finishing_touch + upside_tools + defense,138,-0.006079880475707313,-0.052585978835978646,0.2898550724637681,0.5144927536231884,0.4855072463768116,0.3188405797101449,-0.09358765969338362,-0.05152979066022545,-0.004830917874396157,Rudy Gobert | Joel Embiid | Nikola Mirotic | Chase Budinger | Bam Adebayo
xRAPM historical top30,positive,2,shooting + risk_uncertainty,16,-0.006271185010378794,-0.1019021597710122,0.1875,0.625,0.375,0.3125,-0.08670181280586434,-0.13339552238805968,-0.0183457711442786,Klay Thompson | Montrezl Harrell | Ja Morant | Cody Zeller | Otto Porter Jr.
xRAPM historical top30,positive,3,shooting + athleticism_tools + risk_uncertainty,16,-0.006271185010378794,-0.1019021597710122,0.1875,0.625,0.375,0.3125,-0.08670181280586434,-0.13339552238805968,-0.0183457711442786,Klay Thompson | Montrezl Harrell | Ja Morant | Cody Zeller | Otto Porter Jr.
PIE available minutes weighted,positive,3,feel_iq_passing + size_frame + risk_uncertainty,16,-0.006295055865770405,-0.00032038457004185004,0.0,0.5,0.5,0.0,-0.011014462544710507,0.0,0.0,Montrezl Harrell | Ja Morant | Solomon Alabi | Ante Zizic | Bruce Brown
xRAPM historical top15,positive,2,finishing_touch + defense,101,-0.006488889141660926,0.0501639344262294,0.27722772277227725,0.46534653465346537,0.5346534653465347,0.31683168316831684,-0.12124099694866296,-0.020069574525020062,-0.034519668183034535,Kawhi Leonard | Franz Wagner | Joel Embiid | Jayson Tatum | Ricky Rubio
xRAPM historical top15,positive,3,finishing_touch + athleticism_tools + defense,101,-0.006488889141660926,0.0501639344262294,0.27722772277227725,0.46534653465346537,0.5346534653465347,0.31683168316831684,-0.12124099694866296,-0.020069574525020062,-0.034519668183034535,Kawhi Leonard | Franz Wagner | Joel Embiid | Jayson Tatum | Ricky Rubio
PIE available minutes weighted,positive,3,feel_iq_passing + shooting + risk_uncertainty,16,-0.0066238468033429235,-0.00032038457004185004,0.0,0.5,0.5,0.0,-0.011343253482283025,0.0,0.0,Montrezl Harrell | Ja Morant | Solomon Alabi | Bruce Brown | Obi Toppin
xRAPM historical mature,positive,3,feel_iq_passing + finishing_touch + size_frame,191,-0.00717409459748022,-0.0033730158730158,0.3089005235602094,0.5026178010471204,0.4973821989528796,0.31413612565445026,-0.09468187381515653,-0.03248433956378416,-0.009535371930090797,Franz Wagner | Mitchell Robinson | Desmond Bane | Joel Embiid | Jayson Tatum
xRAPM historical top15,positive,3,finishing_touch + defense + size_frame,84,-0.007909490114502824,0.11997614710729484,0.2619047619047619,0.44047619047619047,0.5595238095238095,0.32142857142857145,-0.12266159792150486,-0.035392535392535396,-0.02992277992277992,Franz Wagner | Joel Embiid | Jayson Tatum | Ricky Rubio | Michael Porter Jr.
PIE top30,positive,2,athleticism_tools + risk_uncertainty,18,-0.008839558552510333,-0.00481658884023405,0.0,0.6111111111111112,0.3888888888888889,0.0,-0.011887564195808423,0.0,0.0,Montrezl Harrell | Ja Morant | Ante Zizic | Obi Toppin | Klay Thompson
PIE top30,positive,2,production_stats + risk_uncertainty,17,-0.008971934609174165,-0.0039714292462941,0.0,0.5882352941176471,0.4117647058823529,0.0,-0.012019940252472255,0.0,0.0,Montrezl Harrell | Ja Morant | Ante Zizic | Obi Toppin | Klay Thompson
PIE top30,positive,3,athleticism_tools + production_stats + risk_uncertainty,17,-0.008971934609174165,-0.0039714292462941,0.0,0.5882352941176471,0.4117647058823529,0.0,-0.012019940252472255,0.0,0.0,Montrezl Harrell | Ja Morant | Ante Zizic | Obi Toppin | Klay Thompson
xRAPM historical mature,positive,3,finishing_touch + defense + size_frame,204,-0.009072807947704356,-0.03396825396825385,0.3235294117647059,0.5049019607843137,0.4950980392156863,0.31862745098039214,-0.09658058716538066,-0.017855451359287677,-0.005044046604148922,Franz Wagner | Rudy Gobert | Mitchell Robinson | Desmond Bane | Joel Embiid
PIE top30,positive,2,feel_iq_passing + risk_uncertainty,14,-0.009213385813628624,-0.0009710212035495,0.0,0.5,0.5,0.0,-0.012261391456926713,0.0,0.0,Montrezl Harrell | Ja Morant | Ante Zizic | Obi Toppin | Klay Thompson
PIE top30,positive,3,feel_iq_passing + athleticism_tools + risk_uncertainty,14,-0.009213385813628624,-0.0009710212035495,0.0,0.5,0.5,0.0,-0.012261391456926713,0.0,0.0,Montrezl Harrell | Ja Morant | Ante Zizic | Obi Toppin | Klay Thompson
PIE top30,positive,3,feel_iq_passing + production_stats + risk_uncertainty,14,-0.009213385813628624,-0.0009710212035495,0.0,0.5,0.5,0.0,-0.012261391456926713,0.0,0.0,Montrezl Harrell | Ja Morant | Ante Zizic | Obi Toppin | Klay Thompson
PIE top30,positive,3,feel_iq_passing + defense + risk_uncertainty,13,-0.009616613241885123,0.0020293868391951,0.0,0.46153846153846156,0.5384615384615384,0.0,-0.012664618885183212,0.0,0.0,Montrezl Harrell | Ja Morant | Ante Zizic | Obi Toppin | Klay Thompson
xRAPM historical mature,positive,3,creation_handle + production_stats + intel_consensus,13,-0.009662911759685896,-0.5412037037037036,0.46153846153846156,0.5384615384615384,0.46153846153846156,0.38461538461538464,-0.0971706909773622,0.12015359841446799,0.06094388703084358,Kyle Anderson | CJ McCollum | Rodney Hood | Gary Harris | Jon Brockman
PIE top30,positive,2,defense + risk_uncertainty,15,-0.009721912530958794,-0.005661748434174,0.0,0.5333333333333333,0.4666666666666667,0.0,-0.012769918174256883,0.0,0.0,Montrezl Harrell | Ja Morant | Ante Zizic | Obi Toppin | Klay Thompson
PIE top30,positive,3,athleticism_tools + defense + risk_uncertainty,15,-0.009721912530958794,-0.005661748434174,0.0,0.5333333333333333,0.4666666666666667,0.0,-0.012769918174256883,0.0,0.0,Montrezl Harrell | Ja Morant | Ante Zizic | Obi Toppin | Klay Thompson
PIE top30,positive,3,defense + production_stats + risk_uncertainty,15,-0.009721912530958794,-0.005661748434174,0.0,0.5333333333333333,0.4666666666666667,0.0,-0.012769918174256883,0.0,0.0,Montrezl Harrell | Ja Morant | Ante Zizic | Obi Toppin | Klay Thompson
PIE top30,positive,2,size_frame + risk_uncertainty,16,-0.009941325776884844,-0.0061254570116996004,0.0,0.625,0.375,0.0,-0.012989331420182933,0.0,0.0,Montrezl Harrell | Ja Morant | Ante Zizic | Obi Toppin | Klay Thompson
PIE top30,positive,3,athleticism_tools + size_frame + risk_uncertainty,16,-0.009941325776884844,-0.0061254570116996004,0.0,0.625,0.375,0.0,-0.012989331420182933,0.0,0.0,Montrezl Harrell | Ja Morant | Ante Zizic | Obi Toppin | Klay Thompson
PIE top30,positive,3,size_frame + production_stats + risk_uncertainty,15,-0.010164803122728822,-0.005661748434174,0.0,0.6,0.4,0.0,-0.013212808766026912,0.0,0.0,Montrezl Harrell | Ja Morant | Ante Zizic | Obi Toppin | Klay Thompson
xRAPM historical top30,positive,3,creation_handle + motor_competitiveness + size_frame,125,-0.010324511173171872,0.1421693121693121,0.36,0.472,0.528,0.336,-0.09075513896865742,0.0391044776119403,0.005154228855721421,Stephen Curry | Joel Embiid | Jayson Tatum | Ricky Rubio | Jrue Holiday
xRAPM historical top30,positive,3,upside_tools + defense + production_stats,142,-0.010564506402297077,-0.0020212073900599,0.28169014084507044,0.5,0.5,0.323943661971831,-0.09099513419778262,-0.03920538154298925,-0.006902109172447601,Joel Embiid | Chase Budinger | Bam Adebayo | Tyrese Haliburton | Montrezl Harrell
PIE top30,positive,3,defense + size_frame + risk_uncertainty,14,-0.010696376835403395,-0.00679599383269715,0.0,0.5714285714285714,0.42857142857142855,0.0,-0.013744382478701484,0.0,0.0,Montrezl Harrell | Ja Morant | Ante Zizic | Obi Toppin | Klay Thompson
PIE top30,positive,3,feel_iq_passing + size_frame + risk_uncertainty,12,-0.010744713322981018,-0.00181618079748945,0.0,0.5,0.5,0.0,-0.013792718966279108,0.0,0.0,Montrezl Harrell | Ja Morant | Ante Zizic | Obi Toppin | Klay Thompson
PIE top30,positive,2,shooting + risk_uncertainty,16,-0.010873300579463376,-0.00481658884023405,0.0,0.625,0.375,0.0,-0.013921306222761465,0.0,0.0,Montrezl Harrell | Ja Morant | Obi Toppin | Klay Thompson | Kyrie Irving
PIE top30,positive,3,shooting + athleticism_tools + risk_uncertainty,16,-0.010873300579463376,-0.00481658884023405,0.0,0.625,0.375,0.0,-0.013921306222761465,0.0,0.0,Montrezl Harrell | Ja Morant | Obi Toppin | Klay Thompson | Kyrie Irving
PIE top30,positive,3,shooting + production_stats + risk_uncertainty,15,-0.011158909578812586,-0.0039714292462941,0.0,0.6,0.4,0.0,-0.014206915222110676,0.0,0.0,Montrezl Harrell | Ja Morant | Obi Toppin | Klay Thompson | Kyrie Irving
PIE top30,positive,3,feel_iq_passing + shooting + risk_uncertainty,13,-0.0118386801240791,-0.0039714292462941,0.0,0.5384615384615384,0.46153846153846156,0.0,-0.01488668576737719,0.0,0.0,Montrezl Harrell | Ja Morant | Obi Toppin | Klay Thompson | Kyrie Irving
PIE top30,positive,3,shooting + defense + risk_uncertainty,13,-0.012360726406969993,-0.005661748434174,0.0,0.5384615384615384,0.46153846153846156,0.0,-0.015408732050268083,0.0,0.0,Montrezl Harrell | Ja Morant | Obi Toppin | Klay Thompson | Kyrie Irving
xRAPM historical top30,positive,2,finishing_touch + motor_competitiveness,187,-0.012398027400280474,-0.0389682539682539,0.32620320855614976,0.5080213903743316,0.4919786096256685,0.3155080213903743,-0.09282865519576602,0.0053076861680900755,-0.015337749753904284,Kawhi Leonard | Franz Wagner | Rudy Gobert | Joel Embiid | Jayson Tatum
xRAPM historical top30,positive,3,finishing_touch + athleticism_tools + motor_competitiveness,187,-0.012398027400280474,-0.0389682539682539,0.32620320855614976,0.5080213903743316,0.4919786096256685,0.3155080213903743,-0.09282865519576602,0.0053076861680900755,-0.015337749753904284,Kawhi Leonard | Franz Wagner | Rudy Gobert | Joel Embiid | Jayson Tatum
PIE top30,positive,3,shooting + size_frame + risk_uncertainty,14,-0.01242299769688468,-0.0061254570116996004,0.0,0.6428571428571429,0.35714285714285715,0.0,-0.01547100334018277,0.0,0.0,Montrezl Harrell | Ja Morant | Obi Toppin | Klay Thompson | Rui Hachimura
xRAPM historical top30,positive,2,creation_handle + size_frame,153,-0.013319144647192147,0.1028968253968261,0.35294117647058826,0.48366013071895425,0.5163398692810458,0.3202614379084967,-0.0937497724426777,0.032045654082528574,-0.010584333235781895,Stephen Curry | Joel Embiid | Jayson Tatum | Ricky Rubio | Nikola Mirotic
xRAPM historical top30,positive,3,creation_handle + athleticism_tools + size_frame,153,-0.013319144647192147,0.1028968253968261,0.35294117647058826,0.48366013071895425,0.5163398692810458,0.3202614379084967,-0.0937497724426777,0.032045654082528574,-0.010584333235781895,Stephen Curry | Joel Embiid | Jayson Tatum | Ricky Rubio | Nikola Mirotic
xRAPM historical mature,positive,3,creation_handle + finishing_touch + defense,131,-0.014292089802538885,0.1201639344262295,0.3282442748091603,0.4732824427480916,0.5267175572519084,0.3435114503816794,-0.10179986902021519,-0.01314058831483328,0.01983995279713835,Kawhi Leonard | Mitchell Robinson | Joel Embiid | Jayson Tatum | Ricky Rubio
xRAPM historical top30,positive,3,finishing_touch + upside_tools + size_frame,107,-0.014495118629981764,0.0001639344262294,0.3177570093457944,0.4953271028037383,0.5046728971962616,0.3364485981308411,-0.0949257464254673,-0.003138513042265312,0.0056028269865625036,Rudy Gobert | Joel Embiid | Nikola Mirotic | Bam Adebayo | Ivica Zubac
xRAPM historical mature,positive,3,athleticism_tools + upside_tools + production_stats,212,-0.015195348163501491,-0.07119128274616054,0.330188679245283,0.5188679245283019,0.4811320754716981,0.32075471698113206,-0.10270312738117779,-0.011196183878710575,-0.002916780603408997,Joel Embiid | Malcolm Brogdon | Dillon Brooks | Aaron Wiggins | Chase Budinger
xRAPM historical top15,positive,3,finishing_touch + motor_competitiveness + size_frame,85,-0.017801708817592316,0.1201639344262295,0.29411764705882354,0.4470588235294118,0.5529411764705883,0.32941176470588235,-0.13255381662459434,-0.0031796502384737746,-0.021939586645469022,Franz Wagner | Joel Embiid | Jayson Tatum | Ricky Rubio | Michael Porter Jr.
xRAPM historical mature,positive,3,motor_competitiveness + size_frame + production_stats,257,-0.018684824141649285,-0.1171031746031743,0.33073929961089493,0.5214007782101168,0.4785992217898833,0.3035019455252918,-0.1061926033593256,-0.010645563513098644,-0.02016955205924925,Stephen Curry | Franz Wagner | Mitchell Robinson | Joel Embiid | Malcolm Brogdon
xRAPM historical mature,positive,2,upside_tools + production_stats,214,-0.019889475107926106,-0.09092443249701296,0.32710280373831774,0.5233644859813084,0.4766355140186916,0.3177570093457944,-0.1073972543256024,-0.014282059385675838,-0.005914488238746685,Joel Embiid | Malcolm Brogdon | Dillon Brooks | Aaron Wiggins | Chase Budinger
xRAPM historical mature,positive,3,feel_iq_passing + finishing_touch + production_stats,200,-0.02093581611001154,-0.0161706349206348,0.31,0.505,0.495,0.325,-0.10844359532768784,-0.03138486312399358,0.0013285024154589542,Franz Wagner | Mitchell Robinson | Desmond Bane | Joel Embiid | Jayson Tatum
xRAPM historical mature,positive,3,upside_tools + defense + size_frame,170,-0.021288706338906074,-0.07119128274616054,0.3235294117647059,0.5117647058823529,0.48823529411764705,0.32941176470588235,-0.10879648555658238,-0.017855451359287677,0.0057402671213412915,Rudy Gobert | Joel Embiid | Malcolm Brogdon | Nikola Mirotic | Khris Middleton
xRAPM historical top30,positive,3,shooting + creation_handle + size_frame,149,-0.022211825068813487,0.0387962962962962,0.35570469798657717,0.4899328859060403,0.5100671140939598,0.31543624161073824,-0.10264245286429903,0.03480917559851748,-0.015409529533540356,Stephen Curry | Joel Embiid | Jayson Tatum | Ricky Rubio | Nikola Mirotic
xRAPM historical top30,positive,3,shooting + upside_tools + defense,156,-0.02222610666183372,-0.0444021597710123,0.30128205128205127,0.5128205128205128,0.48717948717948717,0.3333333333333333,-0.10265673445731927,-0.019613471106008418,0.002487562189054715,Rudy Gobert | Joel Embiid | Nikola Mirotic | Chase Budinger | Bam Adebayo
xRAPM historical mature,positive,2,motor_competitiveness + size_frame,303,-0.022475350496613686,-0.1495121951219511,0.33993399339933994,0.5247524752475248,0.4752475247524752,0.297029702970297,-0.10998312971428999,-0.0014508697246536362,-0.02664179461424404,Stephen Curry | Franz Wagner | Rudy Gobert | Mitchell Robinson | Joel Embiid
xRAPM historical mature,positive,3,athleticism_tools + motor_competitiveness + size_frame,301,-0.023505306770897325,-0.1495121951219511,0.34219269102990035,0.5249169435215947,0.4750830564784053,0.29900332225913623,-0.11101308598857362,0.0008078279059067772,-0.02466817532540483,Stephen Curry | Franz Wagner | Rudy Gobert | Mitchell Robinson | Joel Embiid
xRAPM historical top30,positive,3,feel_iq_passing + shooting + upside_tools,148,-0.023724751179702002,-0.016587301587301498,0.2905405405405405,0.5067567567567568,0.49324324324324326,0.31756756756756754,-0.10415537897518755,-0.03035498184751917,-0.013278203576711056,Joel Embiid | Nikola Mirotic | Chase Budinger | Tyrese Haliburton | Montrezl Harrell
xRAPM historical mature,positive,3,feel_iq_passing + upside_tools + motor_competitiveness,155,-0.024145339259730975,-0.0289682539682538,0.2903225806451613,0.5096774193548387,0.49032258064516127,0.3096774193548387,-0.11165311847740728,-0.051062282478832266,-0.013994078229702334,Joel Embiid | Malcolm Brogdon | Aaron Wiggins | Chase Budinger | Bruce Brown
xRAPM historical top15,positive,3,feel_iq_passing + creation_handle + finishing_touch,62,-0.02417204441085,0.20882936507936506,0.3225806451612903,0.43548387096774194,0.5645161290322581,0.3548387096774194,-0.13892415221785204,0.025283347863993,0.003487358326068002,Kawhi Leonard | Joel Embiid | Jayson Tatum | Ricky Rubio | Jamal Murray
xRAPM historical top30,positive,3,shooting + finishing_touch + athleticism_tools,213,-0.02426562314073026,-0.1056451612903224,0.3427230046948357,0.5258215962441315,0.47417840375586856,0.3192488262910798,-0.1046962509362158,0.021827482306776003,-0.011596944853198787,Kawhi Leonard | Franz Wagner | Rudy Gobert | Desmond Bane | Joel Embiid
xRAPM historical top30,positive,2,defense + intel_consensus,21,-0.024288124223973175,-0.2539682539682539,0.3333333333333333,0.6190476190476191,0.38095238095238093,0.3333333333333333,-0.10471875201945871,0.01243781094527363,0.002487562189054715,Donovan Mitchell | Kyle Anderson | Donte DiVincenzo | CJ McCollum | Rodney Hood
xRAPM historical top30,positive,3,athleticism_tools + defense + intel_consensus,21,-0.024288124223973175,-0.2539682539682539,0.3333333333333333,0.6190476190476191,0.38095238095238093,0.3333333333333333,-0.10471875201945871,0.01243781094527363,0.002487562189054715,Donovan Mitchell | Kyle Anderson | Donte DiVincenzo | CJ McCollum | Rodney Hood
xRAPM historical top15,positive,3,defense + size_frame + intel_consensus,13,-0.024970315443610145,-0.2539682539682539,0.3076923076923077,0.6923076923076923,0.3076923076923077,0.3076923076923077,-0.13972242325061218,0.010395010395010396,-0.04365904365904366,Donovan Mitchell | Kyle Anderson | Rodney Hood | Gary Harris | Jaren Jackson Jr.
xRAPM historical mature,positive,3,feel_iq_passing + shooting + finishing_touch,225,-0.028381090128001343,-0.1056451612903224,0.3333333333333333,0.5333333333333333,0.4666666666666667,0.3111111111111111,-0.11588886934567764,-0.008051529790660261,-0.01256038647342994,Kawhi Leonard | Franz Wagner | Mitchell Robinson | Desmond Bane | Joel Embiid
xRAPM historical mature,positive,3,shooting + finishing_touch + defense,244,-0.029948213332774008,-0.1034005376344087,0.3319672131147541,0.5286885245901639,0.4713114754098361,0.3155737704918033,-0.1174559925504503,-0.009417650009239498,-0.008097727092737761,Kawhi Leonard | Franz Wagner | Rudy Gobert | Mitchell Robinson | Desmond Bane
xRAPM historical top15,positive,3,feel_iq_passing + finishing_touch + production_stats,85,-0.02997319864861495,0.1142063492063494,0.2823529411764706,0.4588235294117647,0.5411764705882353,0.3411764705882353,-0.144725306455617,-0.01494435612082673,-0.010174880763116068,Franz Wagner | Joel Embiid | Jayson Tatum | Ricky Rubio | John Collins
xRAPM historical top30,positive,2,production_stats + intel_consensus,22,-0.030058624000321433,-0.3169021597710123,0.36363636363636365,0.6363636363636364,0.36363636363636365,0.3181818181818182,-0.11048925179580697,0.04274084124830396,-0.012663952962460423,Donovan Mitchell | Kyle Anderson | Donte DiVincenzo | CJ McCollum | Rodney Hood
xRAPM historical top30,positive,3,athleticism_tools + production_stats + intel_consensus,22,-0.030058624000321433,-0.3169021597710123,0.36363636363636365,0.6363636363636364,0.36363636363636365,0.3181818181818182,-0.11048925179580697,0.04274084124830396,-0.012663952962460423,Donovan Mitchell | Kyle Anderson | Donte DiVincenzo | CJ McCollum | Rodney Hood
xRAPM historical top15,positive,3,shooting + finishing_touch + defense,96,-0.030293754873882434,0.0821851418162894,0.2916666666666667,0.46875,0.53125,0.3125,-0.14504586268088446,-0.005630630630630629,-0.03885135135135137,Kawhi Leonard | Franz Wagner | Joel Embiid | Jayson Tatum | Ricky Rubio
xRAPM historical mature,positive,3,creation_handle + athleticism_tools + upside_tools,120,-0.03087359917561295,-0.00274061343204645,0.35,0.5,0.5,0.325,-0.11838137839328924,0.008615136876006402,0.0013285024154589542,Joel Embiid | Malcolm Brogdon | Nikola Mirotic | Dillon Brooks | Tyrese Haliburton
xRAPM historical top30,positive,2,shooting + finishing_touch,214,-0.03134001501330148,-0.11137416794674836,0.34579439252336447,0.5280373831775701,0.4719626168224299,0.3177570093457944,-0.11177064280878701,0.024898870135304785,-0.013088761798484227,Kawhi Leonard | Franz Wagner | Rudy Gobert | Desmond Bane | Joel Embiid
xRAPM historical top30,positive,3,size_frame + production_stats + risk_uncertainty,15,-0.03143740637669939,-0.0289682539682538,0.26666666666666666,0.5333333333333333,0.4666666666666667,0.3333333333333333,-0.11186803417218494,-0.05422885572139302,0.002487562189054715,Klay Thompson | Montrezl Harrell | Ja Morant | Cody Zeller | Otto Porter Jr.
xRAPM historical top30,positive,3,shooting + finishing_touch + motor_competitiveness,177,-0.03150340771448701,-0.1056451612903224,0.3333333333333333,0.519774011299435,0.480225988700565,0.3107344632768362,-0.11193403550997255,0.01243781094527363,-0.02011130786744242,Kawhi Leonard | Franz Wagner | Rudy Gobert | Joel Embiid | Jayson Tatum
xRAPM historical top15,positive,3,feel_iq_passing + production_stats + intel_consensus,13,-0.03152004159539845,-0.2539682539682539,0.3076923076923077,0.6923076923076923,0.3076923076923077,0.3076923076923077,-0.14627214940240046,0.010395010395010396,-0.04365904365904366,Kyle Anderson | CJ McCollum | Rodney Hood | Gary Harris | Jaren Jackson Jr.
xRAPM historical top30,positive,3,feel_iq_passing + creation_handle + upside_tools,87,-0.0320528731426565,0.0001639344262294,0.3218390804597701,0.4942528735632184,0.5057471264367817,0.3218390804597701,-0.11248350093814205,0.0009435580717104264,-0.00900669068450849,Joel Embiid | Nikola Mirotic | Tyrese Haliburton | Montrezl Harrell | Isaiah Hartenstein
xRAPM historical mature,positive,3,shooting + motor_competitiveness + size_frame,282,-0.03305505133106601,-0.16471335597057155,0.3475177304964539,0.5354609929078015,0.4645390070921986,0.29432624113475175,-0.12056283054874231,0.006132867372460327,-0.029345256449789303,Stephen Curry | Franz Wagner | Rudy Gobert | Mitchell Robinson | Joel Embiid
xRAPM historical top30,positive,3,finishing_touch + size_frame + production_stats,158,-0.03458249469229356,-0.0161706349206348,0.31645569620253167,0.5063291139240507,0.4936708860759494,0.31645569620253167,-0.1150131224877791,-0.0044398261855280174,-0.014390074941746933,Franz Wagner | Desmond Bane | Joel Embiid | Jayson Tatum | Ricky Rubio
xRAPM historical top30,positive,3,shooting + finishing_touch + size_frame,174,-0.03463907948276685,-0.0575859788359787,0.3333333333333333,0.5172413793103449,0.4827586206896552,0.3103448275862069,-0.11506970727825239,0.01243781094527363,-0.020500943558071694,Franz Wagner | Rudy Gobert | Desmond Bane | Joel Embiid | Jayson Tatum
xRAPM historical mature,positive,2,creation_handle + upside_tools,121,-0.03671020723699778,-0.0056451612903223,0.34710743801652894,0.5041322314049587,0.49586776859504134,0.32231404958677684,-0.12421798645467408,0.005722574892535359,-0.0013574479977642162,Joel Embiid | Malcolm Brogdon | Nikola Mirotic | Dillon Brooks | Tyrese Haliburton
xRAPM historical top15,positive,3,finishing_touch + size_frame + production_stats,86,-0.039896546606869955,0.11718514181628945,0.3023255813953488,0.45348837209302323,0.5465116279069767,0.32558139534883723,-0.154648654413872,0.005028284098051505,-0.02576995600251414,Franz Wagner | Joel Embiid | Jayson Tatum | Ricky Rubio | Michael Porter Jr.
xRAPM historical top30,positive,3,upside_tools + defense + size_frame,133,-0.04322631351135574,-0.0289682539682538,0.3082706766917293,0.5037593984962406,0.49624060150375937,0.3233082706766917,-0.12365694130684128,-0.012624845696330378,-0.007537500467586888,Rudy Gobert | Joel Embiid | Nikola Mirotic | Bam Adebayo | Tyrese Haliburton
xRAPM historical top30,positive,3,feel_iq_passing + size_frame + intel_consensus,19,-0.04436998192790862,-0.2539682539682539,0.3157894736842105,0.631578947368421,0.3684210526315789,0.2631578947368421,-0.12480060972339416,-0.005106048703849175,-0.06768787640743651,Kyle Anderson | Jusuf Nurkić | Rodney Hood | Gary Harris | Goga Bitadze
xRAPM historical top30,positive,3,finishing_touch + upside_tools + motor_competitiveness,105,-0.044402358768670484,-0.0289682539682538,0.2857142857142857,0.5047619047619047,0.49523809523809526,0.3142857142857143,-0.12483298656415603,-0.035181236673773986,-0.01656005685856432,Rudy Gobert | Joel Embiid | Chase Budinger | Bam Adebayo | Montrezl Harrell
xRAPM historical mature,positive,3,creation_handle + upside_tools + production_stats,106,-0.046372620103808895,-0.0298360655737707,0.33962264150943394,0.5,0.5,0.32075471698113206,-0.1338803993214852,-0.0017622216145596337,-0.002916780603408997,Joel Embiid | Malcolm Brogdon | Dillon Brooks | Tyrese Haliburton | Monte Morris
xRAPM historical top15,positive,2,finishing_touch + motor_competitiveness,101,-0.046919157206869885,0.04478835978836,0.3069306930693069,0.4752475247524752,0.5247524752475248,0.31683168316831684,-0.1616712650138719,0.009633395772009612,-0.034519668183034535,Kawhi Leonard | Franz Wagner | Joel Embiid | Jayson Tatum | Ricky Rubio
xRAPM historical top15,positive,3,finishing_touch + athleticism_tools + motor_competitiveness,101,-0.046919157206869885,0.04478835978836,0.3069306930693069,0.4752475247524752,0.5247524752475248,0.31683168316831684,-0.1616712650138719,0.009633395772009612,-0.034519668183034535,Kawhi Leonard | Franz Wagner | Joel Embiid | Jayson Tatum | Ricky Rubio
xRAPM historical top15,positive,2,finishing_touch + size_frame,94,-0.04702015543461047,0.1169973544973548,0.2978723404255319,0.4574468085106383,0.5425531914893617,0.3191489361702128,-0.16177226324161248,0.0005750431282345869,-0.03220241518113859,Franz Wagner | Joel Embiid | Jayson Tatum | Ricky Rubio | Michael Porter Jr.
xRAPM historical top15,positive,3,finishing_touch + athleticism_tools + size_frame,94,-0.04702015543461047,0.1169973544973548,0.2978723404255319,0.4574468085106383,0.5425531914893617,0.3191489361702128,-0.16177226324161248,0.0005750431282345869,-0.03220241518113859,Franz Wagner | Joel Embiid | Jayson Tatum | Ricky Rubio | Michael Porter Jr.
xRAPM historical mature,positive,2,finishing_touch + athleticism_tools,309,-0.04900428042442082,-0.1558245614035089,0.34951456310679613,0.5533980582524272,0.44660194174757284,0.3042071197411003,-0.13651205964209712,0.008129699982802552,-0.01946437784344074,Kawhi Leonard | Franz Wagner | Rudy Gobert | Mitchell Robinson | Desmond Bane
xRAPM historical top30,positive,2,production_stats + risk_uncertainty,17,-0.050410067562384996,-0.0289682539682538,0.23529411764705882,0.5882352941176471,0.4117647058823529,0.29411764705882354,-0.13084069535787055,-0.08560140474100086,-0.03672812408545506,Klay Thompson | Montrezl Harrell | Ja Morant | Cody Zeller | Otto Porter Jr.
xRAPM historical top30,positive,3,athleticism_tools + production_stats + risk_uncertainty,17,-0.050410067562384996,-0.0289682539682538,0.23529411764705882,0.5882352941176471,0.4117647058823529,0.29411764705882354,-0.13084069535787055,-0.08560140474100086,-0.03672812408545506,Klay Thompson | Montrezl Harrell | Ja Morant | Cody Zeller | Otto Porter Jr.
xRAPM historical top15,positive,3,size_frame + production_stats + intel_consensus,14,-0.051084186921140105,-0.3169021597710123,0.35714285714285715,0.7142857142857143,0.2857142857142857,0.2857142857142857,-0.16583629472814213,0.05984555984555984,-0.06563706563706567,Donovan Mitchell | Kyle Anderson | Rodney Hood | Gary Harris | Jaren Jackson Jr.
xRAPM historical mature,positive,2,finishing_touch + motor_competitiveness,251,-0.055623420848476046,-0.1495121951219511,0.3386454183266932,0.5298804780876494,0.4701195219123506,0.30677290836653387,-0.14313120006615235,-0.002739444797300372,-0.016898589218007187,Kawhi Leonard | Franz Wagner | Rudy Gobert | Mitchell Robinson | Joel Embiid
xRAPM historical mature,positive,3,finishing_touch + athleticism_tools + motor_competitiveness,251,-0.055623420848476046,-0.1495121951219511,0.3386454183266932,0.5298804780876494,0.4701195219123506,0.30677290836653387,-0.14313120006615235,-0.002739444797300372,-0.016898589218007187,Kawhi Leonard | Franz Wagner | Rudy Gobert | Mitchell Robinson | Joel Embiid
xRAPM historical mature,positive,3,upside_tools + defense + motor_competitiveness,166,-0.06005737067946178,-0.0444021597710123,0.3192771084337349,0.5120481927710844,0.4879518072289157,0.3192771084337349,-0.1475651498971381,-0.022107754690258663,-0.004394389150806144,Rudy Gobert | Joel Embiid | Malcolm Brogdon | Aaron Wiggins | Chase Budinger
xRAPM historical top15,positive,3,finishing_touch + defense + production_stats,88,-0.06034221736021255,0.0474761471072947,0.2840909090909091,0.4659090909090909,0.5340909090909091,0.3181818181818182,-0.17509432516721457,-0.013206388206388198,-0.033169533169533194,Franz Wagner | Joel Embiid | Jayson Tatum | Ricky Rubio | John Collins
xRAPM historical mature,positive,3,finishing_touch + defense + production_stats,216,-0.060468591853243846,-0.1016519457245265,0.3287037037037037,0.5185185185185185,0.48148148148148145,0.3148148148148148,-0.14797637107092015,-0.012681159420289856,-0.008856682769726232,Franz Wagner | Mitchell Robinson | Desmond Bane | Joel Embiid | Jayson Tatum
xRAPM historical mature,positive,3,shooting + creation_handle + upside_tools,115,-0.06424656620196346,-0.0598360655737708,0.3565217391304348,0.5130434782608696,0.48695652173913045,0.3130434782608696,-0.15175434541963978,0.015136876006441202,-0.010628019323671467,Joel Embiid | Malcolm Brogdon | Nikola Mirotic | Dillon Brooks | Tyrese Haliburton
xRAPM historical top30,positive,2,finishing_touch + production_stats,187,-0.06491401073951641,-0.1056451612903224,0.3315508021390374,0.5240641711229946,0.47593582887700536,0.31016042780748665,-0.14534463853500196,0.010655279750977742,-0.02068534333679195,Franz Wagner | Desmond Bane | Joel Embiid | Jayson Tatum | Ricky Rubio
xRAPM historical top30,positive,3,finishing_touch + athleticism_tools + production_stats,187,-0.06491401073951641,-0.1056451612903224,0.3315508021390374,0.5240641711229946,0.47593582887700536,0.31016042780748665,-0.14534463853500196,0.010655279750977742,-0.02068534333679195,Franz Wagner | Desmond Bane | Joel Embiid | Jayson Tatum | Ricky Rubio
xRAPM historical top30,positive,3,feel_iq_passing + upside_tools + motor_competitiveness,122,-0.06569849429079427,-0.016587301587301498,0.27049180327868855,0.5081967213114754,0.4918032786885246,0.30327868852459017,-0.14612912208627982,-0.05040371910937114,-0.027567082619688432,Joel Embiid | Chase Budinger | Montrezl Harrell | Michael Porter Jr. | Jarrett Allen
xRAPM historical top30,positive,2,finishing_touch + upside_tools,126,-0.06773657540174424,-0.11137416794674836,0.31746031746031744,0.5317460317460317,0.46825396825396826,0.30952380952380953,-0.14816720319722979,-0.0034352049277422414,-0.021321961620469065,Rudy Gobert | Joel Embiid | Nikola Mirotic | Chase Budinger | Bam Adebayo
xRAPM historical top30,positive,3,finishing_touch + athleticism_tools + upside_tools,126,-0.06773657540174424,-0.11137416794674836,0.31746031746031744,0.5317460317460317,0.46825396825396826,0.30952380952380953,-0.14816720319722979,-0.0034352049277422414,-0.021321961620469065,Rudy Gobert | Joel Embiid | Nikola Mirotic | Chase Budinger | Bam Adebayo
xRAPM historical mature,positive,3,shooting + size_frame + intel_consensus,25,-0.0677767802306169,-0.3798360655737707,0.36,0.64,0.36,0.28,-0.1552845594482932,0.01861513687600641,-0.04367149758454103,Donovan Mitchell | Kyle Anderson | Jusuf Nurkić | Cameron Johnson | Rodney Hood
xRAPM historical top30,positive,3,shooting + finishing_touch + production_stats,177,-0.06880656136763069,-0.1171031746031743,0.3333333333333333,0.5310734463276836,0.4689265536723164,0.3107344632768362,-0.14923718916311624,0.01243781094527363,-0.02011130786744242,Franz Wagner | Desmond Bane | Joel Embiid | Jayson Tatum | Ricky Rubio
xRAPM historical top30,positive,3,finishing_touch + motor_competitiveness + production_stats,163,-0.06948015880384523,-0.1056451612903224,0.3312883435582822,0.5214723926380368,0.4785276073619632,0.3067484662576687,-0.14991078659933077,0.0103928211702225,-0.024097304886609883,Franz Wagner | Joel Embiid | Jayson Tatum | Ricky Rubio | Chase Budinger
xRAPM historical mature,positive,2,athleticism_tools + upside_tools,262,-0.069691087132484,-0.1742191080557024,0.3473282442748092,0.549618320610687,0.45038167938931295,0.3053435114503817,-0.15719886635016028,0.005943381150815608,-0.01832798613415937,Rudy Gobert | Joel Embiid | Malcolm Brogdon | Nikola Mirotic | Dillon Brooks
xRAPM historical top15,positive,2,finishing_touch + athleticism_tools,114,-0.07094461821515191,0.020597840228987647,0.3157894736842105,0.49122807017543857,0.5087719298245614,0.30701754385964913,-0.18569672602215392,0.018492176386913195,-0.04433380749170224,Kawhi Leonard | Franz Wagner | Joel Embiid | Jayson Tatum | Ricky Rubio
xRAPM historical top30,positive,2,size_frame + risk_uncertainty,16,-0.07196232257651637,-0.1019021597710122,0.25,0.5625,0.4375,0.3125,-0.1523929503720019,-0.07089552238805968,-0.0183457711442786,Klay Thompson | Montrezl Harrell | Ja Morant | Cody Zeller | Otto Porter Jr.
xRAPM historical top30,positive,3,athleticism_tools + size_frame + risk_uncertainty,16,-0.07196232257651637,-0.1019021597710122,0.25,0.5625,0.4375,0.3125,-0.1523929503720019,-0.07089552238805968,-0.0183457711442786,Klay Thompson | Montrezl Harrell | Ja Morant | Cody Zeller | Otto Porter Jr.
xRAPM historical mature,positive,2,creation_handle + intel_consensus,15,-0.07202824714115034,-0.5412037037037036,0.4666666666666667,0.5333333333333333,0.4666666666666667,0.3333333333333333,-0.15953602635882663,0.1252818035426731,0.009661835748792258,Kyle Anderson | CJ McCollum | Rodney Hood | Gary Harris | Jon Brockman
xRAPM historical mature,positive,3,creation_handle + athleticism_tools + intel_consensus,15,-0.07202824714115034,-0.5412037037037036,0.4666666666666667,0.5333333333333333,0.4666666666666667,0.3333333333333333,-0.15953602635882663,0.1252818035426731,0.009661835748792258,Kyle Anderson | CJ McCollum | Rodney Hood | Gary Harris | Jon Brockman
xRAPM historical mature,positive,2,finishing_touch + size_frame,235,-0.07215183051063383,-0.1558245614035089,0.3446808510638298,0.5404255319148936,0.4595744680851064,0.2978723404255319,-0.15965960972831011,0.003295987939836209,-0.025799157159009156,Franz Wagner | Rudy Gobert | Mitchell Robinson | Desmond Bane | Joel Embiid
xRAPM historical mature,positive,3,finishing_touch + athleticism_tools + size_frame,235,-0.07215183051063383,-0.1558245614035089,0.3446808510638298,0.5404255319148936,0.4595744680851064,0.2978723404255319,-0.15965960972831011,0.003295987939836209,-0.025799157159009156,Franz Wagner | Rudy Gobert | Mitchell Robinson | Desmond Bane | Joel Embiid
xRAPM historical mature,positive,3,finishing_touch + upside_tools + size_frame,126,-0.07290823968910007,-0.09665343915343891,0.3333333333333333,0.5158730158730159,0.48412698412698413,0.3253968253968254,-0.16041601890677637,-0.008051529790660261,0.0017253278122843496,Rudy Gobert | Joel Embiid | Nikola Mirotic | Bam Adebayo | Ivica Zubac
xRAPM historical top15,positive,3,shooting + finishing_touch + motor_competitiveness,97,-0.07291186797188119,0.04478835978836,0.31958762886597936,0.4845360824742268,0.5154639175257731,0.30927835051546393,-0.18766397577888322,0.022290331568682042,-0.04207300083588744,Kawhi Leonard | Franz Wagner | Joel Embiid | Jayson Tatum | Ricky Rubio
xRAPM historical top15,positive,3,feel_iq_passing + defense + intel_consensus,13,-0.07538382118498456,-0.2539682539682539,0.3076923076923077,0.6923076923076923,0.3076923076923077,0.3076923076923077,-0.19013592899198659,0.010395010395010396,-0.04365904365904366,Kyle Anderson | CJ McCollum | Rodney Hood | Gary Harris | Jaren Jackson Jr.
xRAPM historical top15,positive,3,shooting + finishing_touch + size_frame,91,-0.07838842848138206,0.1142063492063494,0.3076923076923077,0.4725274725274725,0.5274725274725275,0.3076923076923077,-0.19314053628838407,0.010395010395010396,-0.04365904365904366,Franz Wagner | Joel Embiid | Jayson Tatum | Ricky Rubio | Michael Porter Jr.
xRAPM historical mature,positive,3,shooting + finishing_touch + motor_competitiveness,232,-0.07973673257313911,-0.1558245614035089,0.35344827586206895,0.5431034482758621,0.45689655172413796,0.3017241379310345,-0.1672445117908154,0.012063412738075374,-0.021947359653506582,Kawhi Leonard | Franz Wagner | Rudy Gobert | Mitchell Robinson | Joel Embiid
xRAPM historical top30,positive,3,athleticism_tools + upside_tools + production_stats,160,-0.0798841037102753,-0.0630074636811942,0.3125,0.51875,0.48125,0.30625,-0.16031473150576084,-0.008395522388059684,-0.024595771144278578,Joel Embiid | Chase Budinger | Bam Adebayo | Tyrese Haliburton | Montrezl Harrell
xRAPM historical mature,positive,2,size_frame + intel_consensus,28,-0.08173980740423532,-0.32967413034786086,0.35714285714285715,0.6428571428571429,0.35714285714285715,0.2857142857142857,-0.16924758662191164,0.015757994018863575,-0.03795721187025536,Donovan Mitchell | Kyle Anderson | Jusuf Nurkić | Cameron Johnson | Rodney Hood
xRAPM historical mature,positive,3,athleticism_tools + size_frame + intel_consensus,28,-0.08173980740423532,-0.32967413034786086,0.35714285714285715,0.6428571428571429,0.35714285714285715,0.2857142857142857,-0.16924758662191164,0.015757994018863575,-0.03795721187025536,Donovan Mitchell | Kyle Anderson | Jusuf Nurkić | Cameron Johnson | Rodney Hood
xRAPM historical top30,positive,3,finishing_touch + upside_tools + production_stats,107,-0.08235377425229477,-0.0762037037037035,0.29906542056074764,0.514018691588785,0.48598130841121495,0.308411214953271,-0.16278440204778033,-0.021830101827312043,-0.022434556191007593,Joel Embiid | Chase Budinger | Bam Adebayo | Montrezl Harrell | Michael Porter Jr.
xRAPM historical mature,positive,3,creation_handle + upside_tools + size_frame,96,-0.08250591798764838,0.10298280423280409,0.3541666666666667,0.4791666666666667,0.5208333333333334,0.3229166666666667,-0.17001369720532467,0.01278180354267311,-0.0007548309178743717,Joel Embiid | Malcolm Brogdon | Nikola Mirotic | Tyrese Haliburton | Montrezl Harrell
xRAPM historical top30,positive,3,creation_handle + defense + intel_consensus,11,-0.08317177147822298,-0.5412037037037036,0.45454545454545453,0.5454545454545454,0.45454545454545453,0.36363636363636365,-0.1636023992737085,0.13364993215739485,0.03279059249208505,Kyle Anderson | CJ McCollum | Rodney Hood | Gary Harris | Jerian Grant
xRAPM historical top15,positive,3,creation_handle + finishing_touch + defense,62,-0.08325062212588052,0.20882936507936506,0.3387096774193548,0.43548387096774194,0.5645161290322581,0.3387096774193548,-0.19800272993288254,0.0414123801220575,-0.012641673931996555,Kawhi Leonard | Joel Embiid | Jayson Tatum | Ricky Rubio | Karl-Anthony Towns
xRAPM historical mature,positive,3,shooting + athleticism_tools + upside_tools,243,-0.08478760947711145,-0.1748360655737706,0.35390946502057613,0.551440329218107,0.448559670781893,0.3004115226337449,-0.17229538869478775,0.012524601896582555,-0.02325997495079618,Rudy Gobert | Joel Embiid | Malcolm Brogdon | Nikola Mirotic | Dillon Brooks
xRAPM historical mature,positive,3,shooting + finishing_touch + athleticism_tools,286,-0.08514949799135496,-0.16533031348863975,0.36363636363636365,0.5664335664335665,0.43356643356643354,0.2972027972027972,-0.17265727720903126,0.02225150051237007,-0.02646870038174387,Kawhi Leonard | Franz Wagner | Rudy Gobert | Mitchell Robinson | Desmond Bane
xRAPM historical top30,positive,2,upside_tools + production_stats,162,-0.0852863608399871,-0.07119128274616054,0.30864197530864196,0.5246913580246914,0.47530864197530864,0.30246913580246915,-0.16571698863547263,-0.012253547079417726,-0.028376635341809453,Joel Embiid | Chase Budinger | Bam Adebayo | Tyrese Haliburton | Montrezl Harrell
xRAPM historical top30,positive,2,athleticism_tools + risk_uncertainty,18,-0.08537817856301749,-0.1019021597710122,0.2222222222222222,0.6111111111111112,0.3888888888888889,0.2777777777777778,-0.16580880635850304,-0.09867330016583747,-0.05306799336650081,Klay Thompson | Montrezl Harrell | Ja Morant | Cody Zeller | Otto Porter Jr.
xRAPM historical top30,positive,3,shooting + upside_tools + production_stats,154,-0.08724508600816568,-0.07119128274616054,0.3051948051948052,0.525974025974026,0.474025974025974,0.3051948051948052,-0.1676757138036512,-0.0157007171932545,-0.025650965949473414,Joel Embiid | Chase Budinger | Bam Adebayo | Tyrese Haliburton | Montrezl Harrell
xRAPM historical top30,positive,3,upside_tools + defense + motor_competitiveness,131,-0.08735307545301033,-0.0598360655737708,0.29770992366412213,0.5190839694656488,0.48091603053435117,0.31297709923664124,-0.16778370324849587,-0.02318559872393755,-0.017868671907637357,Rudy Gobert | Joel Embiid | Chase Budinger | Bam Adebayo | Montrezl Harrell
xRAPM historical mature,positive,2,shooting + upside_tools,245,-0.08831968557294667,-0.1776587301587302,0.3510204081632653,0.5551020408163265,0.4448979591836735,0.2979591836734694,-0.17582746479062297,0.00963554503927172,-0.02571231391107165,Rudy Gobert | Joel Embiid | Malcolm Brogdon | Nikola Mirotic | Dillon Brooks
xRAPM historical top30,positive,3,creation_handle + production_stats + intel_consensus,12,-0.08884405046367398,-0.6822883597883594,0.5,0.5833333333333334,0.4166666666666667,0.3333333333333333,-0.16927467825915954,0.17910447761194032,0.002487562189054715,Kyle Anderson | CJ McCollum | Rodney Hood | Gary Harris | Dario Saric
xRAPM historical mature,positive,3,creation_handle + finishing_touch + athleticism_tools,151,-0.0926423891549978,-0.0389682539682539,0.3576158940397351,0.5165562913907285,0.48344370860927155,0.31788079470198677,-0.1801501683726741,0.016231030915741518,-0.005790702882554288,Kawhi Leonard | Mitchell Robinson | Joel Embiid | Jayson Tatum | Ricky Rubio
xRAPM historical mature,positive,2,shooting + finishing_touch,288,-0.09302241008514042,-0.17801988463873697,0.3680555555555556,0.5694444444444444,0.4305555555555556,0.2951388888888889,-0.18053018930281672,0.026670692431562004,-0.028532608695652162,Kawhi Leonard | Franz Wagner | Rudy Gobert | Mitchell Robinson | Desmond Bane
xRAPM historical mature,positive,3,upside_tools + size_frame + production_stats,164,-0.09404924652392475,-0.11846962008847235,0.3353658536585366,0.524390243902439,0.47560975609756095,0.29878048780487804,-0.18155702574160104,-0.00601900946545697,-0.02489100977966302,Joel Embiid | Malcolm Brogdon | Khris Middleton | Bam Adebayo | Tyrese Haliburton
xRAPM historical top30,positive,3,creation_handle + finishing_touch + athleticism_tools,123,-0.09447936479665289,0.0001639344262294,0.34959349593495936,0.4959349593495935,0.5040650406504065,0.3170731707317073,-0.17490999259213844,0.02869797354689968,-0.013772600412571279,Kawhi Leonard | Joel Embiid | Jayson Tatum | Ricky Rubio | Nikola Mirotic
xRAPM historical top15,positive,2,shooting + finishing_touch,109,-0.09486705634047964,0.0001639344262294,0.3302752293577982,0.4954128440366973,0.5045871559633027,0.30275229357798167,-0.20961916414748166,0.03297793206050087,-0.0485990577733697,Kawhi Leonard | Franz Wagner | Joel Embiid | Jayson Tatum | Ricky Rubio
xRAPM historical top15,positive,3,shooting + finishing_touch + athleticism_tools,109,-0.09486705634047964,0.0001639344262294,0.3302752293577982,0.4954128440366973,0.5045871559633027,0.30275229357798167,-0.20961916414748166,0.03297793206050087,-0.0485990577733697,Kawhi Leonard | Franz Wagner | Joel Embiid | Jayson Tatum | Ricky Rubio
xRAPM historical top30,positive,3,creation_handle + upside_tools + defense,84,-0.09746109601271202,-0.0703148581837107,0.34523809523809523,0.5119047619047619,0.4880952380952381,0.32142857142857145,-0.17789172380819757,0.02434257285003555,-0.009417199715707147,Joel Embiid | Nikola Mirotic | Tyrese Haliburton | Montrezl Harrell | Matisse Thybulle
xRAPM historical mature,positive,3,finishing_touch + motor_competitiveness + size_frame,198,-0.09790056657908239,-0.13467413034786074,0.3434343434343434,0.5303030303030303,0.4696969696969697,0.29292929292929293,-0.1854083457967587,0.0020494803103498493,-0.03074220465524813,Franz Wagner | Rudy Gobert | Mitchell Robinson | Joel Embiid | Jayson Tatum
xRAPM historical top15,positive,3,creation_handle + finishing_touch + size_frame,61,-0.10060768212559737,0.2366269841269843,0.3442622950819672,0.4262295081967213,0.5737704918032787,0.3442622950819672,-0.2153597899325994,0.04696499778466989,-0.007089056269384164,Joel Embiid | Jayson Tatum | Ricky Rubio | Jamal Murray | Karl-Anthony Towns
xRAPM historical top15,positive,3,shooting + creation_handle + intel_consensus,10,-0.10095455709165382,-0.892083333333333,0.6,0.6,0.4,0.4,-0.21570666489865586,0.30270270270270266,0.04864864864864865,Kyle Anderson | CJ McCollum | Rodney Hood | Gary Harris | Trey Burke
xRAPM historical top15,positive,3,creation_handle + athleticism_tools + intel_consensus,10,-0.10095455709165382,-0.892083333333333,0.6,0.6,0.4,0.4,-0.21570666489865586,0.30270270270270266,0.04864864864864865,Kyle Anderson | CJ McCollum | Rodney Hood | Gary Harris | Trey Burke
xRAPM historical mature,positive,2,creation_handle + finishing_touch,152,-0.10215254109391869,-0.05988095238095225,0.3618421052631579,0.5197368421052632,0.48026315789473684,0.3157894736842105,-0.189660320311595,0.020457242139164333,-0.007882023900330548,Kawhi Leonard | Mitchell Robinson | Joel Embiid | Jayson Tatum | Ricky Rubio
xRAPM historical mature,positive,3,defense + size_frame + intel_consensus,22,-0.10308401579243241,-0.2667402245451025,0.3181818181818182,0.6363636363636364,0.36363636363636365,0.3181818181818182,-0.1905917950101087,-0.0232030449421754,-0.00548967940272288,Donovan Mitchell | Kyle Anderson | Cameron Johnson | Rodney Hood | Gary Harris
xRAPM historical mature,positive,2,finishing_touch + upside_tools,159,-0.10381563186953091,-0.1558245614035089,0.3333333333333333,0.5534591194968553,0.44654088050314467,0.29559748427672955,-0.1913234110872072,-0.008051529790660261,-0.028074013307811507,Rudy Gobert | Joel Embiid | Nikola Mirotic | Dillon Brooks | Chase Budinger
xRAPM historical mature,positive,3,finishing_touch + athleticism_tools + upside_tools,159,-0.10381563186953091,-0.1558245614035089,0.3333333333333333,0.5534591194968553,0.44654088050314467,0.29559748427672955,-0.1913234110872072,-0.008051529790660261,-0.028074013307811507,Rudy Gobert | Joel Embiid | Nikola Mirotic | Dillon Brooks | Chase Budinger
xRAPM historical top15,positive,3,feel_iq_passing + upside_tools + defense,70,-0.10457448138195281,0.0794973544973547,0.2857142857142857,0.4714285714285714,0.5285714285714286,0.3142857142857143,-0.21932658918895484,-0.011583011583011615,-0.03706563706563709,Joel Embiid | Tyrese Haliburton | Michael Porter Jr. | Karl-Anthony Towns | Evan Mobley
xRAPM historical mature,positive,3,upside_tools + motor_competitiveness + production_stats,166,-0.1060249687014742,-0.11846962008847235,0.3313253012048193,0.536144578313253,0.463855421686747,0.30120481927710846,-0.19353274791915048,-0.010059561919174287,-0.022466678307432597,Joel Embiid | Malcolm Brogdon | Aaron Wiggins | Chase Budinger | Bam Adebayo
xRAPM historical top30,positive,2,creation_handle + finishing_touch,124,-0.10612215607951025,-0.0016045407233932,0.3548387096774194,0.5,0.5,0.31451612903225806,-0.1865527838749958,0.03394318728935969,-0.016329642112020537,Kawhi Leonard | Joel Embiid | Jayson Tatum | Ricky Rubio | Nikola Mirotic
xRAPM historical top15,positive,3,creation_handle + finishing_touch + motor_competitiveness,67,-0.10748728579427448,0.2366269841269843,0.373134328358209,0.44776119402985076,0.5522388059701493,0.34328358208955223,-0.2222393936012765,0.07583703106091166,-0.00806776926179914,Kawhi Leonard | Joel Embiid | Jayson Tatum | Ricky Rubio | Jamal Murray
xRAPM historical top15,positive,3,feel_iq_passing + finishing_touch + upside_tools,55,-0.10793301387880973,0.1142063492063494,0.2909090909090909,0.45454545454545453,0.5454545454545454,0.32727272727272727,-0.22268512168581175,-0.006388206388206419,-0.0240786240786241,Joel Embiid | Michael Porter Jr. | Jamal Murray | Karl-Anthony Towns | Evan Mobley
xRAPM historical top30,positive,3,creation_handle + finishing_touch + size_frame,104,-0.10807189320908633,0.05153037991152775,0.34615384615384615,0.49038461538461536,0.5096153846153846,0.3076923076923077,-0.18850252100457188,0.02525832376578646,-0.02315346345197089,Joel Embiid | Jayson Tatum | Ricky Rubio | Nikola Mirotic | Montrezl Harrell
xRAPM historical top15,positive,3,feel_iq_passing + upside_tools + size_frame,68,-0.10814771404772018,0.1741005291005289,0.3235294117647059,0.45588235294117646,0.5441176470588235,0.3235294117647059,-0.2228998218547222,0.026232114467408585,-0.027821939586645472,Joel Embiid | Tyrese Haliburton | Michael Porter Jr. | Jamal Murray | Karl-Anthony Towns
xRAPM historical top30,positive,2,athleticism_tools + upside_tools,194,-0.10993065518130038,-0.11846962008847235,0.33505154639175255,0.5412371134020618,0.4587628865979381,0.29896907216494845,-0.19036128297678592,0.014156024003692869,-0.031876698979330154,Rudy Gobert | Joel Embiid | Nikola Mirotic | Chase Budinger | Bam Adebayo
xRAPM historical top30,positive,3,shooting + finishing_touch + upside_tools,121,-0.11124216123772995,-0.1198360655737704,0.3305785123966942,0.5371900826446281,0.4628099173553719,0.30578512396694213,-0.1916727890332155,0.00968299000863454,-0.02506064717733647,Rudy Gobert | Joel Embiid | Nikola Mirotic | Chase Budinger | Bam Adebayo
xRAPM historical mature,positive,3,finishing_touch + upside_tools + motor_competitiveness,131,-0.11138828432317294,-0.1056451612903224,0.32061068702290074,0.5190839694656488,0.48091603053435117,0.3053435114503817,-0.19889606354084924,-0.020774176101092834,-0.01832798613415937,Rudy Gobert | Joel Embiid | Chase Budinger | Bam Adebayo | Montrezl Harrell
xRAPM historical top30,positive,3,shooting + creation_handle + finishing_touch,120,-0.11454415122925056,-0.0016045407233932,0.35833333333333334,0.5,0.5,0.30833333333333335,-0.1949747790247361,0.03743781094527365,-0.02251243781094525,Kawhi Leonard | Joel Embiid | Jayson Tatum | Ricky Rubio | Nikola Mirotic
xRAPM historical top15,positive,2,finishing_touch + production_stats,100,-0.1182882165038063,0.020597840228987647,0.32,0.49,0.51,0.31,-0.23304032431080834,0.022702702702702693,-0.04135135135135137,Franz Wagner | Joel Embiid | Jayson Tatum | Ricky Rubio | John Collins
xRAPM historical top15,positive,3,finishing_touch + athleticism_tools + production_stats,100,-0.1182882165038063,0.020597840228987647,0.32,0.49,0.51,0.31,-0.23304032431080834,0.022702702702702693,-0.04135135135135137,Franz Wagner | Joel Embiid | Jayson Tatum | Ricky Rubio | John Collins
xRAPM historical mature,positive,3,size_frame + production_stats + intel_consensus,24,-0.1185216485626075,-0.32967413034786086,0.3333333333333333,0.6666666666666666,0.3333333333333333,0.2916666666666667,-0.2060294277802838,-0.008051529790660261,-0.03200483091787437,Donovan Mitchell | Kyle Anderson | Cameron Johnson | Rodney Hood | Gary Harris
xRAPM historical top30,positive,3,upside_tools + motor_competitiveness + production_stats,130,-0.11992023651697048,-0.09092443249701296,0.3076923076923077,0.5307692307692308,0.46923076923076923,0.3,-0.20035086431245602,-0.013203214695751975,-0.03084577114427861,Joel Embiid | Chase Budinger | Bam Adebayo | Montrezl Harrell | Michael Porter Jr.
xRAPM historical top15,positive,3,feel_iq_passing + shooting + intel_consensus,13,-0.12075081082616769,-0.3798360655737707,0.38461538461538464,0.6923076923076923,0.3076923076923077,0.3076923076923077,-0.23550291863316972,0.08731808731808732,-0.04365904365904366,Kyle Anderson | CJ McCollum | Rodney Hood | Gary Harris | Jaren Jackson Jr.
xRAPM historical top30,positive,3,creation_handle + finishing_touch + motor_competitiveness,106,-0.12102909906073342,0.0816865079365082,0.36792452830188677,0.4811320754716981,0.5188679245283019,0.32075471698113206,-0.20145972685621896,0.04702900591382708,-0.01009105416314654,Kawhi Leonard | Joel Embiid | Jayson Tatum | Ricky Rubio | Ty Lawson
xRAPM historical mature,positive,3,shooting + creation_handle + finishing_touch,144,-0.12194198706279158,-0.13783031348863964,0.3680555555555556,0.5277777777777778,0.4722222222222222,0.2986111111111111,-0.20944976628046788,0.026670692431562004,-0.025060386473429952,Kawhi Leonard | Mitchell Robinson | Joel Embiid | Jayson Tatum | Ricky Rubio
xRAPM historical top15,positive,3,finishing_touch + motor_competitiveness + production_stats,91,-0.12237450797286306,0.0001639344262294,0.31868131868131866,0.4945054945054945,0.5054945054945055,0.3076923076923077,-0.2371266157798651,0.021384021384021346,-0.04365904365904366,Franz Wagner | Joel Embiid | Jayson Tatum | Ricky Rubio | John Collins
xRAPM historical mature,positive,3,creation_handle + finishing_touch + motor_competitiveness,129,-0.12339351849003143,0.0001639344262294,0.37209302325581395,0.49612403100775193,0.5038759689922481,0.32558139534883723,-0.2109012977077077,0.030708160131820372,0.0019098977642961756,Kawhi Leonard | Mitchell Robinson | Joel Embiid | Jayson Tatum | Ricky Rubio
xRAPM historical mature,positive,2,finishing_touch + production_stats,248,-0.12429027647601713,-0.16533031348863975,0.3588709677419355,0.5524193548387096,0.4475806451612903,0.29435483870967744,-0.21179805569369342,0.017486104617941922,-0.02931665887486362,Franz Wagner | Mitchell Robinson | Desmond Bane | Joel Embiid | Jayson Tatum
xRAPM historical mature,positive,3,finishing_touch + athleticism_tools + production_stats,248,-0.12429027647601713,-0.16533031348863975,0.3588709677419355,0.5524193548387096,0.4475806451612903,0.29435483870967744,-0.21179805569369342,0.017486104617941922,-0.02931665887486362,Franz Wagner | Mitchell Robinson | Desmond Bane | Joel Embiid | Jayson Tatum
xRAPM historical top30,positive,3,upside_tools + size_frame + production_stats,132,-0.125050740427209,-0.07119128274616054,0.3181818181818182,0.5151515151515151,0.48484848484848486,0.2878787878787879,-0.20548136822269455,-0.0027137042062415073,-0.0429669832654907,Joel Embiid | Bam Adebayo | Tyrese Haliburton | Montrezl Harrell | Michael Porter Jr.
xRAPM historical mature,positive,3,creation_handle + finishing_touch + size_frame,119,-0.12623944898952602,-0.0033730158730158,0.35294117647058826,0.5042016806722689,0.4957983193277311,0.31092436974789917,-0.21374722820720232,0.011556313346594682,-0.012747127836641892,Mitchell Robinson | Joel Embiid | Jayson Tatum | Ricky Rubio | Nikola Mirotic
xRAPM historical top15,positive,3,shooting + finishing_touch + production_stats,97,-0.12624547403744596,0.0001639344262294,0.32989690721649484,0.4948453608247423,0.5051546391752577,0.30927835051546393,-0.24099758184444797,0.032599609919197525,-0.04207300083588744,Franz Wagner | Joel Embiid | Jayson Tatum | Ricky Rubio | John Collins
xRAPM historical mature,positive,3,finishing_touch + upside_tools + production_stats,134,-0.12833347141491774,-0.13783031348863964,0.3283582089552239,0.5373134328358209,0.4626865671641791,0.291044776119403,-0.21584125063259404,-0.013026654168769691,-0.032626721465138064,Joel Embiid | Dillon Brooks | Chase Budinger | Bam Adebayo | Montrezl Harrell
xRAPM historical top15,positive,2,feel_iq_passing + intel_consensus,14,-0.12881162080555822,-0.3169021597710123,0.35714285714285715,0.7142857142857143,0.2857142857142857,0.2857142857142857,-0.24356372861256026,0.05984555984555984,-0.06563706563706567,Kyle Anderson | CJ McCollum | Rodney Hood | Gary Harris | Jaren Jackson Jr.
xRAPM historical top15,positive,3,feel_iq_passing + athleticism_tools + intel_consensus,14,-0.12881162080555822,-0.3169021597710123,0.35714285714285715,0.7142857142857143,0.2857142857142857,0.2857142857142857,-0.24356372861256026,0.05984555984555984,-0.06563706563706567,Kyle Anderson | CJ McCollum | Rodney Hood | Gary Harris | Jaren Jackson Jr.
xRAPM historical mature,positive,3,finishing_touch + size_frame + production_stats,200,-0.12894969970408127,-0.15266837826273,0.35,0.54,0.46,0.295,-0.21645747892175757,0.008615136876006402,-0.028671497584541072,Franz Wagner | Mitchell Robinson | Desmond Bane | Joel Embiid | Jayson Tatum
xRAPM historical top15,positive,2,feel_iq_passing + upside_tools,80,-0.12903516719059083,0.022476147107294703,0.3,0.4875,0.5125,0.3,-0.24378727499759284,0.002702702702702675,-0.05135135135135138,Joel Embiid | Tyrese Haliburton | Michael Porter Jr. | Jamal Murray | Karl-Anthony Towns
xRAPM historical top15,positive,3,feel_iq_passing + athleticism_tools + upside_tools,80,-0.12903516719059083,0.022476147107294703,0.3,0.4875,0.5125,0.3,-0.24378727499759284,0.002702702702702675,-0.05135135135135138,Joel Embiid | Tyrese Haliburton | Michael Porter Jr. | Jamal Murray | Karl-Anthony Towns
xRAPM historical top15,positive,3,feel_iq_passing + upside_tools + motor_competitiveness,70,-0.12989817023230932,0.0794973544973547,0.2714285714285714,0.4714285714285714,0.5285714285714286,0.3142857142857143,-0.24465027803931133,-0.025868725868725906,-0.03706563706563709,Joel Embiid | Michael Porter Jr. | Jamal Murray | Karl-Anthony Towns | Marcus Smart
xRAPM historical mature,positive,3,athleticism_tools + upside_tools + size_frame,195,-0.1331178716566081,-0.1776587301587302,0.358974358974359,0.5435897435897435,0.4564102564102564,0.29743589743589743,-0.2206256508742844,0.0175894958503654,-0.026235600148643623,Rudy Gobert | Joel Embiid | Malcolm Brogdon | Nikola Mirotic | Khris Middleton
xRAPM historical top15,positive,3,shooting + size_frame + intel_consensus,14,-0.13394132977828296,-0.5467191080557026,0.42857142857142855,0.7142857142857143,0.2857142857142857,0.2857142857142857,-0.248693437585285,0.13127413127413123,-0.06563706563706567,Donovan Mitchell | Kyle Anderson | Rodney Hood | Gary Harris | Jaren Jackson Jr.
xRAPM historical mature,positive,2,upside_tools + size_frame,196,-0.1339582431677003,-0.18292210701484912,0.35714285714285715,0.5459183673469388,0.45408163265306123,0.29591836734693877,-0.2214660223853766,0.015757994018863575,-0.027753130237602286,Rudy Gobert | Joel Embiid | Malcolm Brogdon | Nikola Mirotic | Khris Middleton
xRAPM historical mature,positive,3,finishing_touch + motor_competitiveness + production_stats,213,-0.13495796441996818,-0.1558245614035089,0.3568075117370892,0.539906103286385,0.460093896713615,0.29577464788732394,-0.2224657436376445,0.015422648613095613,-0.02789684969721712,Franz Wagner | Mitchell Robinson | Joel Embiid | Jayson Tatum | Ricky Rubio
xRAPM historical mature,positive,3,feel_iq_passing + motor_competitiveness + intel_consensus,19,-0.136835527074103,-0.279512195121951,0.3157894736842105,0.6842105263157895,0.3157894736842105,0.2631578947368421,-0.22434330629177932,-0.025595389439783067,-0.060513602847698966,Jusuf Nurkić | CJ McCollum | Gary Harris | Goga Bitadze | Jon Brockman
xRAPM historical top30,positive,3,shooting + athleticism_tools + upside_tools,182,-0.13781708152440275,-0.1467191080557023,0.34065934065934067,0.5439560439560439,0.45604395604395603,0.2967032967032967,-0.2182477093198883,0.019763818271280986,-0.034142474440981896,Rudy Gobert | Joel Embiid | Nikola Mirotic | Chase Budinger | Bam Adebayo
xRAPM historical top30,positive,3,shooting + size_frame + intel_consensus,22,-0.13792107143938181,-0.46051988463873716,0.4090909090909091,0.6363636363636364,0.36363636363636365,0.2727272727272727,-0.21835169923486736,0.08819538670284943,-0.05811849841700589,Donovan Mitchell | Kyle Anderson | Jusuf Nurkić | Rodney Hood | Gary Harris
xRAPM historical mature,positive,3,creation_handle + finishing_touch + production_stats,124,-0.13996298497212617,-0.07940215977101214,0.3629032258064516,0.5161290322580645,0.4838709677419355,0.31451612903225806,-0.22747076418980247,0.021518362682458048,-0.009155368552282994,Mitchell Robinson | Joel Embiid | Jayson Tatum | Ricky Rubio | Dillon Brooks
xRAPM historical top15,positive,2,size_frame + intel_consensus,15,-0.14058538449557315,-0.3798360655737707,0.4,0.7333333333333333,0.26666666666666666,0.26666666666666666,-0.2553374923025752,0.10270270270270271,-0.08468468468468471,Donovan Mitchell | Kyle Anderson | Rodney Hood | Gary Harris | Jaren Jackson Jr.
xRAPM historical top15,positive,3,athleticism_tools + size_frame + intel_consensus,15,-0.14058538449557315,-0.3798360655737707,0.4,0.7333333333333333,0.26666666666666666,0.26666666666666666,-0.2553374923025752,0.10270270270270271,-0.08468468468468471,Donovan Mitchell | Kyle Anderson | Rodney Hood | Gary Harris | Jaren Jackson Jr.
xRAPM historical top30,positive,2,shooting + upside_tools,184,-0.14194371032540848,-0.1742191080557024,0.33695652173913043,0.5489130434782609,0.45108695652173914,0.29347826086956524,-0.22237433812089402,0.01606099935107075,-0.037367510274713356,Rudy Gobert | Joel Embiid | Nikola Mirotic | Chase Budinger | Bam Adebayo
xRAPM historical mature,positive,3,shooting + finishing_touch + upside_tools,150,-0.14224515411416425,-0.18151077472236932,0.3466666666666667,0.56,0.44,0.2866666666666667,-0.22975293333184055,0.0052818035426731025,-0.037004830917874376,Rudy Gobert | Joel Embiid | Nikola Mirotic | Dillon Brooks | Chase Budinger
xRAPM historical mature,positive,3,shooting + finishing_touch + size_frame,219,-0.1429098812298955,-0.1812037037037033,0.3607305936073059,0.5662100456621004,0.4337899543378995,0.2785388127853881,-0.2304176604475718,0.01934573048331234,-0.045132684799152945,Franz Wagner | Rudy Gobert | Mitchell Robinson | Desmond Bane | Joel Embiid
xRAPM historical mature,positive,3,shooting + creation_handle + intel_consensus,14,-0.1443524614146733,-0.6822883597883594,0.5,0.5714285714285714,0.42857142857142855,0.2857142857142857,-0.2318602406323496,0.15861513687600642,-0.03795721187025536,Kyle Anderson | CJ McCollum | Rodney Hood | Gary Harris | Dario Saric
xRAPM historical top30,positive,2,creation_handle + intel_consensus,14,-0.1443524614146733,-0.6822883597883594,0.5,0.5714285714285714,0.42857142857142855,0.2857142857142857,-0.22478308921015885,0.17910447761194032,-0.0451314854299929,Kyle Anderson | CJ McCollum | Rodney Hood | Gary Harris | Dario Saric
xRAPM historical top30,positive,3,shooting + creation_handle + intel_consensus,14,-0.1443524614146733,-0.6822883597883594,0.5,0.5714285714285714,0.42857142857142855,0.2857142857142857,-0.22478308921015885,0.17910447761194032,-0.0451314854299929,Kyle Anderson | CJ McCollum | Rodney Hood | Gary Harris | Dario Saric
xRAPM historical top30,positive,3,creation_handle + athleticism_tools + intel_consensus,14,-0.1443524614146733,-0.6822883597883594,0.5,0.5714285714285714,0.42857142857142855,0.2857142857142857,-0.22478308921015885,0.17910447761194032,-0.0451314854299929,Kyle Anderson | CJ McCollum | Rodney Hood | Gary Harris | Dario Saric
xRAPM historical top30,positive,3,creation_handle + finishing_touch + production_stats,104,-0.1464738733307535,-0.02117063492063485,0.34615384615384615,0.5096153846153846,0.49038461538461536,0.3076923076923077,-0.22690450112623906,0.02525832376578646,-0.02315346345197089,Joel Embiid | Jayson Tatum | Ricky Rubio | Ty Lawson | Montrezl Harrell
xRAPM historical mature,positive,3,shooting + finishing_touch + production_stats,230,-0.14670483151085575,-0.19691532258064526,0.3695652173913043,0.5652173913043478,0.43478260869565216,0.29130434782608694,-0.23421261072853206,0.028180354267310748,-0.03236714975845412,Franz Wagner | Mitchell Robinson | Desmond Bane | Joel Embiid | Jayson Tatum
xRAPM historical top30,positive,3,creation_handle + upside_tools + production_stats,87,-0.14736164861683704,-0.1198360655737704,0.3333333333333333,0.5172413793103449,0.4827586206896552,0.2988505747126437,-0.22779227641232258,0.01243781094527363,-0.0319951964316349,Joel Embiid | Tyrese Haliburton | Montrezl Harrell | Matisse Thybulle | Isaiah Hartenstein
xRAPM historical mature,positive,3,shooting + upside_tools + size_frame,184,-0.1521204891532481,-0.19384883949645945,0.358695652173913,0.5543478260869565,0.44565217391304346,0.28804347826086957,-0.2396282683709244,0.01731078904991945,-0.03562801932367149,Rudy Gobert | Joel Embiid | Malcolm Brogdon | Nikola Mirotic | Khris Middleton
xRAPM historical mature,positive,3,athleticism_tools + upside_tools + motor_competitiveness,191,-0.1529221660990039,-0.1776587301587302,0.3507853403141361,0.5497382198952879,0.450261780104712,0.2931937172774869,-0.2404299453166802,0.009400477190142531,-0.03047778030705417,Rudy Gobert | Joel Embiid | Malcolm Brogdon | Aaron Wiggins | Chase Budinger
xRAPM historical mature,positive,2,upside_tools + motor_competitiveness,192,-0.1536768979830231,-0.18292210701484912,0.3489583333333333,0.5520833333333334,0.4479166666666667,0.2916666666666667,-0.2411846772006994,0.007573470209339739,-0.03200483091787437,Rudy Gobert | Joel Embiid | Malcolm Brogdon | Aaron Wiggins | Chase Budinger
xRAPM historical top30,positive,3,creation_handle + athleticism_tools + upside_tools,98,-0.15395695378267732,-0.1003148581837105,0.35714285714285715,0.5204081632653061,0.47959183673469385,0.29591836734693877,-0.23438758157816286,0.03624733475479747,-0.03492740379733983,Joel Embiid | Nikola Mirotic | Tyrese Haliburton | Montrezl Harrell | Matisse Thybulle
xRAPM historical top30,positive,3,athleticism_tools + upside_tools + size_frame,153,-0.15512424252124615,-0.1198360655737704,0.3464052287581699,0.5294117647058824,0.47058823529411764,0.29411764705882354,-0.2355548703167317,0.02550970637011024,-0.03672812408545506,Rudy Gobert | Joel Embiid | Nikola Mirotic | Bam Adebayo | Tyrese Haliburton
xRAPM historical top30,positive,2,upside_tools + size_frame,154,-0.15605090775052824,-0.1467191080557023,0.34415584415584416,0.5324675324675324,0.4675324675324675,0.2922077922077922,-0.23648153554601378,0.023260321767784475,-0.038637978936486406,Rudy Gobert | Joel Embiid | Nikola Mirotic | Bam Adebayo | Tyrese Haliburton
xRAPM historical top15,positive,3,feel_iq_passing + upside_tools + production_stats,72,-0.15879906048049006,0.022476147107294703,0.3055555555555556,0.4861111111111111,0.5138888888888888,0.3055555555555556,-0.2735511682874921,0.008258258258258266,-0.04579579579579579,Joel Embiid | Tyrese Haliburton | Michael Porter Jr. | Jamal Murray | Karl-Anthony Towns
xRAPM historical top30,positive,2,creation_handle + upside_tools,99,-0.15984731964955104,-0.1198360655737704,0.35353535353535354,0.5252525252525253,0.47474747474747475,0.29292929292929293,-0.24027794744503658,0.03263983114729385,-0.03791647821498567,Joel Embiid | Nikola Mirotic | Tyrese Haliburton | Montrezl Harrell | Matisse Thybulle
xRAPM historical top15,positive,2,creation_handle + finishing_touch,72,-0.1612693873352406,0.1473438719750194,0.375,0.4722222222222222,0.5277777777777778,0.3194444444444444,-0.2760214951422426,0.07770270270270269,-0.03190690690690695,Kawhi Leonard | Joel Embiid | Jayson Tatum | Ricky Rubio | Jamal Murray
xRAPM historical top15,positive,3,creation_handle + finishing_touch + athleticism_tools,72,-0.1612693873352406,0.1473438719750194,0.375,0.4722222222222222,0.5277777777777778,0.3194444444444444,-0.2760214951422426,0.07770270270270269,-0.03190690690690695,Kawhi Leonard | Joel Embiid | Jayson Tatum | Ricky Rubio | Jamal Murray
xRAPM historical top30,positive,3,shooting + upside_tools + size_frame,146,-0.16159976099076484,-0.1467191080557023,0.3424657534246575,0.5342465753424658,0.4657534246575342,0.2945205479452055,-0.24203038878625038,0.02157023103659783,-0.03632522319907311,Rudy Gobert | Joel Embiid | Nikola Mirotic | Bam Adebayo | Tyrese Haliburton
xRAPM historical top15,positive,3,feel_iq_passing + shooting + upside_tools,76,-0.16294209214204192,0.022476147107294703,0.3157894736842105,0.4868421052631579,0.5131578947368421,0.3026315789473684,-0.27769419994904393,0.018492176386913195,-0.04871977240398295,Joel Embiid | Tyrese Haliburton | Michael Porter Jr. | Jamal Murray | Karl-Anthony Towns
xRAPM historical top30,positive,3,upside_tools + motor_competitiveness + size_frame,120,-0.16473213775307993,-0.11846962008847235,0.3333333333333333,0.525,0.475,0.3,-0.24516276554856548,0.01243781094527363,-0.03084577114427861,Rudy Gobert | Joel Embiid | Bam Adebayo | Montrezl Harrell | Michael Porter Jr.
xRAPM historical mature,positive,3,creation_handle + finishing_touch + upside_tools,83,-0.16600086521727592,-0.0807936507936506,0.3614457831325301,0.5180722891566265,0.4819277108433735,0.3132530120481928,-0.25350864443495225,0.020060920008536542,-0.010418485536348276,Joel Embiid | Nikola Mirotic | Dillon Brooks | Montrezl Harrell | Tre Jones
xRAPM historical top30,positive,3,athleticism_tools + upside_tools + motor_competitiveness,147,-0.16729910884839447,-0.1198360655737704,0.32653061224489793,0.54421768707483,0.4557823129251701,0.2925170068027211,-0.24772973664388,0.005635089856838249,-0.03832876434155752,Rudy Gobert | Joel Embiid | Chase Budinger | Bam Adebayo | Montrezl Harrell
xRAPM historical top30,positive,2,upside_tools + motor_competitiveness,148,-0.16818107897665321,-0.1467191080557023,0.32432432432432434,0.5472972972972973,0.4527027027027027,0.2905405405405405,-0.24861170677213876,0.0034288019362646582,-0.040305230603738085,Rudy Gobert | Joel Embiid | Chase Budinger | Bam Adebayo | Montrezl Harrell
xRAPM historical mature,positive,3,upside_tools + motor_competitiveness + size_frame,150,-0.16835088761367561,-0.1762473978662504,0.35333333333333333,0.54,0.46,0.29333333333333333,-0.25585866683135194,0.011948470209339757,-0.030338164251207722,Rudy Gobert | Joel Embiid | Malcolm Brogdon | Bam Adebayo | Bruce Brown
xRAPM historical mature,positive,3,shooting + upside_tools + motor_competitiveness,181,-0.16972787390042565,-0.188185483870968,0.35359116022099446,0.5580110497237569,0.4419889502762431,0.287292817679558,-0.2572356531181019,0.012206297097000884,-0.03637867990498306,Rudy Gobert | Joel Embiid | Malcolm Brogdon | Aaron Wiggins | Chase Budinger
xRAPM historical top30,positive,3,creation_handle + upside_tools + size_frame,84,-0.17171002033256377,-0.0598360655737705,0.36904761904761907,0.5,0.5,0.2976190476190476,-0.2521406481280493,0.048152096659559385,-0.03322672352523098,Joel Embiid | Nikola Mirotic | Tyrese Haliburton | Montrezl Harrell | Isaiah Hartenstein
xRAPM historical top15,positive,3,defense + motor_competitiveness + intel_consensus,12,-0.17202802691576266,-0.3169021597710123,0.3333333333333333,0.75,0.25,0.25,-0.2867801347227647,0.036036036036036,-0.10135135135135137,Donovan Mitchell | CJ McCollum | Gary Harris | Jaren Jackson Jr. | Aaron Gordon
xRAPM historical top30,positive,3,shooting + upside_tools + motor_competitiveness,141,-0.1858225944046639,-0.1736021505376342,0.3262411347517731,0.5531914893617021,0.44680851063829785,0.2907801418439716,-0.26625322220014946,0.005345612363713392,-0.04006562930030699,Rudy Gobert | Joel Embiid | Chase Budinger | Bam Adebayo | Montrezl Harrell
xRAPM historical top15,positive,3,feel_iq_passing + creation_handle + upside_tools,51,-0.18747896663414948,0.1810317460317458,0.37254901960784315,0.45098039215686275,0.5490196078431373,0.3137254901960784,-0.3022310744411515,0.07525172231054583,-0.037625861155272944,Joel Embiid | Tyrese Haliburton | Jamal Murray | Karl-Anthony Towns | Marcus Smart
xRAPM historical top15,positive,3,motor_competitiveness + production_stats + intel_consensus,13,-0.18883852608601417,-0.3798360655737707,0.38461538461538464,0.7692307692307693,0.23076923076923078,0.23076923076923078,-0.3035906338930162,0.08731808731808732,-0.12058212058212059,Donovan Mitchell | CJ McCollum | Gary Harris | Jaren Jackson Jr. | Aaron Gordon
xRAPM historical top30,positive,3,shooting + creation_handle + upside_tools,96,-0.1902656910252838,-0.19133337670222925,0.3645833333333333,0.53125,0.46875,0.2916666666666667,-0.27069631882076933,0.04368781094527363,-0.039179104477611915,Joel Embiid | Nikola Mirotic | Tyrese Haliburton | Montrezl Harrell | Matisse Thybulle
xRAPM historical top30,positive,2,size_frame + intel_consensus,24,-0.19037789274615569,-0.46051988463873716,0.4166666666666667,0.6666666666666666,0.3333333333333333,0.25,-0.27080852054164123,0.095771144278607,-0.0808457711442786,Donovan Mitchell | Kyle Anderson | Jusuf Nurkić | Rodney Hood | Gary Harris
xRAPM historical top30,positive,3,athleticism_tools + size_frame + intel_consensus,24,-0.19037789274615569,-0.46051988463873716,0.4166666666666667,0.6666666666666666,0.3333333333333333,0.25,-0.27080852054164123,0.095771144278607,-0.0808457711442786,Donovan Mitchell | Kyle Anderson | Jusuf Nurkić | Rodney Hood | Gary Harris
xRAPM historical top30,positive,3,feel_iq_passing + motor_competitiveness + intel_consensus,17,-0.1918160924690693,-0.3798360655737707,0.35294117647058826,0.7058823529411765,0.29411764705882354,0.23529411764705882,-0.2722467202645549,0.032045654082528574,-0.09555165349721978,Jusuf Nurkić | CJ McCollum | Gary Harris | Goga Bitadze | Jerian Grant
xRAPM historical top15,positive,3,shooting + creation_handle + finishing_touch,69,-0.2058409111922363,0.1201639344262295,0.391304347826087,0.4782608695652174,0.5217391304347826,0.30434782608695654,-0.3205930189992383,0.09400705052878966,-0.04700352526439483,Kawhi Leonard | Joel Embiid | Jayson Tatum | Ricky Rubio | Jamal Murray
xRAPM historical mature,positive,3,feel_iq_passing + upside_tools + intel_consensus,11,-0.21201628419370344,-0.2539682539682539,0.2727272727272727,0.6363636363636364,0.36363636363636365,0.18181818181818182,-0.2995240634113797,-0.06865759039672087,-0.14185331576635923,Donte DiVincenzo | Gary Harris | Dario Saric | Alec Peters | Jaren Jackson Jr.
xRAPM historical top15,positive,3,finishing_touch + upside_tools + size_frame,54,-0.21731346219232303,0.1476190476190476,0.35185185185185186,0.46296296296296297,0.5370370370370371,0.3333333333333333,-0.33206556999932507,0.054554554554554546,-0.018018018018018056,Joel Embiid | Michael Porter Jr. | Jamal Murray | Karl-Anthony Towns | Evan Mobley
xRAPM historical mature,positive,2,motor_competitiveness + intel_consensus,24,-0.227089299114465,-0.4026340821696016,0.375,0.7083333333333334,0.2916666666666667,0.25,-0.3145970783321413,0.033615136876006424,-0.07367149758454106,Donovan Mitchell | Jusuf Nurkić | CJ McCollum | Gary Harris | Goga Bitadze
xRAPM historical mature,positive,3,athleticism_tools + motor_competitiveness + intel_consensus,24,-0.227089299114465,-0.4026340821696016,0.375,0.7083333333333334,0.2916666666666667,0.25,-0.3145970783321413,0.033615136876006424,-0.07367149758454106,Donovan Mitchell | Jusuf Nurkić | CJ McCollum | Gary Harris | Goga Bitadze
xRAPM historical mature,positive,3,creation_handle + upside_tools + motor_competitiveness,93,-0.22733107081564896,-0.1748360655737706,0.3870967741935484,0.5268817204301075,0.4731182795698925,0.3010752688172043,-0.31483885003332523,0.0457119110695548,-0.022596228767336746,Joel Embiid | Malcolm Brogdon | Montrezl Harrell | Matisse Thybulle | Tre Jones
xRAPM historical top30,positive,3,creation_handle + finishing_touch + upside_tools,70,-0.2299563474186069,-0.1473360655737705,0.35714285714285715,0.5285714285714286,0.4714285714285714,0.3,-0.3103869752140924,0.03624733475479747,-0.03084577114427861,Joel Embiid | Nikola Mirotic | Montrezl Harrell | Isaiah Hartenstein | Reggie Jackson
xRAPM historical mature,positive,3,creation_handle + size_frame + intel_consensus,14,-0.2346580047789725,-0.6822883597883594,0.5,0.5714285714285714,0.42857142857142855,0.2857142857142857,-0.3221657839966488,0.15861513687600642,-0.03795721187025536,Kyle Anderson | Rodney Hood | Gary Harris | Jon Brockman | Dario Saric
xRAPM historical top15,positive,3,finishing_touch + upside_tools + motor_competitiveness,59,-0.2486669445927617,0.04478835978836,0.3220338983050847,0.4745762711864407,0.5254237288135594,0.3050847457627119,-0.36341905239976374,0.024736601007787407,-0.04626660558863949,Joel Embiid | Michael Porter Jr. | Jamal Murray | Karl-Anthony Towns | Marcus Smart
xRAPM historical top15,positive,3,upside_tools + defense + production_stats,77,-0.2486691914204365,-0.0042063492063492,0.33766233766233766,0.5064935064935064,0.4935064935064935,0.2857142857142857,-0.36342129922743854,0.04036504036504035,-0.06563706563706567,Joel Embiid | Tyrese Haliburton | Michael Porter Jr. | Karl-Anthony Towns | Evan Mobley
xRAPM historical mature,positive,3,defense + motor_competitiveness + intel_consensus,19,-0.25006080135475733,-0.279512195121951,0.3157894736842105,0.6842105263157895,0.3157894736842105,0.2631578947368421,-0.33756858057243366,-0.025595389439783067,-0.060513602847698966,Donovan Mitchell | CJ McCollum | Gary Harris | Goga Bitadze | Jon Brockman
xRAPM historical top15,positive,3,finishing_touch + upside_tools + defense,56,-0.2502093895757962,0.022476147107294703,0.32142857142857145,0.48214285714285715,0.5178571428571429,0.30357142857142855,-0.3649614973827982,0.02413127413127414,-0.04777992277992282,Joel Embiid | Michael Porter Jr. | Karl-Anthony Towns | Evan Mobley | Marcus Smart
xRAPM historical top30,positive,3,size_frame + production_stats + intel_consensus,20,-0.2562437192045864,-0.46051988463873716,0.4,0.7,0.3,0.25,-0.3366743470000719,0.07910447761194034,-0.0808457711442786,Donovan Mitchell | Kyle Anderson | Rodney Hood | Gary Harris | Goga Bitadze
xRAPM historical top15,positive,3,upside_tools + size_frame + production_stats,75,-0.2563497536935615,-0.0289682539682538,0.37333333333333335,0.5066666666666667,0.49333333333333335,0.29333333333333333,-0.3711018615005635,0.07603603603603604,-0.058018018018018036,Joel Embiid | Tyrese Haliburton | Michael Porter Jr. | Jamal Murray | Karl-Anthony Towns
xRAPM historical top15,positive,3,shooting + upside_tools + production_stats,82,-0.2588724331576258,-0.016587301587301498,0.35365853658536583,0.5121951219512195,0.4878048780487805,0.2926829268292683,-0.3736245409646278,0.05636123928806852,-0.058668424522083096,Joel Embiid | Tyrese Haliburton | Michael Porter Jr. | Jamal Murray | Karl-Anthony Towns
xRAPM historical top30,positive,3,defense + size_frame + intel_consensus,19,-0.26177027709411016,-0.3798360655737707,0.3684210526315789,0.6842105263157895,0.3157894736842105,0.2631578947368421,-0.3422009048895957,0.04752553024351924,-0.06768787640743651,Donovan Mitchell | Kyle Anderson | Rodney Hood | Gary Harris | Goga Bitadze
xRAPM historical top15,positive,3,upside_tools + defense + size_frame,73,-0.26404064932395266,-0.0289682539682538,0.3561643835616438,0.5068493150684932,0.4931506849315068,0.3013698630136986,-0.37879275713095467,0.0588670862643465,-0.04998148833765276,Joel Embiid | Tyrese Haliburton | Michael Porter Jr. | Karl-Anthony Towns | Evan Mobley
xRAPM historical top15,positive,3,creation_handle + finishing_touch + production_stats,62,-0.26830901037885774,0.06016393442622945,0.3870967741935484,0.4838709677419355,0.5161290322580645,0.3064516129032258,-0.38306111818585975,0.08979947689625106,-0.04489973844812556,Joel Embiid | Jayson Tatum | Ricky Rubio | Jamal Murray | Karl-Anthony Towns
xRAPM historical top30,positive,2,motor_competitiveness + intel_consensus,21,-0.2707480779784738,-0.5412037037037036,0.42857142857142855,0.7142857142857143,0.2857142857142857,0.23809523809523808,-0.3511787057739593,0.10767590618336886,-0.09275053304904052,Donovan Mitchell | Jusuf Nurkić | CJ McCollum | Gary Harris | Goga Bitadze
xRAPM historical top30,positive,3,athleticism_tools + motor_competitiveness + intel_consensus,21,-0.2707480779784738,-0.5412037037037036,0.42857142857142855,0.7142857142857143,0.2857142857142857,0.23809523809523808,-0.3511787057739593,0.10767590618336886,-0.09275053304904052,Donovan Mitchell | Jusuf Nurkić | CJ McCollum | Gary Harris | Goga Bitadze
xRAPM historical top15,positive,3,finishing_touch + upside_tools + production_stats,59,-0.27159747158151726,0.0001639344262294,0.3559322033898305,0.4915254237288136,0.5084745762711864,0.3050847457627119,-0.38634957938851927,0.05863490609253319,-0.04626660558863949,Joel Embiid | Michael Porter Jr. | Jamal Murray | Karl-Anthony Towns | Evan Mobley
xRAPM historical top30,positive,3,shooting + motor_competitiveness + intel_consensus,20,-0.2726053743505157,-0.6274029271206689,0.45,0.7,0.3,0.25,-0.3530360021460012,0.12910447761194033,-0.0808457711442786,Donovan Mitchell | Jusuf Nurkić | CJ McCollum | Gary Harris | Goga Bitadze
xRAPM historical top30,positive,3,feel_iq_passing + upside_tools + intel_consensus,10,-0.2726533964840415,-0.3975859788359788,0.3,0.7,0.3,0.2,-0.35308402427952706,-0.020895522388059695,-0.1308457711442786,Donte DiVincenzo | Gary Harris | Dario Saric | Jaren Jackson Jr. | Jonas Valančiūnas
xRAPM historical top15,positive,2,motor_competitiveness + intel_consensus,14,-0.27489307068970126,-0.5467191080557026,0.42857142857142855,0.7857142857142857,0.21428571428571427,0.21428571428571427,-0.38964517849670327,0.13127413127413123,-0.1370656370656371,Donovan Mitchell | CJ McCollum | Gary Harris | Jaren Jackson Jr. | Aaron Gordon
xRAPM historical top15,positive,3,athleticism_tools + motor_competitiveness + intel_consensus,14,-0.27489307068970126,-0.5467191080557026,0.42857142857142855,0.7857142857142857,0.21428571428571427,0.21428571428571427,-0.38964517849670327,0.13127413127413123,-0.1370656370656371,Donovan Mitchell | CJ McCollum | Gary Harris | Jaren Jackson Jr. | Aaron Gordon
xRAPM historical top15,positive,3,shooting + motor_competitiveness + intel_consensus,13,-0.2780692953167833,-0.7136021505376343,0.46153846153846156,0.7692307692307693,0.23076923076923078,0.23076923076923078,-0.39282140312378533,0.16424116424116425,-0.12058212058212059,Donovan Mitchell | CJ McCollum | Gary Harris | Jaren Jackson Jr. | Jonas Valančiūnas
xRAPM historical top30,positive,3,creation_handle + upside_tools + motor_competitiveness,78,-0.27983617605316496,-0.19133337670222925,0.38461538461538464,0.5384615384615384,0.46153846153846156,0.2948717948717949,-0.3602668038486505,0.06371986222732495,-0.03597397627248372,Joel Embiid | Montrezl Harrell | Matisse Thybulle | Isaiah Hartenstein | Jared Sullinger
xRAPM historical mature,positive,3,shooting + motor_competitiveness + intel_consensus,22,-0.2798659900408044,-0.4833179012345681,0.4090909090909091,0.7272727272727273,0.2727272727272727,0.22727272727272727,-0.36737376925848075,0.06770604596691554,-0.09639877031181379,Donovan Mitchell | Jusuf Nurkić | CJ McCollum | Gary Harris | Goga Bitadze
xRAPM historical top15,positive,3,shooting + upside_tools + defense,79,-0.2818632062688221,-0.0042063492063492,0.34177215189873417,0.5063291139240507,0.4936708860759494,0.2911392405063291,-0.3966153140758241,0.04447485460143685,-0.06021211084502226,Joel Embiid | Tyrese Haliburton | Michael Porter Jr. | Karl-Anthony Towns | Evan Mobley
xRAPM historical top15,positive,2,upside_tools + defense,85,-0.283517389084646,-0.0289682539682538,0.3411764705882353,0.5176470588235295,0.4823529411764706,0.2823529411764706,-0.39826949689164803,0.04387917329093799,-0.06899841017488079,Joel Embiid | Tyrese Haliburton | Michael Porter Jr. | Karl-Anthony Towns | Evan Mobley
xRAPM historical top15,positive,3,athleticism_tools + upside_tools + defense,85,-0.283517389084646,-0.0289682539682538,0.3411764705882353,0.5176470588235295,0.4823529411764706,0.2823529411764706,-0.39826949689164803,0.04387917329093799,-0.06899841017488079,Joel Embiid | Tyrese Haliburton | Michael Porter Jr. | Karl-Anthony Towns | Evan Mobley
xRAPM historical top15,positive,3,shooting + upside_tools + size_frame,78,-0.2866022971820545,-0.047573557878435695,0.3717948717948718,0.5128205128205128,0.48717948717948717,0.2948717948717949,-0.4013544049890565,0.07449757449757449,-0.05647955647955649,Joel Embiid | Tyrese Haliburton | Michael Porter Jr. | Jamal Murray | Karl-Anthony Towns
xRAPM historical top15,positive,2,upside_tools + size_frame,82,-0.28934310049744866,-0.047573557878435695,0.3780487804878049,0.5121951219512195,0.4878048780487805,0.2926829268292683,-0.40409520830445067,0.08075148319050757,-0.058668424522083096,Joel Embiid | Tyrese Haliburton | Michael Porter Jr. | Jamal Murray | Karl-Anthony Towns
xRAPM historical top15,positive,3,athleticism_tools + upside_tools + size_frame,82,-0.28934310049744866,-0.047573557878435695,0.3780487804878049,0.5121951219512195,0.4878048780487805,0.2926829268292683,-0.40409520830445067,0.08075148319050757,-0.058668424522083096,Joel Embiid | Tyrese Haliburton | Michael Porter Jr. | Jamal Murray | Karl-Anthony Towns
xRAPM historical top15,positive,2,upside_tools + production_stats,86,-0.2894785770839141,-0.047573557878435695,0.36046511627906974,0.5232558139534884,0.47674418604651164,0.27906976744186046,-0.4042306848909161,0.06316781898177243,-0.07228158390949091,Joel Embiid | Tyrese Haliburton | Michael Porter Jr. | Jamal Murray | Karl-Anthony Towns
xRAPM historical top15,positive,3,athleticism_tools + upside_tools + production_stats,86,-0.2894785770839141,-0.047573557878435695,0.36046511627906974,0.5232558139534884,0.47674418604651164,0.27906976744186046,-0.4042306848909161,0.06316781898177243,-0.07228158390949091,Joel Embiid | Tyrese Haliburton | Michael Porter Jr. | Jamal Murray | Karl-Anthony Towns
xRAPM historical top15,positive,3,upside_tools + defense + motor_competitiveness,74,-0.2937674749804574,-0.0020212073900599,0.32432432432432434,0.5,0.5,0.2972972972972973,-0.4085195827874594,0.02702702702702703,-0.05405405405405406,Joel Embiid | Michael Porter Jr. | Karl-Anthony Towns | Marcus Smart | Anthony Davis
xRAPM historical top15,positive,2,finishing_touch + upside_tools,65,-0.29435571986233,-0.0289682539682538,0.35384615384615387,0.5076923076923077,0.49230769230769234,0.2923076923076923,-0.409107827669332,0.05654885654885655,-0.05904365904365905,Joel Embiid | Michael Porter Jr. | Jamal Murray | Karl-Anthony Towns | Evan Mobley
xRAPM historical top15,positive,3,finishing_touch + athleticism_tools + upside_tools,65,-0.29435571986233,-0.0289682539682538,0.35384615384615387,0.5076923076923077,0.49230769230769234,0.2923076923076923,-0.409107827669332,0.05654885654885655,-0.05904365904365905,Joel Embiid | Michael Porter Jr. | Jamal Murray | Karl-Anthony Towns | Evan Mobley
xRAPM historical top15,positive,3,upside_tools + motor_competitiveness + production_stats,76,-0.2975758731101211,-0.016587301587301498,0.34210526315789475,0.5131578947368421,0.4868421052631579,0.2894736842105263,-0.41232798091712314,0.04480796586059743,-0.06187766714082504,Joel Embiid | Michael Porter Jr. | Jamal Murray | Karl-Anthony Towns | Marcus Smart
xRAPM historical top15,positive,3,creation_handle + upside_tools + size_frame,52,-0.3002964227709732,0.1741005291005289,0.4230769230769231,0.46153846153846156,0.5384615384615384,0.3076923076923077,-0.4150485305779752,0.12577962577962576,-0.04365904365904366,Joel Embiid | Tyrese Haliburton | Jamal Murray | Karl-Anthony Towns | Marcus Smart
xRAPM historical mature,positive,3,motor_competitiveness + production_stats + intel_consensus,20,-0.3002974068465575,-0.4026340821696016,0.35,0.75,0.25,0.25,-0.38780518606423375,0.008615136876006402,-0.07367149758454106,Donovan Mitchell | CJ McCollum | Gary Harris | Goga Bitadze | Jon Brockman
xRAPM historical top15,positive,3,upside_tools + motor_competitiveness + size_frame,72,-0.3058778613561686,-0.0144021597710122,0.3611111111111111,0.5,0.5,0.3055555555555556,-0.42062996916317064,0.06381381381381379,-0.04579579579579579,Joel Embiid | Michael Porter Jr. | Jamal Murray | Karl-Anthony Towns | Marcus Smart
xRAPM historical top15,positive,3,feel_iq_passing + size_frame + intel_consensus,13,-0.30831931162047493,-0.3798360655737707,0.38461538461538464,0.7692307692307693,0.23076923076923078,0.23076923076923078,-0.42307141942747695,0.08731808731808732,-0.12058212058212059,Kyle Anderson | Rodney Hood | Gary Harris | Jaren Jackson Jr. | Aaron Gordon
xRAPM historical top15,positive,2,athleticism_tools + upside_tools,97,-0.31365759620775535,-0.0807936507936506,0.36082474226804123,0.5360824742268041,0.4639175257731959,0.26804123711340205,-0.42840970401475736,0.06352744497074392,-0.08331011423794932,Joel Embiid | Tyrese Haliburton | Michael Porter Jr. | Jamal Murray | Karl-Anthony Towns
xRAPM historical top15,positive,2,shooting + upside_tools,91,-0.3142088137933439,-0.0661788617886176,0.3626373626373626,0.5274725274725275,0.4725274725274725,0.27472527472527475,-0.42896092160034593,0.06534006534006531,-0.07662607662607662,Joel Embiid | Tyrese Haliburton | Michael Porter Jr. | Jamal Murray | Karl-Anthony Towns
xRAPM historical top15,positive,3,shooting + athleticism_tools + upside_tools,91,-0.3142088137933439,-0.0661788617886176,0.3626373626373626,0.5274725274725275,0.4725274725274725,0.27472527472527475,-0.42896092160034593,0.06534006534006531,-0.07662607662607662,Joel Embiid | Tyrese Haliburton | Michael Porter Jr. | Jamal Murray | Karl-Anthony Towns
xRAPM historical top30,positive,3,defense + motor_competitiveness + intel_consensus,17,-0.31836198725333004,-0.3798360655737707,0.35294117647058826,0.7058823529411765,0.29411764705882354,0.23529411764705882,-0.3987926150488156,0.032045654082528574,-0.09555165349721978,Donovan Mitchell | CJ McCollum | Gary Harris | Goga Bitadze | Jerian Grant
xRAPM historical top30,positive,3,creation_handle + size_frame + intel_consensus,13,-0.32505560150721424,-0.8233730158730153,0.5384615384615384,0.6153846153846154,0.38461538461538464,0.23076923076923078,-0.4054862293026998,0.21756601607347875,-0.10007654037504782,Kyle Anderson | Rodney Hood | Gary Harris | Dario Saric | Jerian Grant
xRAPM historical mature,positive,2,upside_tools + intel_consensus,12,-0.3266068583944927,-0.3975859788359788,0.3333333333333333,0.6666666666666666,0.3333333333333333,0.16666666666666666,-0.41411463761216905,-0.008051529790660261,-0.1570048309178744,Donte DiVincenzo | Gary Harris | Dario Saric | Alec Peters | Jaren Jackson Jr.
xRAPM historical mature,positive,3,shooting + upside_tools + intel_consensus,12,-0.3266068583944927,-0.3975859788359788,0.3333333333333333,0.6666666666666666,0.3333333333333333,0.16666666666666666,-0.41411463761216905,-0.008051529790660261,-0.1570048309178744,Donte DiVincenzo | Gary Harris | Dario Saric | Alec Peters | Jaren Jackson Jr.
xRAPM historical mature,positive,3,athleticism_tools + upside_tools + intel_consensus,12,-0.3266068583944927,-0.3975859788359788,0.3333333333333333,0.6666666666666666,0.3333333333333333,0.16666666666666666,-0.41411463761216905,-0.008051529790660261,-0.1570048309178744,Donte DiVincenzo | Gary Harris | Dario Saric | Alec Peters | Jaren Jackson Jr.
xRAPM historical mature,positive,3,upside_tools + production_stats + intel_consensus,12,-0.3266068583944927,-0.3975859788359788,0.3333333333333333,0.6666666666666666,0.3333333333333333,0.16666666666666666,-0.41411463761216905,-0.008051529790660261,-0.1570048309178744,Donte DiVincenzo | Gary Harris | Dario Saric | Alec Peters | Jaren Jackson Jr.
xRAPM historical top15,positive,3,shooting + upside_tools + motor_competitiveness,79,-0.3300839951384334,-0.0289682539682538,0.34177215189873417,0.5189873417721519,0.4810126582278481,0.2911392405063291,-0.4448361029454354,0.04447485460143685,-0.06021211084502226,Joel Embiid | Michael Porter Jr. | Jamal Murray | Karl-Anthony Towns | Marcus Smart
xRAPM historical top15,positive,2,upside_tools + motor_competitiveness,84,-0.3312812707392923,-0.07303571428571405,0.34523809523809523,0.5238095238095238,0.47619047619047616,0.2857142857142857,-0.4460333785462943,0.04794079794079792,-0.06563706563706567,Joel Embiid | Michael Porter Jr. | Jamal Murray | Karl-Anthony Towns | Marcus Smart
xRAPM historical top15,positive,3,athleticism_tools + upside_tools + motor_competitiveness,84,-0.3312812707392923,-0.07303571428571405,0.34523809523809523,0.5238095238095238,0.47619047619047616,0.2857142857142857,-0.4460333785462943,0.04794079794079792,-0.06563706563706567,Joel Embiid | Michael Porter Jr. | Jamal Murray | Karl-Anthony Towns | Marcus Smart
xRAPM historical top15,positive,3,shooting + finishing_touch + upside_tools,62,-0.3320825654646937,-0.0144021597710122,0.3709677419354839,0.5,0.5,0.2903225806451613,-0.44683467327169574,0.07367044463818656,-0.06102877070619006,Joel Embiid | Michael Porter Jr. | Jamal Murray | Karl-Anthony Towns | Evan Mobley
xRAPM historical mature,positive,3,motor_competitiveness + size_frame + intel_consensus,23,-0.33282311037110957,-0.4254320987654325,0.391304347826087,0.7391304347826086,0.2608695652173913,0.21739130434782608,-0.42033088958878584,0.0499194847020934,-0.10628019323671498,Donovan Mitchell | Jusuf Nurkić | Gary Harris | Goga Bitadze | Jon Brockman
xRAPM historical mature,positive,3,feel_iq_passing + motor_competitiveness + other,12,-0.3330507859793443,-0.10810185185185174,0.3333333333333333,0.5,0.5,0.08333333333333333,-0.4205585651970206,-0.008051529790660261,-0.24033816425120774,Kyle Singler | Elfrid Payton | Will Barton | Mike Scott | Reggie Bullock Jr.
xRAPM historical top15,positive,2,creation_handle + upside_tools,57,-0.35831149720473104,0.0001639344262294,0.42105263157894735,0.49122807017543857,0.5087719298245614,0.2807017543859649,-0.47306360501173306,0.12375533428165003,-0.07064959696538647,Joel Embiid | Tyrese Haliburton | Jamal Murray | Karl-Anthony Towns | Marcus Smart
xRAPM historical top15,positive,3,creation_handle + athleticism_tools + upside_tools,57,-0.35831149720473104,0.0001639344262294,0.42105263157894735,0.49122807017543857,0.5087719298245614,0.2807017543859649,-0.47306360501173306,0.12375533428165003,-0.07064959696538647,Joel Embiid | Tyrese Haliburton | Jamal Murray | Karl-Anthony Towns | Marcus Smart
xRAPM historical mature,positive,2,feel_iq_passing + other,13,-0.36631427863294785,-0.3833730158730155,0.38461538461538464,0.5384615384615384,0.46153846153846156,0.07692307692307693,-0.4538220578506241,0.04323052149139106,-0.24674842066146413,Kyle Singler | Elfrid Payton | Will Barton | Mike Scott | Reggie Bullock Jr.
xRAPM historical mature,positive,3,feel_iq_passing + shooting + other,13,-0.36631427863294785,-0.3833730158730155,0.38461538461538464,0.5384615384615384,0.46153846153846156,0.07692307692307693,-0.4538220578506241,0.04323052149139106,-0.24674842066146413,Kyle Singler | Elfrid Payton | Will Barton | Mike Scott | Reggie Bullock Jr.
xRAPM historical mature,positive,3,feel_iq_passing + athleticism_tools + other,13,-0.36631427863294785,-0.3833730158730155,0.38461538461538464,0.5384615384615384,0.46153846153846156,0.07692307692307693,-0.4538220578506241,0.04323052149139106,-0.24674842066146413,Kyle Singler | Elfrid Payton | Will Barton | Mike Scott | Reggie Bullock Jr.
xRAPM historical mature,positive,3,feel_iq_passing + size_frame + other,13,-0.36631427863294785,-0.3833730158730155,0.38461538461538464,0.5384615384615384,0.46153846153846156,0.07692307692307693,-0.4538220578506241,0.04323052149139106,-0.24674842066146413,Kyle Singler | Elfrid Payton | Will Barton | Mike Scott | Reggie Bullock Jr.
xRAPM historical mature,positive,3,feel_iq_passing + production_stats + other,13,-0.36631427863294785,-0.3833730158730155,0.38461538461538464,0.5384615384615384,0.46153846153846156,0.07692307692307693,-0.4538220578506241,0.04323052149139106,-0.24674842066146413,Kyle Singler | Elfrid Payton | Will Barton | Mike Scott | Reggie Bullock Jr.
xRAPM historical top30,positive,3,motor_competitiveness + production_stats + intel_consensus,17,-0.36714791739599634,-0.5412037037037036,0.4117647058823529,0.7647058823529411,0.23529411764705882,0.23529411764705882,-0.4475785451914819,0.09086918349429324,-0.09555165349721978,Donovan Mitchell | CJ McCollum | Gary Harris | Goga Bitadze | Jaren Jackson Jr.
xRAPM historical top15,positive,3,creation_handle + upside_tools + defense,49,-0.37914417736742057,0.0001639344262294,0.42857142857142855,0.4897959183673469,0.5102040816326531,0.2857142857142857,-0.4938962851744226,0.13127413127413123,-0.06563706563706567,Joel Embiid | Tyrese Haliburton | Karl-Anthony Towns | Marcus Smart | Blake Griffin
xRAPM historical top15,positive,3,creation_handle + upside_tools + motor_competitiveness,50,-0.39159972873455146,0.08366662329777069,0.42,0.48,0.52,0.3,-0.5063518365415535,0.12270270270270267,-0.05135135135135138,Joel Embiid | Jamal Murray | Karl-Anthony Towns | Marcus Smart | Blake Griffin
xRAPM historical top30,positive,3,shooting + upside_tools + intel_consensus,11,-0.3921488308585081,-0.5412037037037036,0.36363636363636365,0.7272727272727273,0.2727272727272727,0.18181818181818182,-0.47257945865399364,0.04274084124830396,-0.14902758932609678,Donte DiVincenzo | Gary Harris | Dario Saric | Jaren Jackson Jr. | Jonas Valančiūnas
xRAPM historical top30,positive,3,athleticism_tools + upside_tools + intel_consensus,11,-0.3921488308585081,-0.5412037037037036,0.36363636363636365,0.7272727272727273,0.2727272727272727,0.18181818181818182,-0.47257945865399364,0.04274084124830396,-0.14902758932609678,Donte DiVincenzo | Gary Harris | Dario Saric | Jaren Jackson Jr. | Jonas Valančiūnas
xRAPM historical top30,positive,3,upside_tools + production_stats + intel_consensus,11,-0.3921488308585081,-0.5412037037037036,0.36363636363636365,0.7272727272727273,0.2727272727272727,0.18181818181818182,-0.47257945865399364,0.04274084124830396,-0.14902758932609678,Donte DiVincenzo | Gary Harris | Dario Saric | Jaren Jackson Jr. | Jonas Valančiūnas
xRAPM historical top30,positive,3,motor_competitiveness + size_frame + intel_consensus,20,-0.39452489986681544,-0.6274029271206689,0.45,0.75,0.25,0.2,-0.474955527662301,0.12910447761194033,-0.1308457711442786,Donovan Mitchell | Jusuf Nurkić | Gary Harris | Goga Bitadze | Jerian Grant
xRAPM historical top30,positive,3,feel_iq_passing + motor_competitiveness + other,11,-0.4098567225346513,-0.3833730158730155,0.36363636363636365,0.5454545454545454,0.45454545454545453,0.09090909090909091,-0.4902873503301368,0.04274084124830396,-0.2399366802351877,Kyle Singler | Elfrid Payton | Will Barton | Reggie Bullock Jr. | Skal Labissiere
xRAPM historical top15,positive,3,creation_handle + upside_tools + production_stats,51,-0.4184217511553654,-0.2654761904761904,0.45098039215686275,0.5098039215686274,0.49019607843137253,0.27450980392156865,-0.5331738589623675,0.15368309485956544,-0.07684154742978272,Joel Embiid | Tyrese Haliburton | Jamal Murray | Karl-Anthony Towns | Marcus Smart
xRAPM historical top15,positive,3,shooting + creation_handle + upside_tools,54,-0.42341438951465477,-0.1326561280249805,0.4444444444444444,0.5,0.5,0.2777777777777778,-0.5381664973216568,0.1471471471471471,-0.07357357357357358,Joel Embiid | Tyrese Haliburton | Jamal Murray | Karl-Anthony Towns | Marcus Smart
xRAPM historical mature,positive,3,finishing_touch + motor_competitiveness + intel_consensus,11,-0.43804670372227206,-0.8233730158730153,0.5454545454545454,0.6363636363636364,0.36363636363636365,0.2727272727272727,-0.5255544829399483,0.20406968233055184,-0.05094422485726835,Jusuf Nurkić | Goga Bitadze | Jon Brockman | Jerian Grant | Corey Kispert
xRAPM historical top30,positive,2,feel_iq_passing + other,12,-0.43949167819644624,-0.43144260549748337,0.4166666666666667,0.5833333333333334,0.4166666666666667,0.08333333333333333,-0.5199223059919318,0.095771144278607,-0.24751243781094528,Kyle Singler | Elfrid Payton | Will Barton | Reggie Bullock Jr. | Skal Labissiere
xRAPM historical top30,positive,3,feel_iq_passing + shooting + other,12,-0.43949167819644624,-0.43144260549748337,0.4166666666666667,0.5833333333333334,0.4166666666666667,0.08333333333333333,-0.5199223059919318,0.095771144278607,-0.24751243781094528,Kyle Singler | Elfrid Payton | Will Barton | Reggie Bullock Jr. | Skal Labissiere
xRAPM historical top30,positive,3,feel_iq_passing + athleticism_tools + other,12,-0.43949167819644624,-0.43144260549748337,0.4166666666666667,0.5833333333333334,0.4166666666666667,0.08333333333333333,-0.5199223059919318,0.095771144278607,-0.24751243781094528,Kyle Singler | Elfrid Payton | Will Barton | Reggie Bullock Jr. | Skal Labissiere
xRAPM historical top30,positive,3,feel_iq_passing + size_frame + other,12,-0.43949167819644624,-0.43144260549748337,0.4166666666666667,0.5833333333333334,0.4166666666666667,0.08333333333333333,-0.5199223059919318,0.095771144278607,-0.24751243781094528,Kyle Singler | Elfrid Payton | Will Barton | Reggie Bullock Jr. | Skal Labissiere
xRAPM historical top30,positive,3,feel_iq_passing + production_stats + other,12,-0.43949167819644624,-0.43144260549748337,0.4166666666666667,0.5833333333333334,0.4166666666666667,0.08333333333333333,-0.5199223059919318,0.095771144278607,-0.24751243781094528,Kyle Singler | Elfrid Payton | Will Barton | Reggie Bullock Jr. | Skal Labissiere
xRAPM historical top15,positive,3,creation_handle + finishing_touch + upside_tools,41,-0.43974705594805924,0.0001639344262294,0.4146341463414634,0.4878048780487805,0.5121951219512195,0.2926829268292683,-0.5544991637550613,0.11733684904416608,-0.058668424522083096,Joel Embiid | Jamal Murray | Karl-Anthony Towns | Marcus Smart | Andre Drummond
xRAPM historical mature,positive,3,feel_iq_passing + defense + other,10,-0.44656341869294264,-0.43144260549748337,0.4,0.6,0.4,0.0,-0.534071197910619,0.058615136876006446,-0.32367149758454106,Elfrid Payton | Will Barton | Mike Scott | Skal Labissiere | Rui Hachimura
xRAPM historical top15,positive,3,motor_competitiveness + size_frame + intel_consensus,13,-0.46563779611109063,-0.7136021505376343,0.46153846153846156,0.8461538461538461,0.15384615384615385,0.15384615384615385,-0.5803899039180926,0.16424116424116425,-0.19750519750519752,Donovan Mitchell | Gary Harris | Jaren Jackson Jr. | Aaron Gordon | Jonas Valančiūnas
xRAPM historical mature,positive,3,creation_handle + motor_competitiveness + intel_consensus,12,-0.4752546651874608,-0.892083333333333,0.5833333333333334,0.6666666666666666,0.3333333333333333,0.25,-0.5627624444051371,0.2419484702093398,-0.07367149758454106,CJ McCollum | Gary Harris | Jon Brockman | Jerian Grant | Dennis Schröder
xRAPM historical top15,positive,3,feel_iq_passing + motor_competitiveness + intel_consensus,12,-0.4789894394406997,-0.5467191080557026,0.4166666666666667,0.8333333333333334,0.16666666666666666,0.16666666666666666,-0.5937415472477018,0.11936936936936937,-0.1846846846846847,CJ McCollum | Gary Harris | Jaren Jackson Jr. | Aaron Gordon | Jonas Valančiūnas
xRAPM historical mature,positive,3,upside_tools + defense + intel_consensus,10,-0.49917588325652834,-0.6274029271206689,0.4,0.8,0.2,0.2,-0.5866836624742047,0.058615136876006446,-0.12367149758454105,Donte DiVincenzo | Gary Harris | Jaren Jackson Jr. | Jonas Valančiūnas | Dennis Schröder
xRAPM historical top30,positive,3,upside_tools + defense + intel_consensus,10,-0.49917588325652834,-0.6274029271206689,0.4,0.8,0.2,0.2,-0.5796065110520139,0.07910447761194034,-0.1308457711442786,Donte DiVincenzo | Gary Harris | Jaren Jackson Jr. | Jonas Valančiūnas | Dennis Schröder
xRAPM historical mature,positive,3,motor_competitiveness + size_frame + other,14,-0.5088249051377912,-0.43144260549748337,0.42857142857142855,0.5714285714285714,0.42857142857142855,0.07142857142857142,-0.5963326843554675,0.08718656544743497,-0.25224292615596966,Kyle Singler | Elfrid Payton | Will Barton | Mike Scott | Reggie Bullock Jr.
xRAPM historical mature,positive,3,motor_competitiveness + production_stats + other,14,-0.5088249051377912,-0.43144260549748337,0.42857142857142855,0.5714285714285714,0.42857142857142855,0.07142857142857142,-0.5963326843554675,0.08718656544743497,-0.25224292615596966,Kyle Singler | Elfrid Payton | Will Barton | Mike Scott | Reggie Bullock Jr.
xRAPM historical mature,positive,2,finishing_touch + intel_consensus,12,-0.5099764537207246,-0.892083333333333,0.5833333333333334,0.6666666666666666,0.3333333333333333,0.25,-0.5974842329384009,0.2419484702093398,-0.07367149758454106,Jusuf Nurkić | Goga Bitadze | Jon Brockman | Jerian Grant | Corey Kispert
xRAPM historical mature,positive,3,finishing_touch + athleticism_tools + intel_consensus,12,-0.5099764537207246,-0.892083333333333,0.5833333333333334,0.6666666666666666,0.3333333333333333,0.25,-0.5974842329384009,0.2419484702093398,-0.07367149758454106,Jusuf Nurkić | Goga Bitadze | Jon Brockman | Jerian Grant | Corey Kispert
xRAPM historical mature,positive,3,finishing_touch + size_frame + intel_consensus,12,-0.5099764537207246,-0.892083333333333,0.5833333333333334,0.6666666666666666,0.3333333333333333,0.25,-0.5974842329384009,0.2419484702093398,-0.07367149758454106,Jusuf Nurkić | Goga Bitadze | Jon Brockman | Jerian Grant | Corey Kispert
xRAPM historical mature,positive,2,size_frame + other,15,-0.5259349908270179,-0.4795121951219512,0.4666666666666667,0.6,0.4,0.06666666666666667,-0.6134427700446942,0.1252818035426731,-0.2570048309178744,Kyle Singler | Elfrid Payton | Will Barton | Mike Scott | Reggie Bullock Jr.
xRAPM historical mature,positive,2,production_stats + other,15,-0.5259349908270179,-0.4795121951219512,0.4666666666666667,0.6,0.4,0.06666666666666667,-0.6134427700446942,0.1252818035426731,-0.2570048309178744,Kyle Singler | Elfrid Payton | Will Barton | Mike Scott | Reggie Bullock Jr.
xRAPM historical mature,positive,3,shooting + size_frame + other,15,-0.5259349908270179,-0.4795121951219512,0.4666666666666667,0.6,0.4,0.06666666666666667,-0.6134427700446942,0.1252818035426731,-0.2570048309178744,Kyle Singler | Elfrid Payton | Will Barton | Mike Scott | Reggie Bullock Jr.
xRAPM historical mature,positive,3,shooting + production_stats + other,15,-0.5259349908270179,-0.4795121951219512,0.4666666666666667,0.6,0.4,0.06666666666666667,-0.6134427700446942,0.1252818035426731,-0.2570048309178744,Kyle Singler | Elfrid Payton | Will Barton | Mike Scott | Reggie Bullock Jr.
xRAPM historical mature,positive,3,athleticism_tools + size_frame + other,15,-0.5259349908270179,-0.4795121951219512,0.4666666666666667,0.6,0.4,0.06666666666666667,-0.6134427700446942,0.1252818035426731,-0.2570048309178744,Kyle Singler | Elfrid Payton | Will Barton | Mike Scott | Reggie Bullock Jr.
xRAPM historical mature,positive,3,athleticism_tools + production_stats + other,15,-0.5259349908270179,-0.4795121951219512,0.4666666666666667,0.6,0.4,0.06666666666666667,-0.6134427700446942,0.1252818035426731,-0.2570048309178744,Kyle Singler | Elfrid Payton | Will Barton | Mike Scott | Reggie Bullock Jr.
xRAPM historical mature,positive,3,size_frame + production_stats + other,15,-0.5259349908270179,-0.4795121951219512,0.4666666666666667,0.6,0.4,0.06666666666666667,-0.6134427700446942,0.1252818035426731,-0.2570048309178744,Kyle Singler | Elfrid Payton | Will Barton | Mike Scott | Reggie Bullock Jr.
xRAPM historical mature,positive,3,defense + size_frame + other,11,-0.5502488510484183,-0.4795121951219512,0.45454545454545453,0.6363636363636364,0.36363636363636365,0.0,-0.6377566302660945,0.11316059142146095,-0.32367149758454106,Elfrid Payton | Will Barton | Mike Scott | Skal Labissiere | Rui Hachimura
xRAPM historical mature,positive,3,defense + production_stats + other,11,-0.5502488510484183,-0.4795121951219512,0.45454545454545453,0.6363636363636364,0.36363636363636365,0.0,-0.6377566302660945,0.11316059142146095,-0.32367149758454106,Elfrid Payton | Will Barton | Mike Scott | Skal Labissiere | Rui Hachimura
xRAPM historical mature,positive,3,shooting + finishing_touch + intel_consensus,10,-0.5759024493633165,-0.892083333333333,0.6,0.7,0.3,0.2,-0.6634102285809927,0.2586151368760064,-0.12367149758454105,Jusuf Nurkić | Goga Bitadze | Jerian Grant | Corey Kispert | Trey Burke
xRAPM historical top30,positive,3,shooting + finishing_touch + intel_consensus,10,-0.5759024493633165,-0.892083333333333,0.6,0.7,0.3,0.2,-0.6563330771588021,0.2791044776119403,-0.1308457711442786,Jusuf Nurkić | Goga Bitadze | Jerian Grant | Corey Kispert | Trey Burke
xRAPM historical top30,positive,3,finishing_touch + motor_competitiveness + intel_consensus,10,-0.5759024493633165,-0.892083333333333,0.6,0.7,0.3,0.2,-0.6563330771588021,0.2791044776119403,-0.1308457711442786,Jusuf Nurkić | Goga Bitadze | Jerian Grant | Corey Kispert | Trey Burke
xRAPM historical top30,positive,2,motor_competitiveness + other,13,-0.5873356298506238,-0.4795121951219512,0.46153846153846156,0.6153846153846154,0.38461538461538464,0.07692307692307693,-0.6677662576461094,0.14064293915040188,-0.2539226942212017,Kyle Singler | Elfrid Payton | Will Barton | Reggie Bullock Jr. | Skal Labissiere
xRAPM historical top30,positive,3,shooting + motor_competitiveness + other,13,-0.5873356298506238,-0.4795121951219512,0.46153846153846156,0.6153846153846154,0.38461538461538464,0.07692307692307693,-0.6677662576461094,0.14064293915040188,-0.2539226942212017,Kyle Singler | Elfrid Payton | Will Barton | Reggie Bullock Jr. | Skal Labissiere
xRAPM historical top30,positive,3,athleticism_tools + motor_competitiveness + other,13,-0.5873356298506238,-0.4795121951219512,0.46153846153846156,0.6153846153846154,0.38461538461538464,0.07692307692307693,-0.6677662576461094,0.14064293915040188,-0.2539226942212017,Kyle Singler | Elfrid Payton | Will Barton | Reggie Bullock Jr. | Skal Labissiere
xRAPM historical top30,positive,3,motor_competitiveness + size_frame + other,13,-0.5873356298506238,-0.4795121951219512,0.46153846153846156,0.6153846153846154,0.38461538461538464,0.07692307692307693,-0.6677662576461094,0.14064293915040188,-0.2539226942212017,Kyle Singler | Elfrid Payton | Will Barton | Reggie Bullock Jr. | Skal Labissiere
xRAPM historical top30,positive,3,motor_competitiveness + production_stats + other,13,-0.5873356298506238,-0.4795121951219512,0.46153846153846156,0.6153846153846154,0.38461538461538464,0.07692307692307693,-0.6677662576461094,0.14064293915040188,-0.2539226942212017,Kyle Singler | Elfrid Payton | Will Barton | Reggie Bullock Jr. | Skal Labissiere
xRAPM historical top30,positive,2,shooting + other,14,-0.6000599556095929,-0.6224941927990709,0.5,0.6428571428571429,0.35714285714285715,0.07142857142857142,-0.6804905834050785,0.17910447761194032,-0.2594171997157072,Kyle Singler | Elfrid Payton | Will Barton | Reggie Bullock Jr. | Skal Labissiere
xRAPM historical top30,positive,2,athleticism_tools + other,14,-0.6000599556095929,-0.6224941927990709,0.5,0.6428571428571429,0.35714285714285715,0.07142857142857142,-0.6804905834050785,0.17910447761194032,-0.2594171997157072,Kyle Singler | Elfrid Payton | Will Barton | Reggie Bullock Jr. | Skal Labissiere
xRAPM historical top30,positive,2,size_frame + other,14,-0.6000599556095929,-0.6224941927990709,0.5,0.6428571428571429,0.35714285714285715,0.07142857142857142,-0.6804905834050785,0.17910447761194032,-0.2594171997157072,Kyle Singler | Elfrid Payton | Will Barton | Reggie Bullock Jr. | Skal Labissiere
xRAPM historical top30,positive,2,production_stats + other,14,-0.6000599556095929,-0.6224941927990709,0.5,0.6428571428571429,0.35714285714285715,0.07142857142857142,-0.6804905834050785,0.17910447761194032,-0.2594171997157072,Kyle Singler | Elfrid Payton | Will Barton | Reggie Bullock Jr. | Skal Labissiere
xRAPM historical top30,positive,3,shooting + athleticism_tools + other,14,-0.6000599556095929,-0.6224941927990709,0.5,0.6428571428571429,0.35714285714285715,0.07142857142857142,-0.6804905834050785,0.17910447761194032,-0.2594171997157072,Kyle Singler | Elfrid Payton | Will Barton | Reggie Bullock Jr. | Skal Labissiere
xRAPM historical top30,positive,3,shooting + size_frame + other,14,-0.6000599556095929,-0.6224941927990709,0.5,0.6428571428571429,0.35714285714285715,0.07142857142857142,-0.6804905834050785,0.17910447761194032,-0.2594171997157072,Kyle Singler | Elfrid Payton | Will Barton | Reggie Bullock Jr. | Skal Labissiere
xRAPM historical top30,positive,3,shooting + production_stats + other,14,-0.6000599556095929,-0.6224941927990709,0.5,0.6428571428571429,0.35714285714285715,0.07142857142857142,-0.6804905834050785,0.17910447761194032,-0.2594171997157072,Kyle Singler | Elfrid Payton | Will Barton | Reggie Bullock Jr. | Skal Labissiere
xRAPM historical top30,positive,3,athleticism_tools + size_frame + other,14,-0.6000599556095929,-0.6224941927990709,0.5,0.6428571428571429,0.35714285714285715,0.07142857142857142,-0.6804905834050785,0.17910447761194032,-0.2594171997157072,Kyle Singler | Elfrid Payton | Will Barton | Reggie Bullock Jr. | Skal Labissiere
xRAPM historical top30,positive,3,athleticism_tools + production_stats + other,14,-0.6000599556095929,-0.6224941927990709,0.5,0.6428571428571429,0.35714285714285715,0.07142857142857142,-0.6804905834050785,0.17910447761194032,-0.2594171997157072,Kyle Singler | Elfrid Payton | Will Barton | Reggie Bullock Jr. | Skal Labissiere
xRAPM historical top30,positive,3,size_frame + production_stats + other,14,-0.6000599556095929,-0.6224941927990709,0.5,0.6428571428571429,0.35714285714285715,0.07142857142857142,-0.6804905834050785,0.17910447761194032,-0.2594171997157072,Kyle Singler | Elfrid Payton | Will Barton | Reggie Bullock Jr. | Skal Labissiere
xRAPM historical top30,positive,3,creation_handle + motor_competitiveness + intel_consensus,11,-0.6039606122670637,-0.9607936507936508,0.6363636363636364,0.7272727272727273,0.2727272727272727,0.18181818181818182,-0.6843912400625491,0.31546811397557667,-0.14902758932609678,CJ McCollum | Gary Harris | Jerian Grant | Dennis Schröder | Trey Burke
xRAPM historical mature,positive,2,motor_competitiveness + other,15,-0.6075381654301923,-0.4795121951219512,0.4666666666666667,0.6,0.4,0.06666666666666667,-0.6950459446478686,0.1252818035426731,-0.2570048309178744,Kyle Singler | Elfrid Payton | Will Barton | Mike Scott | Reggie Bullock Jr.
xRAPM historical mature,positive,3,shooting + motor_competitiveness + other,15,-0.6075381654301923,-0.4795121951219512,0.4666666666666667,0.6,0.4,0.06666666666666667,-0.6950459446478686,0.1252818035426731,-0.2570048309178744,Kyle Singler | Elfrid Payton | Will Barton | Mike Scott | Reggie Bullock Jr.
xRAPM historical mature,positive,3,athleticism_tools + motor_competitiveness + other,15,-0.6075381654301923,-0.4795121951219512,0.4666666666666667,0.6,0.4,0.06666666666666667,-0.6950459446478686,0.1252818035426731,-0.2570048309178744,Kyle Singler | Elfrid Payton | Will Barton | Mike Scott | Reggie Bullock Jr.
xRAPM historical mature,positive,2,shooting + other,16,-0.6174092919955673,-0.6224941927990709,0.5,0.625,0.375,0.0625,-0.7049170712132435,0.15861513687600642,-0.26117149758454106,Kyle Singler | Elfrid Payton | Will Barton | Mike Scott | Reggie Bullock Jr.
xRAPM historical mature,positive,2,athleticism_tools + other,16,-0.6174092919955673,-0.6224941927990709,0.5,0.625,0.375,0.0625,-0.7049170712132435,0.15861513687600642,-0.26117149758454106,Kyle Singler | Elfrid Payton | Will Barton | Mike Scott | Reggie Bullock Jr.
xRAPM historical mature,positive,3,shooting + athleticism_tools + other,16,-0.6174092919955673,-0.6224941927990709,0.5,0.625,0.375,0.0625,-0.7049170712132435,0.15861513687600642,-0.26117149758454106,Kyle Singler | Elfrid Payton | Will Barton | Mike Scott | Reggie Bullock Jr.
xRAPM historical top30,positive,3,finishing_touch + athleticism_tools + intel_consensus,11,-0.6418389270306244,-0.9607936507936508,0.6363636363636364,0.7272727272727273,0.2727272727272727,0.18181818181818182,-0.72226955482611,0.31546811397557667,-0.14902758932609678,Jusuf Nurkić | Goga Bitadze | Jerian Grant | Corey Kispert | Trey Burke
xRAPM historical top30,positive,3,finishing_touch + size_frame + intel_consensus,11,-0.6418389270306244,-0.9607936507936508,0.6363636363636364,0.7272727272727273,0.2727272727272727,0.18181818181818182,-0.72226955482611,0.31546811397557667,-0.14902758932609678,Jusuf Nurkić | Goga Bitadze | Jerian Grant | Corey Kispert | Trey Burke
xRAPM historical top30,positive,3,shooting + defense + other,10,-0.6564551877661633,-0.6224941927990709,0.5,0.7,0.3,0.0,-0.7368858155616489,0.17910447761194032,-0.3308457711442786,Elfrid Payton | Will Barton | Skal Labissiere | Rui Hachimura | Bruno Fernando
xRAPM historical top30,positive,3,athleticism_tools + defense + other,10,-0.6564551877661633,-0.6224941927990709,0.5,0.7,0.3,0.0,-0.7368858155616489,0.17910447761194032,-0.3308457711442786,Elfrid Payton | Will Barton | Skal Labissiere | Rui Hachimura | Bruno Fernando
xRAPM historical top30,positive,3,defense + size_frame + other,10,-0.6564551877661633,-0.6224941927990709,0.5,0.7,0.3,0.0,-0.7368858155616489,0.17910447761194032,-0.3308457711442786,Elfrid Payton | Will Barton | Skal Labissiere | Rui Hachimura | Bruno Fernando
xRAPM historical top30,positive,3,defense + production_stats + other,10,-0.6564551877661633,-0.6224941927990709,0.5,0.7,0.3,0.0,-0.7368858155616489,0.17910447761194032,-0.3308457711442786,Elfrid Payton | Will Barton | Skal Labissiere | Rui Hachimura | Bruno Fernando
xRAPM historical mature,positive,3,upside_tools + size_frame + intel_consensus,10,-0.6572433435739886,-0.6274029271206689,0.4,0.8,0.2,0.1,-0.7447511227916649,0.058615136876006446,-0.22367149758454105,Gary Harris | Dario Saric | Jaren Jackson Jr. | Jonas Valančiūnas | Dennis Schröder
xRAPM historical top30,positive,3,upside_tools + size_frame + intel_consensus,10,-0.6572433435739886,-0.6274029271206689,0.4,0.8,0.2,0.1,-0.7376739713694742,0.07910447761194034,-0.2308457711442786,Gary Harris | Dario Saric | Jaren Jackson Jr. | Jonas Valančiūnas | Dennis Schröder
xRAPM historical mature,positive,3,defense + motor_competitiveness + other,11,-0.6615259073254744,-0.4795121951219512,0.45454545454545453,0.6363636363636364,0.36363636363636365,0.0,-0.7490336865431507,0.11316059142146095,-0.32367149758454106,Elfrid Payton | Will Barton | Mike Scott | Skal Labissiere | Rui Hachimura
xRAPM historical mature,positive,2,defense + other,12,-0.6701884309213675,-0.6224941927990709,0.5,0.6666666666666666,0.3333333333333333,0.0,-0.7576962101390438,0.15861513687600642,-0.32367149758454106,Elfrid Payton | Will Barton | Mike Scott | Skal Labissiere | Rui Hachimura
xRAPM historical mature,positive,3,shooting + defense + other,12,-0.6701884309213675,-0.6224941927990709,0.5,0.6666666666666666,0.3333333333333333,0.0,-0.7576962101390438,0.15861513687600642,-0.32367149758454106,Elfrid Payton | Will Barton | Mike Scott | Skal Labissiere | Rui Hachimura
xRAPM historical mature,positive,3,athleticism_tools + defense + other,12,-0.6701884309213675,-0.6224941927990709,0.5,0.6666666666666666,0.3333333333333333,0.0,-0.7576962101390438,0.15861513687600642,-0.32367149758454106,Elfrid Payton | Will Barton | Mike Scott | Skal Labissiere | Rui Hachimura
xRAPM historical mature,positive,3,upside_tools + size_frame + other,10,-0.8002474017134912,-1.13484126984127,0.6,0.7,0.3,0.0,-0.8877551809311675,0.2586151368760064,-0.32367149758454106,Will Barton | Mike Scott | Skal Labissiere | Rui Hachimura | Ben McLemore
xRAPM historical mature,positive,3,upside_tools + production_stats + other,10,-0.8002474017134912,-1.13484126984127,0.6,0.7,0.3,0.0,-0.8877551809311675,0.2586151368760064,-0.32367149758454106,Will Barton | Mike Scott | Skal Labissiere | Rui Hachimura | Ben McLemore
xRAPM historical mature,positive,3,shooting + creation_handle + other,10,-0.8994864133711594,-1.13484126984127,0.6,0.8,0.2,0.0,-0.9869941925888357,0.2586151368760064,-0.32367149758454106,Elfrid Payton | Skal Labissiere | Rui Hachimura | Bruno Fernando | Ben McLemore
xRAPM historical mature,positive,3,creation_handle + athleticism_tools + other,10,-0.8994864133711594,-1.13484126984127,0.6,0.8,0.2,0.0,-0.9869941925888357,0.2586151368760064,-0.32367149758454106,Elfrid Payton | Skal Labissiere | Rui Hachimura | Bruno Fernando | Ben McLemore
xRAPM historical mature,positive,3,creation_handle + size_frame + other,10,-0.8994864133711594,-1.13484126984127,0.6,0.8,0.2,0.0,-0.9869941925888357,0.2586151368760064,-0.32367149758454106,Elfrid Payton | Skal Labissiere | Rui Hachimura | Bruno Fernando | Ben McLemore
xRAPM historical mature,positive,3,creation_handle + production_stats + other,10,-0.8994864133711594,-1.13484126984127,0.6,0.8,0.2,0.0,-0.9869941925888357,0.2586151368760064,-0.32367149758454106,Elfrid Payton | Skal Labissiere | Rui Hachimura | Bruno Fernando | Ben McLemore
xRAPM historical top30,positive,3,shooting + creation_handle + other,10,-0.8994864133711594,-1.13484126984127,0.6,0.8,0.2,0.0,-0.9799170411666449,0.2791044776119403,-0.3308457711442786,Elfrid Payton | Skal Labissiere | Rui Hachimura | Bruno Fernando | Ben McLemore
xRAPM historical top30,positive,3,creation_handle + athleticism_tools + other,10,-0.8994864133711594,-1.13484126984127,0.6,0.8,0.2,0.0,-0.9799170411666449,0.2791044776119403,-0.3308457711442786,Elfrid Payton | Skal Labissiere | Rui Hachimura | Bruno Fernando | Ben McLemore
xRAPM historical top30,positive,3,creation_handle + size_frame + other,10,-0.8994864133711594,-1.13484126984127,0.6,0.8,0.2,0.0,-0.9799170411666449,0.2791044776119403,-0.3308457711442786,Elfrid Payton | Skal Labissiere | Rui Hachimura | Bruno Fernando | Ben McLemore
xRAPM historical top30,positive,3,creation_handle + production_stats + other,10,-0.8994864133711594,-1.13484126984127,0.6,0.8,0.2,0.0,-0.9799170411666449,0.2791044776119403,-0.3308457711442786,Elfrid Payton | Skal Labissiere | Rui Hachimura | Bruno Fernando | Ben McLemore
xRAPM historical mature,positive,3,shooting + upside_tools + other,11,-0.9083634387871565,-1.504206349206349,0.6363636363636364,0.7272727272727273,0.2727272727272727,0.0,-0.9958712180048328,0.2949787732396428,-0.32367149758454106,Will Barton | Mike Scott | Skal Labissiere | Rui Hachimura | Ben McLemore
xRAPM historical mature,positive,3,athleticism_tools + upside_tools + other,11,-0.9083634387871565,-1.504206349206349,0.6363636363636364,0.7272727272727273,0.2727272727272727,0.0,-0.9958712180048328,0.2949787732396428,-0.32367149758454106,Will Barton | Mike Scott | Skal Labissiere | Rui Hachimura | Ben McLemore
xRAPM historical mature,positive,3,upside_tools + motor_competitiveness + other,10,-0.9226521636182529,-1.5220212073900603,0.6,0.7,0.3,0.0,-1.0101599428359291,0.2586151368760064,-0.32367149758454106,Will Barton | Mike Scott | Skal Labissiere | Rui Hachimura | Andrew Wiggins
